DateTime,Junction,Predicted_Vehicles
2017-07-01 00:00:00,1,68.6
2017-07-01 01:00:00,1,59.39
2017-07-01 02:00:00,1,46.29
2017-07-01 03:00:00,1,37.22
2017-07-01 04:00:00,1,29.91
2017-07-01 05:00:00,1,29.72
2017-07-01 06:00:00,1,31.84
2017-07-01 07:00:00,1,32.55
2017-07-01 08:00:00,1,38.91
2017-07-01 09:00:00,1,40.79
2017-07-01 10:00:00,1,56.9
2017-07-01 11:00:00,1,58.74
2017-07-01 12:00:00,1,57.98
2017-07-01 13:00:00,1,55.04
2017-07-01 14:00:00,1,55.54
2017-07-01 15:00:00,1,52.96
2017-07-01 16:00:00,1,51.77
2017-07-01 17:00:00,1,52.74
2017-07-01 18:00:00,1,55.09
2017-07-01 19:00:00,1,59.88
2017-07-01 20:00:00,1,63.64
2017-07-01 21:00:00,1,64.85
2017-07-01 22:00:00,1,63.34
2017-07-01 23:00:00,1,62.99
2017-07-02 00:00:00,1,47.56
2017-07-02 01:00:00,1,41.13
2017-07-02 02:00:00,1,31.28
2017-07-02 03:00:00,1,28.82
2017-07-02 04:00:00,1,27.12
2017-07-02 05:00:00,1,27.69
2017-07-02 06:00:00,1,29.88
2017-07-02 07:00:00,1,33.92
2017-07-02 08:00:00,1,35.71
2017-07-02 09:00:00,1,43.96
2017-07-02 10:00:00,1,53.86
2017-07-02 11:00:00,1,56.58
2017-07-02 12:00:00,1,55.9
2017-07-02 13:00:00,1,53.58
2017-07-02 14:00:00,1,52.88
2017-07-02 15:00:00,1,50.88
2017-07-02 16:00:00,1,51.15
2017-07-02 17:00:00,1,52.11
2017-07-02 18:00:00,1,65.35
2017-07-02 19:00:00,1,67.09
2017-07-02 20:00:00,1,66.9
2017-07-02 21:00:00,1,67.27
2017-07-02 22:00:00,1,68.62
2017-07-02 23:00:00,1,67.48
2017-07-03 00:00:00,1,53.7
2017-07-03 01:00:00,1,43.94
2017-07-03 02:00:00,1,37.61
2017-07-03 03:00:00,1,37.08
2017-07-03 04:00:00,1,33.0
2017-07-03 05:00:00,1,32.32
2017-07-03 06:00:00,1,37.05
2017-07-03 07:00:00,1,47.52
2017-07-03 08:00:00,1,55.99
2017-07-03 09:00:00,1,62.57
2017-07-03 10:00:00,1,85.73
2017-07-03 11:00:00,1,97.85
2017-07-03 12:00:00,1,100.99
2017-07-03 13:00:00,1,97.02
2017-07-03 14:00:00,1,98.15
2017-07-03 15:00:00,1,97.61
2017-07-03 16:00:00,1,93.59
2017-07-03 17:00:00,1,91.68
2017-07-03 18:00:00,1,94.22
2017-07-03 19:00:00,1,95.65
2017-07-03 20:00:00,1,93.71
2017-07-03 21:00:00,1,91.6
2017-07-03 22:00:00,1,89.91
2017-07-03 23:00:00,1,88.23
2017-07-04 00:00:00,1,77.22
2017-07-04 01:00:00,1,72.52
2017-07-04 02:00:00,1,57.02
2017-07-04 03:00:00,1,47.86
2017-07-04 04:00:00,1,39.5
2017-07-04 05:00:00,1,40.67
2017-07-04 06:00:00,1,45.28
2017-07-04 07:00:00,1,51.2
2017-07-04 08:00:00,1,60.2
2017-07-04 09:00:00,1,65.18
2017-07-04 10:00:00,1,87.97
2017-07-04 11:00:00,1,101.87
2017-07-04 12:00:00,1,104.86
2017-07-04 13:00:00,1,102.28
2017-07-04 14:00:00,1,103.09
2017-07-04 15:00:00,1,103.43
2017-07-04 16:00:00,1,100.26
2017-07-04 17:00:00,1,98.79
2017-07-04 18:00:00,1,101.78
2017-07-04 19:00:00,1,102.7
2017-07-04 20:00:00,1,99.63
2017-07-04 21:00:00,1,94.63
2017-07-04 22:00:00,1,92.44
2017-07-04 23:00:00,1,89.59
2017-07-05 00:00:00,1,79.82
2017-07-05 01:00:00,1,75.56
2017-07-05 02:00:00,1,58.86
2017-07-05 03:00:00,1,51.65
2017-07-05 04:00:00,1,40.21
2017-07-05 05:00:00,1,42.85
2017-07-05 06:00:00,1,46.09
2017-07-05 07:00:00,1,54.05
2017-07-05 08:00:00,1,61.84
2017-07-05 09:00:00,1,71.42
2017-07-05 10:00:00,1,87.72
2017-07-05 11:00:00,1,102.44
2017-07-05 12:00:00,1,105.34
2017-07-05 13:00:00,1,100.81
2017-07-05 14:00:00,1,102.79
2017-07-05 15:00:00,1,103.79
2017-07-05 16:00:00,1,100.29
2017-07-05 17:00:00,1,99.07
2017-07-05 18:00:00,1,101.07
2017-07-05 19:00:00,1,101.43
2017-07-05 20:00:00,1,98.73
2017-07-05 21:00:00,1,93.54
2017-07-05 22:00:00,1,92.62
2017-07-05 23:00:00,1,90.2
2017-07-06 00:00:00,1,79.74
2017-07-06 01:00:00,1,68.11
2017-07-06 02:00:00,1,56.67
2017-07-06 03:00:00,1,46.93
2017-07-06 04:00:00,1,41.73
2017-07-06 05:00:00,1,41.14
2017-07-06 06:00:00,1,46.48
2017-07-06 07:00:00,1,52.07
2017-07-06 08:00:00,1,59.19
2017-07-06 09:00:00,1,71.38
2017-07-06 10:00:00,1,96.91
2017-07-06 11:00:00,1,110.58
2017-07-06 12:00:00,1,110.71
2017-07-06 13:00:00,1,103.23
2017-07-06 14:00:00,1,109.74
2017-07-06 15:00:00,1,111.31
2017-07-06 16:00:00,1,109.69
2017-07-06 17:00:00,1,114.05
2017-07-06 18:00:00,1,115.57
2017-07-06 19:00:00,1,117.7
2017-07-06 20:00:00,1,113.57
2017-07-06 21:00:00,1,102.85
2017-07-06 22:00:00,1,97.11
2017-07-06 23:00:00,1,93.29
2017-07-07 00:00:00,1,82.9
2017-07-07 01:00:00,1,70.51
2017-07-07 02:00:00,1,58.75
2017-07-07 03:00:00,1,47.74
2017-07-07 04:00:00,1,41.59
2017-07-07 05:00:00,1,40.15
2017-07-07 06:00:00,1,45.99
2017-07-07 07:00:00,1,52.85
2017-07-07 08:00:00,1,59.34
2017-07-07 09:00:00,1,72.61
2017-07-07 10:00:00,1,87.79
2017-07-07 11:00:00,1,98.12
2017-07-07 12:00:00,1,100.14
2017-07-07 13:00:00,1,95.7
2017-07-07 14:00:00,1,98.46
2017-07-07 15:00:00,1,97.59
2017-07-07 16:00:00,1,91.63
2017-07-07 17:00:00,1,87.93
2017-07-07 18:00:00,1,92.82
2017-07-07 19:00:00,1,94.75
2017-07-07 20:00:00,1,92.1
2017-07-07 21:00:00,1,79.79
2017-07-07 22:00:00,1,78.24
2017-07-07 23:00:00,1,75.13
2017-07-08 00:00:00,1,67.15
2017-07-08 01:00:00,1,57.86
2017-07-08 02:00:00,1,46.14
2017-07-08 03:00:00,1,36.99
2017-07-08 04:00:00,1,33.08
2017-07-08 05:00:00,1,28.23
2017-07-08 06:00:00,1,31.58
2017-07-08 07:00:00,1,33.93
2017-07-08 08:00:00,1,39.16
2017-07-08 09:00:00,1,43.37
2017-07-08 10:00:00,1,53.11
2017-07-08 11:00:00,1,56.59
2017-07-08 12:00:00,1,57.04
2017-07-08 13:00:00,1,54.47
2017-07-08 14:00:00,1,54.38
2017-07-08 15:00:00,1,51.89
2017-07-08 16:00:00,1,52.53
2017-07-08 17:00:00,1,53.95
2017-07-08 18:00:00,1,57.9
2017-07-08 19:00:00,1,65.76
2017-07-08 20:00:00,1,67.81
2017-07-08 21:00:00,1,64.77
2017-07-08 22:00:00,1,64.36
2017-07-08 23:00:00,1,62.28
2017-07-09 00:00:00,1,53.08
2017-07-09 01:00:00,1,42.49
2017-07-09 02:00:00,1,38.1
2017-07-09 03:00:00,1,34.71
2017-07-09 04:00:00,1,27.39
2017-07-09 05:00:00,1,26.7
2017-07-09 06:00:00,1,29.72
2017-07-09 07:00:00,1,37.33
2017-07-09 08:00:00,1,38.88
2017-07-09 09:00:00,1,44.46
2017-07-09 10:00:00,1,50.06
2017-07-09 11:00:00,1,53.26
2017-07-09 12:00:00,1,53.31
2017-07-09 13:00:00,1,51.43
2017-07-09 14:00:00,1,51.19
2017-07-09 15:00:00,1,50.74
2017-07-09 16:00:00,1,52.33
2017-07-09 17:00:00,1,52.26
2017-07-09 18:00:00,1,62.83
2017-07-09 19:00:00,1,71.14
2017-07-09 20:00:00,1,73.69
2017-07-09 21:00:00,1,70.46
2017-07-09 22:00:00,1,69.06
2017-07-09 23:00:00,1,68.67
2017-07-10 00:00:00,1,57.85
2017-07-10 01:00:00,1,49.63
2017-07-10 02:00:00,1,38.89
2017-07-10 03:00:00,1,38.19
2017-07-10 04:00:00,1,32.78
2017-07-10 05:00:00,1,33.17
2017-07-10 06:00:00,1,40.41
2017-07-10 07:00:00,1,49.07
2017-07-10 08:00:00,1,56.38
2017-07-10 09:00:00,1,66.76
2017-07-10 10:00:00,1,93.13
2017-07-10 11:00:00,1,111.0
2017-07-10 12:00:00,1,111.51
2017-07-10 13:00:00,1,107.69
2017-07-10 14:00:00,1,111.48
2017-07-10 15:00:00,1,112.23
2017-07-10 16:00:00,1,109.73
2017-07-10 17:00:00,1,109.55
2017-07-10 18:00:00,1,111.08
2017-07-10 19:00:00,1,113.81
2017-07-10 20:00:00,1,107.47
2017-07-10 21:00:00,1,98.82
2017-07-10 22:00:00,1,92.59
2017-07-10 23:00:00,1,90.11
2017-07-11 00:00:00,1,81.33
2017-07-11 01:00:00,1,73.84
2017-07-11 02:00:00,1,59.11
2017-07-11 03:00:00,1,49.38
2017-07-11 04:00:00,1,41.7
2017-07-11 05:00:00,1,39.5
2017-07-11 06:00:00,1,44.96
2017-07-11 07:00:00,1,53.18
2017-07-11 08:00:00,1,59.94
2017-07-11 09:00:00,1,68.18
2017-07-11 10:00:00,1,90.25
2017-07-11 11:00:00,1,113.72
2017-07-11 12:00:00,1,114.27
2017-07-11 13:00:00,1,105.63
2017-07-11 14:00:00,1,112.77
2017-07-11 15:00:00,1,112.07
2017-07-11 16:00:00,1,110.86
2017-07-11 17:00:00,1,114.53
2017-07-11 18:00:00,1,117.88
2017-07-11 19:00:00,1,119.36
2017-07-11 20:00:00,1,112.97
2017-07-11 21:00:00,1,103.36
2017-07-11 22:00:00,1,95.09
2017-07-11 23:00:00,1,91.67
2017-07-12 00:00:00,1,83.73
2017-07-12 01:00:00,1,74.93
2017-07-12 02:00:00,1,59.92
2017-07-12 03:00:00,1,52.77
2017-07-12 04:00:00,1,42.45
2017-07-12 05:00:00,1,40.39
2017-07-12 06:00:00,1,45.69
2017-07-12 07:00:00,1,54.43
2017-07-12 08:00:00,1,61.45
2017-07-12 09:00:00,1,69.35
2017-07-12 10:00:00,1,89.71
2017-07-12 11:00:00,1,112.49
2017-07-12 12:00:00,1,113.01
2017-07-12 13:00:00,1,103.85
2017-07-12 14:00:00,1,109.88
2017-07-12 15:00:00,1,109.25
2017-07-12 16:00:00,1,104.43
2017-07-12 17:00:00,1,104.84
2017-07-12 18:00:00,1,111.42
2017-07-12 19:00:00,1,110.47
2017-07-12 20:00:00,1,105.8
2017-07-12 21:00:00,1,99.36
2017-07-12 22:00:00,1,93.3
2017-07-12 23:00:00,1,89.62
2017-07-13 00:00:00,1,82.01
2017-07-13 01:00:00,1,68.72
2017-07-13 02:00:00,1,57.05
2017-07-13 03:00:00,1,48.76
2017-07-13 04:00:00,1,42.79
2017-07-13 05:00:00,1,40.31
2017-07-13 06:00:00,1,45.98
2017-07-13 07:00:00,1,50.73
2017-07-13 08:00:00,1,58.16
2017-07-13 09:00:00,1,70.4
2017-07-13 10:00:00,1,91.31
2017-07-13 11:00:00,1,111.71
2017-07-13 12:00:00,1,112.32
2017-07-13 13:00:00,1,101.6
2017-07-13 14:00:00,1,108.17
2017-07-13 15:00:00,1,106.98
2017-07-13 16:00:00,1,101.94
2017-07-13 17:00:00,1,102.32
2017-07-13 18:00:00,1,107.38
2017-07-13 19:00:00,1,108.96
2017-07-13 20:00:00,1,105.35
2017-07-13 21:00:00,1,96.23
2017-07-13 22:00:00,1,91.42
2017-07-13 23:00:00,1,88.6
2017-07-14 00:00:00,1,81.89
2017-07-14 01:00:00,1,69.18
2017-07-14 02:00:00,1,58.45
2017-07-14 03:00:00,1,47.98
2017-07-14 04:00:00,1,41.29
2017-07-14 05:00:00,1,39.17
2017-07-14 06:00:00,1,44.34
2017-07-14 07:00:00,1,49.8
2017-07-14 08:00:00,1,57.03
2017-07-14 09:00:00,1,68.98
2017-07-14 10:00:00,1,87.56
2017-07-14 11:00:00,1,99.42
2017-07-14 12:00:00,1,99.96
2017-07-14 13:00:00,1,95.93
2017-07-14 14:00:00,1,98.24
2017-07-14 15:00:00,1,98.58
2017-07-14 16:00:00,1,97.37
2017-07-14 17:00:00,1,92.97
2017-07-14 18:00:00,1,98.69
2017-07-14 19:00:00,1,97.29
2017-07-14 20:00:00,1,98.25
2017-07-14 21:00:00,1,81.01
2017-07-14 22:00:00,1,79.27
2017-07-14 23:00:00,1,76.19
2017-07-15 00:00:00,1,67.5
2017-07-15 01:00:00,1,58.52
2017-07-15 02:00:00,1,44.71
2017-07-15 03:00:00,1,39.83
2017-07-15 04:00:00,1,31.58
2017-07-15 05:00:00,1,27.86
2017-07-15 06:00:00,1,30.32
2017-07-15 07:00:00,1,31.28
2017-07-15 08:00:00,1,38.93
2017-07-15 09:00:00,1,42.85
2017-07-15 10:00:00,1,52.98
2017-07-15 11:00:00,1,54.76
2017-07-15 12:00:00,1,55.47
2017-07-15 13:00:00,1,54.18
2017-07-15 14:00:00,1,53.92
2017-07-15 15:00:00,1,53.27
2017-07-15 16:00:00,1,55.85
2017-07-15 17:00:00,1,53.5
2017-07-15 18:00:00,1,55.02
2017-07-15 19:00:00,1,63.47
2017-07-15 20:00:00,1,64.53
2017-07-15 21:00:00,1,59.66
2017-07-15 22:00:00,1,57.08
2017-07-15 23:00:00,1,56.68
2017-07-16 00:00:00,1,50.51
2017-07-16 01:00:00,1,41.78
2017-07-16 02:00:00,1,34.81
2017-07-16 03:00:00,1,31.87
2017-07-16 04:00:00,1,25.78
2017-07-16 05:00:00,1,25.1
2017-07-16 06:00:00,1,28.54
2017-07-16 07:00:00,1,30.66
2017-07-16 08:00:00,1,36.28
2017-07-16 09:00:00,1,41.83
2017-07-16 10:00:00,1,49.36
2017-07-16 11:00:00,1,51.03
2017-07-16 12:00:00,1,51.87
2017-07-16 13:00:00,1,50.23
2017-07-16 14:00:00,1,48.64
2017-07-16 15:00:00,1,48.65
2017-07-16 16:00:00,1,51.33
2017-07-16 17:00:00,1,51.08
2017-07-16 18:00:00,1,53.64
2017-07-16 19:00:00,1,61.68
2017-07-16 20:00:00,1,62.77
2017-07-16 21:00:00,1,59.66
2017-07-16 22:00:00,1,59.56
2017-07-16 23:00:00,1,59.18
2017-07-17 00:00:00,1,50.8
2017-07-17 01:00:00,1,43.43
2017-07-17 02:00:00,1,38.06
2017-07-17 03:00:00,1,35.7
2017-07-17 04:00:00,1,30.73
2017-07-17 05:00:00,1,32.89
2017-07-17 06:00:00,1,39.82
2017-07-17 07:00:00,1,48.53
2017-07-17 08:00:00,1,54.84
2017-07-17 09:00:00,1,64.48
2017-07-17 10:00:00,1,91.28
2017-07-17 11:00:00,1,111.05
2017-07-17 12:00:00,1,112.14
2017-07-17 13:00:00,1,105.15
2017-07-17 14:00:00,1,110.06
2017-07-17 15:00:00,1,109.23
2017-07-17 16:00:00,1,106.2
2017-07-17 17:00:00,1,107.13
2017-07-17 18:00:00,1,110.0
2017-07-17 19:00:00,1,111.75
2017-07-17 20:00:00,1,106.65
2017-07-17 21:00:00,1,97.82
2017-07-17 22:00:00,1,91.35
2017-07-17 23:00:00,1,90.07
2017-07-18 00:00:00,1,79.58
2017-07-18 01:00:00,1,72.34
2017-07-18 02:00:00,1,57.09
2017-07-18 03:00:00,1,49.38
2017-07-18 04:00:00,1,40.38
2017-07-18 05:00:00,1,40.1
2017-07-18 06:00:00,1,43.36
2017-07-18 07:00:00,1,51.74
2017-07-18 08:00:00,1,57.92
2017-07-18 09:00:00,1,66.09
2017-07-18 10:00:00,1,91.83
2017-07-18 11:00:00,1,108.12
2017-07-18 12:00:00,1,109.21
2017-07-18 13:00:00,1,101.84
2017-07-18 14:00:00,1,107.81
2017-07-18 15:00:00,1,107.15
2017-07-18 16:00:00,1,105.83
2017-07-18 17:00:00,1,106.64
2017-07-18 18:00:00,1,111.32
2017-07-18 19:00:00,1,111.66
2017-07-18 20:00:00,1,107.43
2017-07-18 21:00:00,1,99.12
2017-07-18 22:00:00,1,92.76
2017-07-18 23:00:00,1,91.41
2017-07-19 00:00:00,1,80.99
2017-07-19 01:00:00,1,72.59
2017-07-19 02:00:00,1,57.76
2017-07-19 03:00:00,1,51.66
2017-07-19 04:00:00,1,40.07
2017-07-19 05:00:00,1,40.09
2017-07-19 06:00:00,1,43.85
2017-07-19 07:00:00,1,52.58
2017-07-19 08:00:00,1,58.73
2017-07-19 09:00:00,1,68.47
2017-07-19 10:00:00,1,93.25
2017-07-19 11:00:00,1,105.24
2017-07-19 12:00:00,1,107.55
2017-07-19 13:00:00,1,99.9
2017-07-19 14:00:00,1,106.55
2017-07-19 15:00:00,1,106.68
2017-07-19 16:00:00,1,102.48
2017-07-19 17:00:00,1,103.18
2017-07-19 18:00:00,1,107.27
2017-07-19 19:00:00,1,108.78
2017-07-19 20:00:00,1,106.13
2017-07-19 21:00:00,1,97.0
2017-07-19 22:00:00,1,91.83
2017-07-19 23:00:00,1,88.86
2017-07-20 00:00:00,1,79.24
2017-07-20 01:00:00,1,66.82
2017-07-20 02:00:00,1,54.83
2017-07-20 03:00:00,1,49.36
2017-07-20 04:00:00,1,42.04
2017-07-20 05:00:00,1,40.84
2017-07-20 06:00:00,1,43.83
2017-07-20 07:00:00,1,49.9
2017-07-20 08:00:00,1,58.09
2017-07-20 09:00:00,1,69.51
2017-07-20 10:00:00,1,93.82
2017-07-20 11:00:00,1,107.78
2017-07-20 12:00:00,1,109.36
2017-07-20 13:00:00,1,101.26
2017-07-20 14:00:00,1,107.92
2017-07-20 15:00:00,1,107.34
2017-07-20 16:00:00,1,102.66
2017-07-20 17:00:00,1,102.84
2017-07-20 18:00:00,1,106.81
2017-07-20 19:00:00,1,108.67
2017-07-20 20:00:00,1,107.18
2017-07-20 21:00:00,1,98.49
2017-07-20 22:00:00,1,91.64
2017-07-20 23:00:00,1,89.7
2017-07-21 00:00:00,1,79.63
2017-07-21 01:00:00,1,66.75
2017-07-21 02:00:00,1,55.98
2017-07-21 03:00:00,1,49.19
2017-07-21 04:00:00,1,40.84
2017-07-21 05:00:00,1,38.5
2017-07-21 06:00:00,1,41.52
2017-07-21 07:00:00,1,48.54
2017-07-21 08:00:00,1,58.82
2017-07-21 09:00:00,1,70.17
2017-07-21 10:00:00,1,87.74
2017-07-21 11:00:00,1,93.8
2017-07-21 12:00:00,1,96.71
2017-07-21 13:00:00,1,92.84
2017-07-21 14:00:00,1,93.42
2017-07-21 15:00:00,1,92.32
2017-07-21 16:00:00,1,85.76
2017-07-21 17:00:00,1,85.65
2017-07-21 18:00:00,1,89.32
2017-07-21 19:00:00,1,92.33
2017-07-21 20:00:00,1,90.71
2017-07-21 21:00:00,1,80.69
2017-07-21 22:00:00,1,75.73
2017-07-21 23:00:00,1,74.05
2017-07-22 00:00:00,1,67.81
2017-07-22 01:00:00,1,57.26
2017-07-22 02:00:00,1,46.25
2017-07-22 03:00:00,1,38.26
2017-07-22 04:00:00,1,32.54
2017-07-22 05:00:00,1,27.89
2017-07-22 06:00:00,1,31.65
2017-07-22 07:00:00,1,34.41
2017-07-22 08:00:00,1,39.36
2017-07-22 09:00:00,1,43.09
2017-07-22 10:00:00,1,52.16
2017-07-22 11:00:00,1,55.11
2017-07-22 12:00:00,1,56.25
2017-07-22 13:00:00,1,54.14
2017-07-22 14:00:00,1,54.12
2017-07-22 15:00:00,1,53.95
2017-07-22 16:00:00,1,56.14
2017-07-22 17:00:00,1,54.56
2017-07-22 18:00:00,1,58.22
2017-07-22 19:00:00,1,63.29
2017-07-22 20:00:00,1,64.42
2017-07-22 21:00:00,1,63.01
2017-07-22 22:00:00,1,61.49
2017-07-22 23:00:00,1,61.1
2017-07-23 00:00:00,1,51.9
2017-07-23 01:00:00,1,43.54
2017-07-23 02:00:00,1,35.7
2017-07-23 03:00:00,1,33.62
2017-07-23 04:00:00,1,27.17
2017-07-23 05:00:00,1,27.01
2017-07-23 06:00:00,1,28.67
2017-07-23 07:00:00,1,31.79
2017-07-23 08:00:00,1,37.79
2017-07-23 09:00:00,1,42.82
2017-07-23 10:00:00,1,50.75
2017-07-23 11:00:00,1,54.54
2017-07-23 12:00:00,1,55.44
2017-07-23 13:00:00,1,54.14
2017-07-23 14:00:00,1,52.48
2017-07-23 15:00:00,1,53.05
2017-07-23 16:00:00,1,54.4
2017-07-23 17:00:00,1,54.3
2017-07-23 18:00:00,1,58.73
2017-07-23 19:00:00,1,66.17
2017-07-23 20:00:00,1,65.8
2017-07-23 21:00:00,1,65.86
2017-07-23 22:00:00,1,64.14
2017-07-23 23:00:00,1,61.76
2017-07-24 00:00:00,1,54.46
2017-07-24 01:00:00,1,48.55
2017-07-24 02:00:00,1,40.85
2017-07-24 03:00:00,1,37.24
2017-07-24 04:00:00,1,33.36
2017-07-24 05:00:00,1,33.61
2017-07-24 06:00:00,1,43.35
2017-07-24 07:00:00,1,49.71
2017-07-24 08:00:00,1,56.85
2017-07-24 09:00:00,1,67.59
2017-07-24 10:00:00,1,87.69
2017-07-24 11:00:00,1,110.41
2017-07-24 12:00:00,1,110.72
2017-07-24 13:00:00,1,102.95
2017-07-24 14:00:00,1,107.53
2017-07-24 15:00:00,1,106.18
2017-07-24 16:00:00,1,102.59
2017-07-24 17:00:00,1,104.0
2017-07-24 18:00:00,1,109.92
2017-07-24 19:00:00,1,112.68
2017-07-24 20:00:00,1,108.81
2017-07-24 21:00:00,1,103.82
2017-07-24 22:00:00,1,95.67
2017-07-24 23:00:00,1,95.12
2017-07-25 00:00:00,1,83.06
2017-07-25 01:00:00,1,73.61
2017-07-25 02:00:00,1,64.85
2017-07-25 03:00:00,1,50.6
2017-07-25 04:00:00,1,42.48
2017-07-25 05:00:00,1,40.48
2017-07-25 06:00:00,1,43.97
2017-07-25 07:00:00,1,52.61
2017-07-25 08:00:00,1,60.25
2017-07-25 09:00:00,1,70.0
2017-07-25 10:00:00,1,86.02
2017-07-25 11:00:00,1,106.35
2017-07-25 12:00:00,1,105.71
2017-07-25 13:00:00,1,96.95
2017-07-25 14:00:00,1,101.44
2017-07-25 15:00:00,1,100.24
2017-07-25 16:00:00,1,98.8
2017-07-25 17:00:00,1,100.24
2017-07-25 18:00:00,1,108.2
2017-07-25 19:00:00,1,111.92
2017-07-25 20:00:00,1,108.44
2017-07-25 21:00:00,1,104.62
2017-07-25 22:00:00,1,97.25
2017-07-25 23:00:00,1,97.03
2017-07-26 00:00:00,1,86.68
2017-07-26 01:00:00,1,73.16
2017-07-26 02:00:00,1,63.83
2017-07-26 03:00:00,1,53.02
2017-07-26 04:00:00,1,42.16
2017-07-26 05:00:00,1,40.18
2017-07-26 06:00:00,1,45.0
2017-07-26 07:00:00,1,52.23
2017-07-26 08:00:00,1,60.1
2017-07-26 09:00:00,1,69.8
2017-07-26 10:00:00,1,83.74
2017-07-26 11:00:00,1,97.85
2017-07-26 12:00:00,1,98.82
2017-07-26 13:00:00,1,92.02
2017-07-26 14:00:00,1,96.92
2017-07-26 15:00:00,1,95.12
2017-07-26 16:00:00,1,94.64
2017-07-26 17:00:00,1,97.42
2017-07-26 18:00:00,1,107.33
2017-07-26 19:00:00,1,111.59
2017-07-26 20:00:00,1,108.62
2017-07-26 21:00:00,1,103.07
2017-07-26 22:00:00,1,95.67
2017-07-26 23:00:00,1,95.03
2017-07-27 00:00:00,1,87.23
2017-07-27 01:00:00,1,67.95
2017-07-27 02:00:00,1,63.32
2017-07-27 03:00:00,1,49.41
2017-07-27 04:00:00,1,43.67
2017-07-27 05:00:00,1,40.31
2017-07-27 06:00:00,1,45.07
2017-07-27 07:00:00,1,51.21
2017-07-27 08:00:00,1,58.49
2017-07-27 09:00:00,1,70.4
2017-07-27 10:00:00,1,85.65
2017-07-27 11:00:00,1,115.5
2017-07-27 12:00:00,1,115.5
2017-07-27 13:00:00,1,106.94
2017-07-27 14:00:00,1,113.85
2017-07-27 15:00:00,1,112.92
2017-07-27 16:00:00,1,109.52
2017-07-27 17:00:00,1,111.89
2017-07-27 18:00:00,1,117.59
2017-07-27 19:00:00,1,119.6
2017-07-27 20:00:00,1,114.1
2017-07-27 21:00:00,1,103.85
2017-07-27 22:00:00,1,95.83
2017-07-27 23:00:00,1,95.27
2017-07-28 00:00:00,1,87.16
2017-07-28 01:00:00,1,67.62
2017-07-28 02:00:00,1,62.35
2017-07-28 03:00:00,1,49.67
2017-07-28 04:00:00,1,42.37
2017-07-28 05:00:00,1,39.56
2017-07-28 06:00:00,1,45.03
2017-07-28 07:00:00,1,51.88
2017-07-28 08:00:00,1,58.05
2017-07-28 09:00:00,1,69.58
2017-07-28 10:00:00,1,90.02
2017-07-28 11:00:00,1,98.29
2017-07-28 12:00:00,1,99.03
2017-07-28 13:00:00,1,91.54
2017-07-28 14:00:00,1,98.57
2017-07-28 15:00:00,1,97.64
2017-07-28 16:00:00,1,91.77
2017-07-28 17:00:00,1,90.29
2017-07-28 18:00:00,1,93.75
2017-07-28 19:00:00,1,97.87
2017-07-28 20:00:00,1,94.87
2017-07-28 21:00:00,1,84.34
2017-07-28 22:00:00,1,80.06
2017-07-28 23:00:00,1,77.49
2017-07-29 00:00:00,1,68.71
2017-07-29 01:00:00,1,59.44
2017-07-29 02:00:00,1,45.47
2017-07-29 03:00:00,1,40.49
2017-07-29 04:00:00,1,31.41
2017-07-29 05:00:00,1,28.48
2017-07-29 06:00:00,1,31.88
2017-07-29 07:00:00,1,33.2
2017-07-29 08:00:00,1,38.82
2017-07-29 09:00:00,1,41.5
2017-07-29 10:00:00,1,55.92
2017-07-29 11:00:00,1,62.89
2017-07-29 12:00:00,1,62.55
2017-07-29 13:00:00,1,58.27
2017-07-29 14:00:00,1,54.11
2017-07-29 15:00:00,1,53.25
2017-07-29 16:00:00,1,53.78
2017-07-29 17:00:00,1,54.92
2017-07-29 18:00:00,1,55.4
2017-07-29 19:00:00,1,60.12
2017-07-29 20:00:00,1,62.58
2017-07-29 21:00:00,1,62.21
2017-07-29 22:00:00,1,60.02
2017-07-29 23:00:00,1,58.54
2017-07-30 00:00:00,1,50.16
2017-07-30 01:00:00,1,42.9
2017-07-30 02:00:00,1,34.52
2017-07-30 03:00:00,1,32.67
2017-07-30 04:00:00,1,26.13
2017-07-30 05:00:00,1,25.67
2017-07-30 06:00:00,1,27.92
2017-07-30 07:00:00,1,30.35
2017-07-30 08:00:00,1,37.37
2017-07-30 09:00:00,1,40.61
2017-07-30 10:00:00,1,49.67
2017-07-30 11:00:00,1,54.91
2017-07-30 12:00:00,1,56.66
2017-07-30 13:00:00,1,55.8
2017-07-30 14:00:00,1,51.84
2017-07-30 15:00:00,1,51.24
2017-07-30 16:00:00,1,52.12
2017-07-30 17:00:00,1,53.12
2017-07-30 18:00:00,1,56.34
2017-07-30 19:00:00,1,58.98
2017-07-30 20:00:00,1,58.34
2017-07-30 21:00:00,1,58.71
2017-07-30 22:00:00,1,59.33
2017-07-30 23:00:00,1,60.05
2017-07-31 00:00:00,1,53.17
2017-07-31 01:00:00,1,49.39
2017-07-31 02:00:00,1,43.03
2017-07-31 03:00:00,1,41.26
2017-07-31 04:00:00,1,44.93
2017-07-31 05:00:00,1,44.71
2017-07-31 06:00:00,1,41.69
2017-07-31 07:00:00,1,48.88
2017-07-31 08:00:00,1,56.38
2017-07-31 09:00:00,1,67.55
2017-07-31 10:00:00,1,90.49
2017-07-31 11:00:00,1,106.71
2017-07-31 12:00:00,1,107.91
2017-07-31 13:00:00,1,102.53
2017-07-31 14:00:00,1,104.09
2017-07-31 15:00:00,1,105.07
2017-07-31 16:00:00,1,102.35
2017-07-31 17:00:00,1,103.51
2017-07-31 18:00:00,1,108.03
2017-07-31 19:00:00,1,109.53
2017-07-31 20:00:00,1,107.1
2017-07-31 21:00:00,1,97.75
2017-07-31 22:00:00,1,91.29
2017-07-31 23:00:00,1,89.85
2017-08-01 00:00:00,1,77.71
2017-08-01 01:00:00,1,72.46
2017-08-01 02:00:00,1,58.74
2017-08-01 03:00:00,1,47.94
2017-08-01 04:00:00,1,39.77
2017-08-01 05:00:00,1,40.88
2017-08-01 06:00:00,1,45.29
2017-08-01 07:00:00,1,49.88
2017-08-01 08:00:00,1,55.75
2017-08-01 09:00:00,1,62.28
2017-08-01 10:00:00,1,90.2
2017-08-01 11:00:00,1,100.38
2017-08-01 12:00:00,1,104.41
2017-08-01 13:00:00,1,99.37
2017-08-01 14:00:00,1,100.78
2017-08-01 15:00:00,1,107.23
2017-08-01 16:00:00,1,111.38
2017-08-01 17:00:00,1,115.49
2017-08-01 18:00:00,1,112.34
2017-08-01 19:00:00,1,112.46
2017-08-01 20:00:00,1,108.07
2017-08-01 21:00:00,1,100.02
2017-08-01 22:00:00,1,96.84
2017-08-01 23:00:00,1,94.8
2017-08-02 00:00:00,1,79.83
2017-08-02 01:00:00,1,75.36
2017-08-02 02:00:00,1,59.14
2017-08-02 03:00:00,1,51.81
2017-08-02 04:00:00,1,39.44
2017-08-02 05:00:00,1,41.64
2017-08-02 06:00:00,1,46.22
2017-08-02 07:00:00,1,52.89
2017-08-02 08:00:00,1,60.58
2017-08-02 09:00:00,1,68.72
2017-08-02 10:00:00,1,86.49
2017-08-02 11:00:00,1,101.12
2017-08-02 12:00:00,1,103.74
2017-08-02 13:00:00,1,97.89
2017-08-02 14:00:00,1,101.12
2017-08-02 15:00:00,1,103.03
2017-08-02 16:00:00,1,102.94
2017-08-02 17:00:00,1,103.28
2017-08-02 18:00:00,1,103.02
2017-08-02 19:00:00,1,103.45
2017-08-02 20:00:00,1,101.23
2017-08-02 21:00:00,1,94.42
2017-08-02 22:00:00,1,93.45
2017-08-02 23:00:00,1,90.51
2017-08-03 00:00:00,1,78.91
2017-08-03 01:00:00,1,69.72
2017-08-03 02:00:00,1,56.82
2017-08-03 03:00:00,1,47.35
2017-08-03 04:00:00,1,39.57
2017-08-03 05:00:00,1,40.15
2017-08-03 06:00:00,1,46.62
2017-08-03 07:00:00,1,51.35
2017-08-03 08:00:00,1,57.91
2017-08-03 09:00:00,1,68.79
2017-08-03 10:00:00,1,86.7
2017-08-03 11:00:00,1,99.91
2017-08-03 12:00:00,1,102.5
2017-08-03 13:00:00,1,95.56
2017-08-03 14:00:00,1,100.21
2017-08-03 15:00:00,1,101.98
2017-08-03 16:00:00,1,102.22
2017-08-03 17:00:00,1,102.73
2017-08-03 18:00:00,1,102.2
2017-08-03 19:00:00,1,102.76
2017-08-03 20:00:00,1,101.69
2017-08-03 21:00:00,1,94.12
2017-08-03 22:00:00,1,92.66
2017-08-03 23:00:00,1,90.08
2017-08-04 00:00:00,1,78.74
2017-08-04 01:00:00,1,69.87
2017-08-04 02:00:00,1,56.43
2017-08-04 03:00:00,1,47.61
2017-08-04 04:00:00,1,38.55
2017-08-04 05:00:00,1,38.88
2017-08-04 06:00:00,1,45.68
2017-08-04 07:00:00,1,51.29
2017-08-04 08:00:00,1,58.36
2017-08-04 09:00:00,1,69.27
2017-08-04 10:00:00,1,85.58
2017-08-04 11:00:00,1,94.13
2017-08-04 12:00:00,1,97.19
2017-08-04 13:00:00,1,93.46
2017-08-04 14:00:00,1,96.78
2017-08-04 15:00:00,1,94.27
2017-08-04 16:00:00,1,90.27
2017-08-04 17:00:00,1,86.65
2017-08-04 18:00:00,1,92.15
2017-08-04 19:00:00,1,93.1
2017-08-04 20:00:00,1,94.21
2017-08-04 21:00:00,1,83.31
2017-08-04 22:00:00,1,81.3
2017-08-04 23:00:00,1,78.87
2017-08-05 00:00:00,1,67.47
2017-08-05 01:00:00,1,58.32
2017-08-05 02:00:00,1,49.15
2017-08-05 03:00:00,1,38.3
2017-08-05 04:00:00,1,31.69
2017-08-05 05:00:00,1,31.17
2017-08-05 06:00:00,1,33.26
2017-08-05 07:00:00,1,33.51
2017-08-05 08:00:00,1,40.07
2017-08-05 09:00:00,1,44.52
2017-08-05 10:00:00,1,54.67
2017-08-05 11:00:00,1,57.76
2017-08-05 12:00:00,1,57.71
2017-08-05 13:00:00,1,55.11
2017-08-05 14:00:00,1,54.87
2017-08-05 15:00:00,1,51.37
2017-08-05 16:00:00,1,50.94
2017-08-05 17:00:00,1,52.7
2017-08-05 18:00:00,1,56.07
2017-08-05 19:00:00,1,58.28
2017-08-05 20:00:00,1,59.59
2017-08-05 21:00:00,1,60.34
2017-08-05 22:00:00,1,59.72
2017-08-05 23:00:00,1,58.21
2017-08-06 00:00:00,1,48.28
2017-08-06 01:00:00,1,41.52
2017-08-06 02:00:00,1,36.13
2017-08-06 03:00:00,1,33.16
2017-08-06 04:00:00,1,26.6
2017-08-06 05:00:00,1,26.41
2017-08-06 06:00:00,1,28.66
2017-08-06 07:00:00,1,33.4
2017-08-06 08:00:00,1,34.99
2017-08-06 09:00:00,1,43.76
2017-08-06 10:00:00,1,49.8
2017-08-06 11:00:00,1,53.13
2017-08-06 12:00:00,1,52.8
2017-08-06 13:00:00,1,50.95
2017-08-06 14:00:00,1,50.1
2017-08-06 15:00:00,1,48.79
2017-08-06 16:00:00,1,49.7
2017-08-06 17:00:00,1,50.45
2017-08-06 18:00:00,1,57.56
2017-08-06 19:00:00,1,57.88
2017-08-06 20:00:00,1,58.26
2017-08-06 21:00:00,1,59.78
2017-08-06 22:00:00,1,58.21
2017-08-06 23:00:00,1,58.0
2017-08-07 00:00:00,1,54.5
2017-08-07 01:00:00,1,46.2
2017-08-07 02:00:00,1,38.44
2017-08-07 03:00:00,1,38.05
2017-08-07 04:00:00,1,33.5
2017-08-07 05:00:00,1,33.38
2017-08-07 06:00:00,1,37.98
2017-08-07 07:00:00,1,49.19
2017-08-07 08:00:00,1,58.82
2017-08-07 09:00:00,1,66.95
2017-08-07 10:00:00,1,95.21
2017-08-07 11:00:00,1,109.91
2017-08-07 12:00:00,1,110.34
2017-08-07 13:00:00,1,107.02
2017-08-07 14:00:00,1,110.68
2017-08-07 15:00:00,1,111.27
2017-08-07 16:00:00,1,109.67
2017-08-07 17:00:00,1,111.35
2017-08-07 18:00:00,1,113.62
2017-08-07 19:00:00,1,116.23
2017-08-07 20:00:00,1,109.76
2017-08-07 21:00:00,1,101.93
2017-08-07 22:00:00,1,93.36
2017-08-07 23:00:00,1,90.74
2017-08-08 00:00:00,1,81.51
2017-08-08 01:00:00,1,73.94
2017-08-08 02:00:00,1,58.45
2017-08-08 03:00:00,1,48.49
2017-08-08 04:00:00,1,42.79
2017-08-08 05:00:00,1,40.39
2017-08-08 06:00:00,1,45.85
2017-08-08 07:00:00,1,53.86
2017-08-08 08:00:00,1,60.95
2017-08-08 09:00:00,1,67.46
2017-08-08 10:00:00,1,98.94
2017-08-08 11:00:00,1,111.31
2017-08-08 12:00:00,1,111.65
2017-08-08 13:00:00,1,105.42
2017-08-08 14:00:00,1,111.47
2017-08-08 15:00:00,1,112.01
2017-08-08 16:00:00,1,111.92
2017-08-08 17:00:00,1,117.18
2017-08-08 18:00:00,1,120.24
2017-08-08 19:00:00,1,121.94
2017-08-08 20:00:00,1,115.99
2017-08-08 21:00:00,1,102.88
2017-08-08 22:00:00,1,94.97
2017-08-08 23:00:00,1,91.49
2017-08-09 00:00:00,1,84.21
2017-08-09 01:00:00,1,76.69
2017-08-09 02:00:00,1,59.69
2017-08-09 03:00:00,1,52.37
2017-08-09 04:00:00,1,42.36
2017-08-09 05:00:00,1,40.45
2017-08-09 06:00:00,1,46.54
2017-08-09 07:00:00,1,55.0
2017-08-09 08:00:00,1,61.1
2017-08-09 09:00:00,1,69.07
2017-08-09 10:00:00,1,98.98
2017-08-09 11:00:00,1,111.25
2017-08-09 12:00:00,1,111.25
2017-08-09 13:00:00,1,102.7
2017-08-09 14:00:00,1,109.04
2017-08-09 15:00:00,1,108.74
2017-08-09 16:00:00,1,102.91
2017-08-09 17:00:00,1,102.51
2017-08-09 18:00:00,1,107.04
2017-08-09 19:00:00,1,107.31
2017-08-09 20:00:00,1,103.67
2017-08-09 21:00:00,1,96.1
2017-08-09 22:00:00,1,92.31
2017-08-09 23:00:00,1,89.36
2017-08-10 00:00:00,1,83.27
2017-08-10 01:00:00,1,68.72
2017-08-10 02:00:00,1,56.87
2017-08-10 03:00:00,1,47.59
2017-08-10 04:00:00,1,43.02
2017-08-10 05:00:00,1,40.13
2017-08-10 06:00:00,1,46.17
2017-08-10 07:00:00,1,51.55
2017-08-10 08:00:00,1,56.84
2017-08-10 09:00:00,1,69.81
2017-08-10 10:00:00,1,95.26
2017-08-10 11:00:00,1,110.91
2017-08-10 12:00:00,1,110.97
2017-08-10 13:00:00,1,101.2
2017-08-10 14:00:00,1,108.86
2017-08-10 15:00:00,1,108.09
2017-08-10 16:00:00,1,101.63
2017-08-10 17:00:00,1,101.28
2017-08-10 18:00:00,1,105.56
2017-08-10 19:00:00,1,108.49
2017-08-10 20:00:00,1,105.36
2017-08-10 21:00:00,1,94.98
2017-08-10 22:00:00,1,90.4
2017-08-10 23:00:00,1,88.27
2017-08-11 00:00:00,1,82.72
2017-08-11 01:00:00,1,71.3
2017-08-11 02:00:00,1,59.14
2017-08-11 03:00:00,1,47.76
2017-08-11 04:00:00,1,41.72
2017-08-11 05:00:00,1,39.15
2017-08-11 06:00:00,1,44.12
2017-08-11 07:00:00,1,51.53
2017-08-11 08:00:00,1,55.59
2017-08-11 09:00:00,1,68.25
2017-08-11 10:00:00,1,86.94
2017-08-11 11:00:00,1,98.75
2017-08-11 12:00:00,1,100.04
2017-08-11 13:00:00,1,95.52
2017-08-11 14:00:00,1,98.39
2017-08-11 15:00:00,1,97.7
2017-08-11 16:00:00,1,92.38
2017-08-11 17:00:00,1,88.86
2017-08-11 18:00:00,1,93.53
2017-08-11 19:00:00,1,95.29
2017-08-11 20:00:00,1,93.4
2017-08-11 21:00:00,1,80.82
2017-08-11 22:00:00,1,78.85
2017-08-11 23:00:00,1,75.96
2017-08-12 00:00:00,1,67.44
2017-08-12 01:00:00,1,59.31
2017-08-12 02:00:00,1,46.91
2017-08-12 03:00:00,1,40.72
2017-08-12 04:00:00,1,32.88
2017-08-12 05:00:00,1,29.23
2017-08-12 06:00:00,1,30.92
2017-08-12 07:00:00,1,31.55
2017-08-12 08:00:00,1,40.0
2017-08-12 09:00:00,1,43.45
2017-08-12 10:00:00,1,53.54
2017-08-12 11:00:00,1,56.45
2017-08-12 12:00:00,1,57.44
2017-08-12 13:00:00,1,55.51
2017-08-12 14:00:00,1,55.3
2017-08-12 15:00:00,1,52.79
2017-08-12 16:00:00,1,54.05
2017-08-12 17:00:00,1,55.26
2017-08-12 18:00:00,1,57.73
2017-08-12 19:00:00,1,62.05
2017-08-12 20:00:00,1,64.19
2017-08-12 21:00:00,1,61.26
2017-08-12 22:00:00,1,59.34
2017-08-12 23:00:00,1,58.23
2017-08-13 00:00:00,1,50.12
2017-08-13 01:00:00,1,40.31
2017-08-13 02:00:00,1,35.66
2017-08-13 03:00:00,1,33.64
2017-08-13 04:00:00,1,25.19
2017-08-13 05:00:00,1,24.91
2017-08-13 06:00:00,1,28.52
2017-08-13 07:00:00,1,30.63
2017-08-13 08:00:00,1,36.8
2017-08-13 09:00:00,1,43.39
2017-08-13 10:00:00,1,50.47
2017-08-13 11:00:00,1,53.04
2017-08-13 12:00:00,1,53.16
2017-08-13 13:00:00,1,51.44
2017-08-13 14:00:00,1,50.36
2017-08-13 15:00:00,1,49.93
2017-08-13 16:00:00,1,52.29
2017-08-13 17:00:00,1,51.54
2017-08-13 18:00:00,1,57.25
2017-08-13 19:00:00,1,62.04
2017-08-13 20:00:00,1,62.39
2017-08-13 21:00:00,1,60.12
2017-08-13 22:00:00,1,60.84
2017-08-13 23:00:00,1,59.64
2017-08-14 00:00:00,1,51.88
2017-08-14 01:00:00,1,44.92
2017-08-14 02:00:00,1,38.69
2017-08-14 03:00:00,1,37.62
2017-08-14 04:00:00,1,32.23
2017-08-14 05:00:00,1,33.16
2017-08-14 06:00:00,1,40.64
2017-08-14 07:00:00,1,49.04
2017-08-14 08:00:00,1,57.22
2017-08-14 09:00:00,1,66.91
2017-08-14 10:00:00,1,91.21
2017-08-14 11:00:00,1,114.05
2017-08-14 12:00:00,1,114.62
2017-08-14 13:00:00,1,107.05
2017-08-14 14:00:00,1,113.32
2017-08-14 15:00:00,1,112.56
2017-08-14 16:00:00,1,110.74
2017-08-14 17:00:00,1,112.51
2017-08-14 18:00:00,1,114.95
2017-08-14 19:00:00,1,116.6
2017-08-14 20:00:00,1,108.56
2017-08-14 21:00:00,1,99.46
2017-08-14 22:00:00,1,93.18
2017-08-14 23:00:00,1,90.64
2017-08-15 00:00:00,1,80.93
2017-08-15 01:00:00,1,73.13
2017-08-15 02:00:00,1,56.97
2017-08-15 03:00:00,1,49.95
2017-08-15 04:00:00,1,42.04
2017-08-15 05:00:00,1,40.97
2017-08-15 06:00:00,1,45.32
2017-08-15 07:00:00,1,53.35
2017-08-15 08:00:00,1,59.78
2017-08-15 09:00:00,1,68.34
2017-08-15 10:00:00,1,90.85
2017-08-15 11:00:00,1,111.8
2017-08-15 12:00:00,1,112.84
2017-08-15 13:00:00,1,103.37
2017-08-15 14:00:00,1,109.84
2017-08-15 15:00:00,1,108.0
2017-08-15 16:00:00,1,106.78
2017-08-15 17:00:00,1,109.38
2017-08-15 18:00:00,1,113.06
2017-08-15 19:00:00,1,114.54
2017-08-15 20:00:00,1,108.22
2017-08-15 21:00:00,1,98.76
2017-08-15 22:00:00,1,93.15
2017-08-15 23:00:00,1,90.67
2017-08-16 00:00:00,1,81.8
2017-08-16 01:00:00,1,72.83
2017-08-16 02:00:00,1,57.73
2017-08-16 03:00:00,1,52.79
2017-08-16 04:00:00,1,40.61
2017-08-16 05:00:00,1,40.41
2017-08-16 06:00:00,1,44.51
2017-08-16 07:00:00,1,53.45
2017-08-16 08:00:00,1,58.45
2017-08-16 09:00:00,1,69.06
2017-08-16 10:00:00,1,90.48
2017-08-16 11:00:00,1,107.19
2017-08-16 12:00:00,1,108.45
2017-08-16 13:00:00,1,100.16
2017-08-16 14:00:00,1,104.37
2017-08-16 15:00:00,1,104.09
2017-08-16 16:00:00,1,100.1
2017-08-16 17:00:00,1,100.05
2017-08-16 18:00:00,1,103.17
2017-08-16 19:00:00,1,104.75
2017-08-16 20:00:00,1,101.86
2017-08-16 21:00:00,1,94.99
2017-08-16 22:00:00,1,91.49
2017-08-16 23:00:00,1,88.51
2017-08-17 00:00:00,1,80.31
2017-08-17 01:00:00,1,66.01
2017-08-17 02:00:00,1,54.53
2017-08-17 03:00:00,1,48.28
2017-08-17 04:00:00,1,41.81
2017-08-17 05:00:00,1,40.8
2017-08-17 06:00:00,1,44.14
2017-08-17 07:00:00,1,50.16
2017-08-17 08:00:00,1,54.69
2017-08-17 09:00:00,1,70.13
2017-08-17 10:00:00,1,90.6
2017-08-17 11:00:00,1,108.34
2017-08-17 12:00:00,1,109.42
2017-08-17 13:00:00,1,99.0
2017-08-17 14:00:00,1,103.32
2017-08-17 15:00:00,1,103.35
2017-08-17 16:00:00,1,99.02
2017-08-17 17:00:00,1,97.93
2017-08-17 18:00:00,1,99.2
2017-08-17 19:00:00,1,103.14
2017-08-17 20:00:00,1,102.09
2017-08-17 21:00:00,1,93.33
2017-08-17 22:00:00,1,89.14
2017-08-17 23:00:00,1,87.54
2017-08-18 00:00:00,1,80.11
2017-08-18 01:00:00,1,64.99
2017-08-18 02:00:00,1,55.86
2017-08-18 03:00:00,1,47.62
2017-08-18 04:00:00,1,40.07
2017-08-18 05:00:00,1,38.4
2017-08-18 06:00:00,1,41.75
2017-08-18 07:00:00,1,48.63
2017-08-18 08:00:00,1,54.12
2017-08-18 09:00:00,1,68.32
2017-08-18 10:00:00,1,89.05
2017-08-18 11:00:00,1,98.48
2017-08-18 12:00:00,1,99.59
2017-08-18 13:00:00,1,94.96
2017-08-18 14:00:00,1,96.82
2017-08-18 15:00:00,1,97.13
2017-08-18 16:00:00,1,94.66
2017-08-18 17:00:00,1,91.41
2017-08-18 18:00:00,1,96.66
2017-08-18 19:00:00,1,95.09
2017-08-18 20:00:00,1,95.94
2017-08-18 21:00:00,1,81.28
2017-08-18 22:00:00,1,77.82
2017-08-18 23:00:00,1,74.82
2017-08-19 00:00:00,1,67.94
2017-08-19 01:00:00,1,57.08
2017-08-19 02:00:00,1,45.94
2017-08-19 03:00:00,1,35.8
2017-08-19 04:00:00,1,32.57
2017-08-19 05:00:00,1,27.61
2017-08-19 06:00:00,1,31.46
2017-08-19 07:00:00,1,33.9
2017-08-19 08:00:00,1,39.22
2017-08-19 09:00:00,1,43.19
2017-08-19 10:00:00,1,52.55
2017-08-19 11:00:00,1,54.64
2017-08-19 12:00:00,1,56.3
2017-08-19 13:00:00,1,53.98
2017-08-19 14:00:00,1,53.71
2017-08-19 15:00:00,1,53.34
2017-08-19 16:00:00,1,55.86
2017-08-19 17:00:00,1,53.3
2017-08-19 18:00:00,1,55.06
2017-08-19 19:00:00,1,63.38
2017-08-19 20:00:00,1,64.89
2017-08-19 21:00:00,1,60.19
2017-08-19 22:00:00,1,58.65
2017-08-19 23:00:00,1,59.59
2017-08-20 00:00:00,1,52.26
2017-08-20 01:00:00,1,41.3
2017-08-20 02:00:00,1,35.99
2017-08-20 03:00:00,1,33.61
2017-08-20 04:00:00,1,26.77
2017-08-20 05:00:00,1,26.86
2017-08-20 06:00:00,1,28.67
2017-08-20 07:00:00,1,32.29
2017-08-20 08:00:00,1,38.54
2017-08-20 09:00:00,1,42.25
2017-08-20 10:00:00,1,49.48
2017-08-20 11:00:00,1,52.86
2017-08-20 12:00:00,1,53.46
2017-08-20 13:00:00,1,50.46
2017-08-20 14:00:00,1,48.5
2017-08-20 15:00:00,1,49.84
2017-08-20 16:00:00,1,51.64
2017-08-20 17:00:00,1,51.45
2017-08-20 18:00:00,1,56.01
2017-08-20 19:00:00,1,63.91
2017-08-20 20:00:00,1,64.96
2017-08-20 21:00:00,1,63.97
2017-08-20 22:00:00,1,62.18
2017-08-20 23:00:00,1,60.28
2017-08-21 00:00:00,1,52.92
2017-08-21 01:00:00,1,46.65
2017-08-21 02:00:00,1,39.42
2017-08-21 03:00:00,1,36.76
2017-08-21 04:00:00,1,32.65
2017-08-21 05:00:00,1,33.96
2017-08-21 06:00:00,1,40.24
2017-08-21 07:00:00,1,49.98
2017-08-21 08:00:00,1,56.64
2017-08-21 09:00:00,1,67.27
2017-08-21 10:00:00,1,93.2
2017-08-21 11:00:00,1,112.99
2017-08-21 12:00:00,1,113.64
2017-08-21 13:00:00,1,106.41
2017-08-21 14:00:00,1,112.29
2017-08-21 15:00:00,1,111.44
2017-08-21 16:00:00,1,107.31
2017-08-21 17:00:00,1,107.82
2017-08-21 18:00:00,1,111.96
2017-08-21 19:00:00,1,113.56
2017-08-21 20:00:00,1,110.07
2017-08-21 21:00:00,1,104.45
2017-08-21 22:00:00,1,95.48
2017-08-21 23:00:00,1,94.54
2017-08-22 00:00:00,1,79.8
2017-08-22 01:00:00,1,72.77
2017-08-22 02:00:00,1,59.02
2017-08-22 03:00:00,1,50.82
2017-08-22 04:00:00,1,41.83
2017-08-22 05:00:00,1,40.65
2017-08-22 06:00:00,1,43.37
2017-08-22 07:00:00,1,52.36
2017-08-22 08:00:00,1,59.77
2017-08-22 09:00:00,1,70.36
2017-08-22 10:00:00,1,93.73
2017-08-22 11:00:00,1,113.85
2017-08-22 12:00:00,1,113.83
2017-08-22 13:00:00,1,106.24
2017-08-22 14:00:00,1,112.93
2017-08-22 15:00:00,1,111.21
2017-08-22 16:00:00,1,107.52
2017-08-22 17:00:00,1,107.11
2017-08-22 18:00:00,1,112.03
2017-08-22 19:00:00,1,113.7
2017-08-22 20:00:00,1,109.74
2017-08-22 21:00:00,1,104.64
2017-08-22 22:00:00,1,96.85
2017-08-22 23:00:00,1,95.82
2017-08-23 00:00:00,1,80.72
2017-08-23 01:00:00,1,73.05
2017-08-23 02:00:00,1,59.47
2017-08-23 03:00:00,1,52.61
2017-08-23 04:00:00,1,41.61
2017-08-23 05:00:00,1,40.34
2017-08-23 06:00:00,1,44.01
2017-08-23 07:00:00,1,53.26
2017-08-23 08:00:00,1,60.03
2017-08-23 09:00:00,1,70.25
2017-08-23 10:00:00,1,92.19
2017-08-23 11:00:00,1,110.47
2017-08-23 12:00:00,1,112.75
2017-08-23 13:00:00,1,103.91
2017-08-23 14:00:00,1,113.12
2017-08-23 15:00:00,1,110.58
2017-08-23 16:00:00,1,104.11
2017-08-23 17:00:00,1,104.66
2017-08-23 18:00:00,1,109.23
2017-08-23 19:00:00,1,111.04
2017-08-23 20:00:00,1,108.24
2017-08-23 21:00:00,1,101.34
2017-08-23 22:00:00,1,93.21
2017-08-23 23:00:00,1,90.6
2017-08-24 00:00:00,1,79.4
2017-08-24 01:00:00,1,67.78
2017-08-24 02:00:00,1,57.43
2017-08-24 03:00:00,1,49.15
2017-08-24 04:00:00,1,43.15
2017-08-24 05:00:00,1,40.34
2017-08-24 06:00:00,1,43.44
2017-08-24 07:00:00,1,50.37
2017-08-24 08:00:00,1,58.87
2017-08-24 09:00:00,1,70.59
2017-08-24 10:00:00,1,91.23
2017-08-24 11:00:00,1,114.86
2017-08-24 12:00:00,1,114.96
2017-08-24 13:00:00,1,104.22
2017-08-24 14:00:00,1,112.71
2017-08-24 15:00:00,1,109.75
2017-08-24 16:00:00,1,103.59
2017-08-24 17:00:00,1,103.51
2017-08-24 18:00:00,1,108.72
2017-08-24 19:00:00,1,109.87
2017-08-24 20:00:00,1,107.92
2017-08-24 21:00:00,1,99.24
2017-08-24 22:00:00,1,92.07
2017-08-24 23:00:00,1,90.44
2017-08-25 00:00:00,1,80.82
2017-08-25 01:00:00,1,67.55
2017-08-25 02:00:00,1,61.02
2017-08-25 03:00:00,1,49.32
2017-08-25 04:00:00,1,41.99
2017-08-25 05:00:00,1,39.09
2017-08-25 06:00:00,1,43.3
2017-08-25 07:00:00,1,50.35
2017-08-25 08:00:00,1,59.71
2017-08-25 09:00:00,1,70.17
2017-08-25 10:00:00,1,87.71
2017-08-25 11:00:00,1,94.57
2017-08-25 12:00:00,1,96.96
2017-08-25 13:00:00,1,91.92
2017-08-25 14:00:00,1,94.27
2017-08-25 15:00:00,1,93.11
2017-08-25 16:00:00,1,86.81
2017-08-25 17:00:00,1,86.42
2017-08-25 18:00:00,1,89.49
2017-08-25 19:00:00,1,93.29
2017-08-25 20:00:00,1,91.27
2017-08-25 21:00:00,1,83.31
2017-08-25 22:00:00,1,77.93
2017-08-25 23:00:00,1,76.23
2017-08-26 00:00:00,1,68.44
2017-08-26 01:00:00,1,59.44
2017-08-26 02:00:00,1,46.4
2017-08-26 03:00:00,1,41.09
2017-08-26 04:00:00,1,32.08
2017-08-26 05:00:00,1,28.77
2017-08-26 06:00:00,1,32.09
2017-08-26 07:00:00,1,36.17
2017-08-26 08:00:00,1,39.94
2017-08-26 09:00:00,1,45.55
2017-08-26 10:00:00,1,56.37
2017-08-26 11:00:00,1,61.2
2017-08-26 12:00:00,1,61.28
2017-08-26 13:00:00,1,58.92
2017-08-26 14:00:00,1,56.28
2017-08-26 15:00:00,1,56.3
2017-08-26 16:00:00,1,57.68
2017-08-26 17:00:00,1,57.53
2017-08-26 18:00:00,1,59.39
2017-08-26 19:00:00,1,64.6
2017-08-26 20:00:00,1,65.55
2017-08-26 21:00:00,1,64.65
2017-08-26 22:00:00,1,63.04
2017-08-26 23:00:00,1,61.55
2017-08-27 00:00:00,1,52.09
2017-08-27 01:00:00,1,43.96
2017-08-27 02:00:00,1,34.66
2017-08-27 03:00:00,1,32.25
2017-08-27 04:00:00,1,26.32
2017-08-27 05:00:00,1,25.69
2017-08-27 06:00:00,1,27.85
2017-08-27 07:00:00,1,32.23
2017-08-27 08:00:00,1,37.51
2017-08-27 09:00:00,1,43.72
2017-08-27 10:00:00,1,52.67
2017-08-27 11:00:00,1,61.64
2017-08-27 12:00:00,1,62.7
2017-08-27 13:00:00,1,60.54
2017-08-27 14:00:00,1,56.06
2017-08-27 15:00:00,1,55.1
2017-08-27 16:00:00,1,56.6
2017-08-27 17:00:00,1,57.42
2017-08-27 18:00:00,1,59.6
2017-08-27 19:00:00,1,64.19
2017-08-27 20:00:00,1,64.54
2017-08-27 21:00:00,1,64.75
2017-08-27 22:00:00,1,63.85
2017-08-27 23:00:00,1,61.87
2017-08-28 00:00:00,1,53.09
2017-08-28 01:00:00,1,49.13
2017-08-28 02:00:00,1,40.62
2017-08-28 03:00:00,1,36.5
2017-08-28 04:00:00,1,33.05
2017-08-28 05:00:00,1,33.38
2017-08-28 06:00:00,1,39.45
2017-08-28 07:00:00,1,48.87
2017-08-28 08:00:00,1,55.75
2017-08-28 09:00:00,1,66.85
2017-08-28 10:00:00,1,87.84
2017-08-28 11:00:00,1,114.12
2017-08-28 12:00:00,1,113.97
2017-08-28 13:00:00,1,104.58
2017-08-28 14:00:00,1,110.71
2017-08-28 15:00:00,1,109.0
2017-08-28 16:00:00,1,104.9
2017-08-28 17:00:00,1,107.15
2017-08-28 18:00:00,1,113.97
2017-08-28 19:00:00,1,117.36
2017-08-28 20:00:00,1,110.51
2017-08-28 21:00:00,1,105.39
2017-08-28 22:00:00,1,96.74
2017-08-28 23:00:00,1,96.4
2017-08-29 00:00:00,1,86.58
2017-08-29 01:00:00,1,71.78
2017-08-29 02:00:00,1,63.79
2017-08-29 03:00:00,1,50.46
2017-08-29 04:00:00,1,42.62
2017-08-29 05:00:00,1,40.18
2017-08-29 06:00:00,1,45.9
2017-08-29 07:00:00,1,51.87
2017-08-29 08:00:00,1,58.7
2017-08-29 09:00:00,1,70.69
2017-08-29 10:00:00,1,94.91
2017-08-29 11:00:00,1,117.47
2017-08-29 12:00:00,1,117.74
2017-08-29 13:00:00,1,107.28
2017-08-29 14:00:00,1,114.46
2017-08-29 15:00:00,1,113.49
2017-08-29 16:00:00,1,108.95
2017-08-29 17:00:00,1,110.66
2017-08-29 18:00:00,1,114.46
2017-08-29 19:00:00,1,116.01
2017-08-29 20:00:00,1,111.3
2017-08-29 21:00:00,1,101.11
2017-08-29 22:00:00,1,96.72
2017-08-29 23:00:00,1,95.7
2017-08-30 00:00:00,1,85.64
2017-08-30 01:00:00,1,70.05
2017-08-30 02:00:00,1,61.75
2017-08-30 03:00:00,1,52.11
2017-08-30 04:00:00,1,42.28
2017-08-30 05:00:00,1,40.25
2017-08-30 06:00:00,1,45.22
2017-08-30 07:00:00,1,52.62
2017-08-30 08:00:00,1,58.56
2017-08-30 09:00:00,1,70.12
2017-08-30 10:00:00,1,94.69
2017-08-30 11:00:00,1,109.15
2017-08-30 12:00:00,1,111.61
2017-08-30 13:00:00,1,103.44
2017-08-30 14:00:00,1,111.1
2017-08-30 15:00:00,1,112.21
2017-08-30 16:00:00,1,105.79
2017-08-30 17:00:00,1,107.02
2017-08-30 18:00:00,1,111.75
2017-08-30 19:00:00,1,114.23
2017-08-30 20:00:00,1,109.28
2017-08-30 21:00:00,1,97.51
2017-08-30 22:00:00,1,90.96
2017-08-30 23:00:00,1,89.12
2017-08-31 00:00:00,1,85.11
2017-08-31 01:00:00,1,67.01
2017-08-31 02:00:00,1,60.7
2017-08-31 03:00:00,1,49.0
2017-08-31 04:00:00,1,43.58
2017-08-31 05:00:00,1,39.43
2017-08-31 06:00:00,1,45.86
2017-08-31 07:00:00,1,51.18
2017-08-31 08:00:00,1,58.18
2017-08-31 09:00:00,1,69.66
2017-08-31 10:00:00,1,93.76
2017-08-31 11:00:00,1,108.11
2017-08-31 12:00:00,1,110.47
2017-08-31 13:00:00,1,103.73
2017-08-31 14:00:00,1,106.36
2017-08-31 15:00:00,1,107.84
2017-08-31 16:00:00,1,103.39
2017-08-31 17:00:00,1,103.52
2017-08-31 18:00:00,1,107.23
2017-08-31 19:00:00,1,108.51
2017-08-31 20:00:00,1,106.41
2017-08-31 21:00:00,1,96.95
2017-08-31 22:00:00,1,91.16
2017-08-31 23:00:00,1,89.49
2017-09-01 00:00:00,1,79.63
2017-09-01 01:00:00,1,70.22
2017-09-01 02:00:00,1,58.48
2017-09-01 03:00:00,1,47.61
2017-09-01 04:00:00,1,39.27
2017-09-01 05:00:00,1,40.04
2017-09-01 06:00:00,1,45.6
2017-09-01 07:00:00,1,51.93
2017-09-01 08:00:00,1,54.81
2017-09-01 09:00:00,1,65.29
2017-09-01 10:00:00,1,89.08
2017-09-01 11:00:00,1,94.88
2017-09-01 12:00:00,1,99.75
2017-09-01 13:00:00,1,94.77
2017-09-01 14:00:00,1,96.98
2017-09-01 15:00:00,1,99.8
2017-09-01 16:00:00,1,102.1
2017-09-01 17:00:00,1,102.77
2017-09-01 18:00:00,1,102.74
2017-09-01 19:00:00,1,103.14
2017-09-01 20:00:00,1,102.46
2017-09-01 21:00:00,1,90.83
2017-09-01 22:00:00,1,87.98
2017-09-01 23:00:00,1,86.28
2017-09-02 00:00:00,1,68.58
2017-09-02 01:00:00,1,59.37
2017-09-02 02:00:00,1,47.2
2017-09-02 03:00:00,1,38.09
2017-09-02 04:00:00,1,32.27
2017-09-02 05:00:00,1,32.87
2017-09-02 06:00:00,1,36.56
2017-09-02 07:00:00,1,36.71
2017-09-02 08:00:00,1,41.86
2017-09-02 09:00:00,1,44.87
2017-09-02 10:00:00,1,57.44
2017-09-02 11:00:00,1,59.51
2017-09-02 12:00:00,1,58.6
2017-09-02 13:00:00,1,55.57
2017-09-02 14:00:00,1,56.19
2017-09-02 15:00:00,1,53.48
2017-09-02 16:00:00,1,52.26
2017-09-02 17:00:00,1,53.78
2017-09-02 18:00:00,1,62.15
2017-09-02 19:00:00,1,62.3
2017-09-02 20:00:00,1,63.36
2017-09-02 21:00:00,1,63.28
2017-09-02 22:00:00,1,63.61
2017-09-02 23:00:00,1,61.78
2017-09-03 00:00:00,1,49.42
2017-09-03 01:00:00,1,43.61
2017-09-03 02:00:00,1,36.17
2017-09-03 03:00:00,1,33.24
2017-09-03 04:00:00,1,27.27
2017-09-03 05:00:00,1,27.95
2017-09-03 06:00:00,1,30.27
2017-09-03 07:00:00,1,34.57
2017-09-03 08:00:00,1,37.47
2017-09-03 09:00:00,1,46.42
2017-09-03 10:00:00,1,54.01
2017-09-03 11:00:00,1,56.58
2017-09-03 12:00:00,1,55.9
2017-09-03 13:00:00,1,53.58
2017-09-03 14:00:00,1,52.95
2017-09-03 15:00:00,1,50.95
2017-09-03 16:00:00,1,51.15
2017-09-03 17:00:00,1,52.17
2017-09-03 18:00:00,1,63.67
2017-09-03 19:00:00,1,63.86
2017-09-03 20:00:00,1,63.62
2017-09-03 21:00:00,1,64.9
2017-09-03 22:00:00,1,65.29
2017-09-03 23:00:00,1,64.88
2017-09-04 00:00:00,1,56.13
2017-09-04 01:00:00,1,45.06
2017-09-04 02:00:00,1,37.97
2017-09-04 03:00:00,1,37.22
2017-09-04 04:00:00,1,33.28
2017-09-04 05:00:00,1,32.84
2017-09-04 06:00:00,1,37.63
2017-09-04 07:00:00,1,48.08
2017-09-04 08:00:00,1,56.59
2017-09-04 09:00:00,1,63.91
2017-09-04 10:00:00,1,87.31
2017-09-04 11:00:00,1,100.09
2017-09-04 12:00:00,1,103.67
2017-09-04 13:00:00,1,102.31
2017-09-04 14:00:00,1,101.52
2017-09-04 15:00:00,1,100.4
2017-09-04 16:00:00,1,94.57
2017-09-04 17:00:00,1,90.68
2017-09-04 18:00:00,1,94.31
2017-09-04 19:00:00,1,95.19
2017-09-04 20:00:00,1,92.94
2017-09-04 21:00:00,1,91.71
2017-09-04 22:00:00,1,89.94
2017-09-04 23:00:00,1,88.59
2017-09-05 00:00:00,1,77.22
2017-09-05 01:00:00,1,72.78
2017-09-05 02:00:00,1,57.14
2017-09-05 03:00:00,1,48.02
2017-09-05 04:00:00,1,40.44
2017-09-05 05:00:00,1,42.26
2017-09-05 06:00:00,1,44.87
2017-09-05 07:00:00,1,52.06
2017-09-05 08:00:00,1,60.57
2017-09-05 09:00:00,1,66.38
2017-09-05 10:00:00,1,87.85
2017-09-05 11:00:00,1,101.75
2017-09-05 12:00:00,1,104.79
2017-09-05 13:00:00,1,102.35
2017-09-05 14:00:00,1,102.96
2017-09-05 15:00:00,1,103.14
2017-09-05 16:00:00,1,99.88
2017-09-05 17:00:00,1,98.73
2017-09-05 18:00:00,1,101.75
2017-09-05 19:00:00,1,102.61
2017-09-05 20:00:00,1,99.35
2017-09-05 21:00:00,1,94.47
2017-09-05 22:00:00,1,92.46
2017-09-05 23:00:00,1,89.91
2017-09-06 00:00:00,1,80.1
2017-09-06 01:00:00,1,75.92
2017-09-06 02:00:00,1,58.93
2017-09-06 03:00:00,1,51.74
2017-09-06 04:00:00,1,41.23
2017-09-06 05:00:00,1,42.59
2017-09-06 06:00:00,1,45.97
2017-09-06 07:00:00,1,54.53
2017-09-06 08:00:00,1,63.07
2017-09-06 09:00:00,1,71.72
2017-09-06 10:00:00,1,95.44
2017-09-06 11:00:00,1,110.81
2017-09-06 12:00:00,1,110.73
2017-09-06 13:00:00,1,104.07
2017-09-06 14:00:00,1,110.24
2017-09-06 15:00:00,1,112.17
2017-09-06 16:00:00,1,111.0
2017-09-06 17:00:00,1,115.58
2017-09-06 18:00:00,1,117.69
2017-09-06 19:00:00,1,118.21
2017-09-06 20:00:00,1,113.64
2017-09-06 21:00:00,1,103.7
2017-09-06 22:00:00,1,98.48
2017-09-06 23:00:00,1,94.32
2017-09-07 00:00:00,1,83.17
2017-09-07 01:00:00,1,68.23
2017-09-07 02:00:00,1,58.47
2017-09-07 03:00:00,1,47.62
2017-09-07 04:00:00,1,42.87
2017-09-07 05:00:00,1,42.02
2017-09-07 06:00:00,1,46.62
2017-09-07 07:00:00,1,52.54
2017-09-07 08:00:00,1,60.24
2017-09-07 09:00:00,1,73.15
2017-09-07 10:00:00,1,97.59
2017-09-07 11:00:00,1,111.09
2017-09-07 12:00:00,1,111.23
2017-09-07 13:00:00,1,101.62
2017-09-07 14:00:00,1,109.46
2017-09-07 15:00:00,1,108.98
2017-09-07 16:00:00,1,102.31
2017-09-07 17:00:00,1,102.14
2017-09-07 18:00:00,1,105.65
2017-09-07 19:00:00,1,107.43
2017-09-07 20:00:00,1,104.38
2017-09-07 21:00:00,1,96.74
2017-09-07 22:00:00,1,91.66
2017-09-07 23:00:00,1,89.35
2017-09-08 00:00:00,1,83.59
2017-09-08 01:00:00,1,70.01
2017-09-08 02:00:00,1,57.9
2017-09-08 03:00:00,1,47.13
2017-09-08 04:00:00,1,42.19
2017-09-08 05:00:00,1,39.36
2017-09-08 06:00:00,1,46.45
2017-09-08 07:00:00,1,52.45
2017-09-08 08:00:00,1,57.36
2017-09-08 09:00:00,1,70.43
2017-09-08 10:00:00,1,88.06
2017-09-08 11:00:00,1,98.27
2017-09-08 12:00:00,1,100.29
2017-09-08 13:00:00,1,95.74
2017-09-08 14:00:00,1,98.56
2017-09-08 15:00:00,1,97.68
2017-09-08 16:00:00,1,91.63
2017-09-08 17:00:00,1,87.95
2017-09-08 18:00:00,1,92.94
2017-09-08 19:00:00,1,94.87
2017-09-08 20:00:00,1,92.24
2017-09-08 21:00:00,1,80.43
2017-09-08 22:00:00,1,78.78
2017-09-08 23:00:00,1,75.46
2017-09-09 00:00:00,1,67.2
2017-09-09 01:00:00,1,59.2
2017-09-09 02:00:00,1,47.0
2017-09-09 03:00:00,1,37.62
2017-09-09 04:00:00,1,33.78
2017-09-09 05:00:00,1,28.65
2017-09-09 06:00:00,1,31.73
2017-09-09 07:00:00,1,35.52
2017-09-09 08:00:00,1,40.95
2017-09-09 09:00:00,1,44.01
2017-09-09 10:00:00,1,54.14
2017-09-09 11:00:00,1,57.49
2017-09-09 12:00:00,1,58.31
2017-09-09 13:00:00,1,55.79
2017-09-09 14:00:00,1,55.69
2017-09-09 15:00:00,1,52.89
2017-09-09 16:00:00,1,53.89
2017-09-09 17:00:00,1,55.88
2017-09-09 18:00:00,1,58.94
2017-09-09 19:00:00,1,65.5
2017-09-09 20:00:00,1,67.73
2017-09-09 21:00:00,1,65.1
2017-09-09 22:00:00,1,64.74
2017-09-09 23:00:00,1,62.69
2017-09-10 00:00:00,1,54.21
2017-09-10 01:00:00,1,42.04
2017-09-10 02:00:00,1,37.91
2017-09-10 03:00:00,1,35.05
2017-09-10 04:00:00,1,26.57
2017-09-10 05:00:00,1,26.13
2017-09-10 06:00:00,1,29.06
2017-09-10 07:00:00,1,36.71
2017-09-10 08:00:00,1,39.87
2017-09-10 09:00:00,1,43.52
2017-09-10 10:00:00,1,50.69
2017-09-10 11:00:00,1,53.93
2017-09-10 12:00:00,1,53.95
2017-09-10 13:00:00,1,52.13
2017-09-10 14:00:00,1,51.51
2017-09-10 15:00:00,1,50.99
2017-09-10 16:00:00,1,52.92
2017-09-10 17:00:00,1,52.55
2017-09-10 18:00:00,1,62.34
2017-09-10 19:00:00,1,70.53
2017-09-10 20:00:00,1,73.4
2017-09-10 21:00:00,1,69.96
2017-09-10 22:00:00,1,68.28
2017-09-10 23:00:00,1,67.87
2017-09-11 00:00:00,1,58.03
2017-09-11 01:00:00,1,48.97
2017-09-11 02:00:00,1,39.31
2017-09-11 03:00:00,1,38.43
2017-09-11 04:00:00,1,32.74
2017-09-11 05:00:00,1,33.11
2017-09-11 06:00:00,1,40.12
2017-09-11 07:00:00,1,48.99
2017-09-11 08:00:00,1,56.42
2017-09-11 09:00:00,1,67.51
2017-09-11 10:00:00,1,89.14
2017-09-11 11:00:00,1,113.32
2017-09-11 12:00:00,1,113.91
2017-09-11 13:00:00,1,108.52
2017-09-11 14:00:00,1,113.68
2017-09-11 15:00:00,1,115.21
2017-09-11 16:00:00,1,112.64
2017-09-11 17:00:00,1,113.13
2017-09-11 18:00:00,1,114.49
2017-09-11 19:00:00,1,117.48
2017-09-11 20:00:00,1,109.87
2017-09-11 21:00:00,1,102.27
2017-09-11 22:00:00,1,93.58
2017-09-11 23:00:00,1,91.07
2017-09-12 00:00:00,1,81.21
2017-09-12 01:00:00,1,74.0
2017-09-12 02:00:00,1,59.42
2017-09-12 03:00:00,1,49.78
2017-09-12 04:00:00,1,42.99
2017-09-12 05:00:00,1,40.01
2017-09-12 06:00:00,1,46.56
2017-09-12 07:00:00,1,53.57
2017-09-12 08:00:00,1,60.62
2017-09-12 09:00:00,1,68.65
2017-09-12 10:00:00,1,90.36
2017-09-12 11:00:00,1,114.63
2017-09-12 12:00:00,1,115.41
2017-09-12 13:00:00,1,106.04
2017-09-12 14:00:00,1,113.79
2017-09-12 15:00:00,1,112.64
2017-09-12 16:00:00,1,111.47
2017-09-12 17:00:00,1,114.94
2017-09-12 18:00:00,1,117.78
2017-09-12 19:00:00,1,119.15
2017-09-12 20:00:00,1,111.66
2017-09-12 21:00:00,1,103.59
2017-09-12 22:00:00,1,95.02
2017-09-12 23:00:00,1,91.57
2017-09-13 00:00:00,1,83.27
2017-09-13 01:00:00,1,74.58
2017-09-13 02:00:00,1,59.72
2017-09-13 03:00:00,1,52.91
2017-09-13 04:00:00,1,41.94
2017-09-13 05:00:00,1,40.12
2017-09-13 06:00:00,1,46.59
2017-09-13 07:00:00,1,54.52
2017-09-13 08:00:00,1,62.3
2017-09-13 09:00:00,1,69.56
2017-09-13 10:00:00,1,90.67
2017-09-13 11:00:00,1,112.05
2017-09-13 12:00:00,1,112.76
2017-09-13 13:00:00,1,102.73
2017-09-13 14:00:00,1,109.3
2017-09-13 15:00:00,1,108.17
2017-09-13 16:00:00,1,103.98
2017-09-13 17:00:00,1,104.66
2017-09-13 18:00:00,1,111.86
2017-09-13 19:00:00,1,110.52
2017-09-13 20:00:00,1,105.5
2017-09-13 21:00:00,1,97.96
2017-09-13 22:00:00,1,93.44
2017-09-13 23:00:00,1,89.51
2017-09-14 00:00:00,1,82.1
2017-09-14 01:00:00,1,68.57
2017-09-14 02:00:00,1,56.32
2017-09-14 03:00:00,1,48.6
2017-09-14 04:00:00,1,41.99
2017-09-14 05:00:00,1,40.24
2017-09-14 06:00:00,1,45.58
2017-09-14 07:00:00,1,50.44
2017-09-14 08:00:00,1,58.22
2017-09-14 09:00:00,1,70.44
2017-09-14 10:00:00,1,91.4
2017-09-14 11:00:00,1,110.85
2017-09-14 12:00:00,1,111.28
2017-09-14 13:00:00,1,101.43
2017-09-14 14:00:00,1,107.27
2017-09-14 15:00:00,1,106.51
2017-09-14 16:00:00,1,101.22
2017-09-14 17:00:00,1,101.08
2017-09-14 18:00:00,1,105.9
2017-09-14 19:00:00,1,107.3
2017-09-14 20:00:00,1,104.04
2017-09-14 21:00:00,1,95.21
2017-09-14 22:00:00,1,91.09
2017-09-14 23:00:00,1,88.55
2017-09-15 00:00:00,1,81.69
2017-09-15 01:00:00,1,68.14
2017-09-15 02:00:00,1,55.73
2017-09-15 03:00:00,1,48.29
2017-09-15 04:00:00,1,42.04
2017-09-15 05:00:00,1,39.63
2017-09-15 06:00:00,1,42.98
2017-09-15 07:00:00,1,49.53
2017-09-15 08:00:00,1,55.29
2017-09-15 09:00:00,1,69.25
2017-09-15 10:00:00,1,88.21
2017-09-15 11:00:00,1,100.04
2017-09-15 12:00:00,1,100.18
2017-09-15 13:00:00,1,96.46
2017-09-15 14:00:00,1,98.7
2017-09-15 15:00:00,1,99.3
2017-09-15 16:00:00,1,99.14
2017-09-15 17:00:00,1,94.65
2017-09-15 18:00:00,1,99.99
2017-09-15 19:00:00,1,97.35
2017-09-15 20:00:00,1,99.41
2017-09-15 21:00:00,1,81.51
2017-09-15 22:00:00,1,79.81
2017-09-15 23:00:00,1,76.78
2017-09-16 00:00:00,1,67.7
2017-09-16 01:00:00,1,57.23
2017-09-16 02:00:00,1,44.95
2017-09-16 03:00:00,1,36.98
2017-09-16 04:00:00,1,31.44
2017-09-16 05:00:00,1,27.61
2017-09-16 06:00:00,1,30.37
2017-09-16 07:00:00,1,31.44
2017-09-16 08:00:00,1,38.83
2017-09-16 09:00:00,1,42.93
2017-09-16 10:00:00,1,52.86
2017-09-16 11:00:00,1,54.72
2017-09-16 12:00:00,1,55.58
2017-09-16 13:00:00,1,54.18
2017-09-16 14:00:00,1,53.9
2017-09-16 15:00:00,1,53.31
2017-09-16 16:00:00,1,55.97
2017-09-16 17:00:00,1,53.45
2017-09-16 18:00:00,1,54.34
2017-09-16 19:00:00,1,63.66
2017-09-16 20:00:00,1,64.72
2017-09-16 21:00:00,1,59.41
2017-09-16 22:00:00,1,56.54
2017-09-16 23:00:00,1,56.56
2017-09-17 00:00:00,1,50.51
2017-09-17 01:00:00,1,41.58
2017-09-17 02:00:00,1,35.19
2017-09-17 03:00:00,1,31.8
2017-09-17 04:00:00,1,26.64
2017-09-17 05:00:00,1,26.09
2017-09-17 06:00:00,1,28.53
2017-09-17 07:00:00,1,30.56
2017-09-17 08:00:00,1,36.43
2017-09-17 09:00:00,1,41.34
2017-09-17 10:00:00,1,49.38
2017-09-17 11:00:00,1,50.8
2017-09-17 12:00:00,1,51.82
2017-09-17 13:00:00,1,50.22
2017-09-17 14:00:00,1,48.62
2017-09-17 15:00:00,1,49.15
2017-09-17 16:00:00,1,52.0
2017-09-17 17:00:00,1,51.68
2017-09-17 18:00:00,1,52.57
2017-09-17 19:00:00,1,61.71
2017-09-17 20:00:00,1,62.73
2017-09-17 21:00:00,1,59.17
2017-09-17 22:00:00,1,59.15
2017-09-17 23:00:00,1,59.06
2017-09-18 00:00:00,1,50.52
2017-09-18 01:00:00,1,43.51
2017-09-18 02:00:00,1,38.01
2017-09-18 03:00:00,1,35.88
2017-09-18 04:00:00,1,30.45
2017-09-18 05:00:00,1,32.92
2017-09-18 06:00:00,1,39.31
2017-09-18 07:00:00,1,48.98
2017-09-18 08:00:00,1,54.89
2017-09-18 09:00:00,1,63.49
2017-09-18 10:00:00,1,92.29
2017-09-18 11:00:00,1,111.91
2017-09-18 12:00:00,1,112.8
2017-09-18 13:00:00,1,105.06
2017-09-18 14:00:00,1,110.85
2017-09-18 15:00:00,1,109.94
2017-09-18 16:00:00,1,106.45
2017-09-18 17:00:00,1,107.04
2017-09-18 18:00:00,1,110.74
2017-09-18 19:00:00,1,112.16
2017-09-18 20:00:00,1,107.72
2017-09-18 21:00:00,1,98.24
2017-09-18 22:00:00,1,91.61
2017-09-18 23:00:00,1,90.31
2017-09-19 00:00:00,1,79.39
2017-09-19 01:00:00,1,72.52
2017-09-19 02:00:00,1,57.53
2017-09-19 03:00:00,1,49.39
2017-09-19 04:00:00,1,40.6
2017-09-19 05:00:00,1,40.05
2017-09-19 06:00:00,1,43.16
2017-09-19 07:00:00,1,51.72
2017-09-19 08:00:00,1,58.88
2017-09-19 09:00:00,1,66.05
2017-09-19 10:00:00,1,93.43
2017-09-19 11:00:00,1,106.92
2017-09-19 12:00:00,1,108.6
2017-09-19 13:00:00,1,102.37
2017-09-19 14:00:00,1,109.06
2017-09-19 15:00:00,1,109.13
2017-09-19 16:00:00,1,106.81
2017-09-19 17:00:00,1,107.32
2017-09-19 18:00:00,1,111.96
2017-09-19 19:00:00,1,111.89
2017-09-19 20:00:00,1,107.77
2017-09-19 21:00:00,1,99.25
2017-09-19 22:00:00,1,92.94
2017-09-19 23:00:00,1,91.65
2017-09-20 00:00:00,1,81.1
2017-09-20 01:00:00,1,72.88
2017-09-20 02:00:00,1,57.82
2017-09-20 03:00:00,1,52.75
2017-09-20 04:00:00,1,40.99
2017-09-20 05:00:00,1,40.7
2017-09-20 06:00:00,1,43.72
2017-09-20 07:00:00,1,52.56
2017-09-20 08:00:00,1,59.75
2017-09-20 09:00:00,1,68.6
2017-09-20 10:00:00,1,93.67
2017-09-20 11:00:00,1,104.11
2017-09-20 12:00:00,1,106.63
2017-09-20 13:00:00,1,99.48
2017-09-20 14:00:00,1,106.3
2017-09-20 15:00:00,1,106.7
2017-09-20 16:00:00,1,102.39
2017-09-20 17:00:00,1,103.34
2017-09-20 18:00:00,1,107.4
2017-09-20 19:00:00,1,108.76
2017-09-20 20:00:00,1,106.61
2017-09-20 21:00:00,1,100.69
2017-09-20 22:00:00,1,93.23
2017-09-20 23:00:00,1,90.36
2017-09-21 00:00:00,1,79.93
2017-09-21 01:00:00,1,66.98
2017-09-21 02:00:00,1,54.93
2017-09-21 03:00:00,1,49.28
2017-09-21 04:00:00,1,42.15
2017-09-21 05:00:00,1,40.65
2017-09-21 06:00:00,1,43.89
2017-09-21 07:00:00,1,49.88
2017-09-21 08:00:00,1,58.52
2017-09-21 09:00:00,1,70.76
2017-09-21 10:00:00,1,94.53
2017-09-21 11:00:00,1,108.31
2017-09-21 12:00:00,1,109.96
2017-09-21 13:00:00,1,101.22
2017-09-21 14:00:00,1,107.82
2017-09-21 15:00:00,1,106.94
2017-09-21 16:00:00,1,102.05
2017-09-21 17:00:00,1,101.99
2017-09-21 18:00:00,1,106.13
2017-09-21 19:00:00,1,108.27
2017-09-21 20:00:00,1,106.79
2017-09-21 21:00:00,1,98.96
2017-09-21 22:00:00,1,91.55
2017-09-21 23:00:00,1,89.41
2017-09-22 00:00:00,1,77.83
2017-09-22 01:00:00,1,66.64
2017-09-22 02:00:00,1,56.15
2017-09-22 03:00:00,1,49.58
2017-09-22 04:00:00,1,41.22
2017-09-22 05:00:00,1,38.55
2017-09-22 06:00:00,1,41.61
2017-09-22 07:00:00,1,48.28
2017-09-22 08:00:00,1,58.79
2017-09-22 09:00:00,1,70.3
2017-09-22 10:00:00,1,87.68
2017-09-22 11:00:00,1,93.18
2017-09-22 12:00:00,1,96.19
2017-09-22 13:00:00,1,92.96
2017-09-22 14:00:00,1,93.97
2017-09-22 15:00:00,1,92.78
2017-09-22 16:00:00,1,85.81
2017-09-22 17:00:00,1,85.74
2017-09-22 18:00:00,1,89.22
2017-09-22 19:00:00,1,92.79
2017-09-22 20:00:00,1,91.21
2017-09-22 21:00:00,1,80.91
2017-09-22 22:00:00,1,76.43
2017-09-22 23:00:00,1,74.96
2017-09-23 00:00:00,1,67.71
2017-09-23 01:00:00,1,57.89
2017-09-23 02:00:00,1,46.49
2017-09-23 03:00:00,1,39.74
2017-09-23 04:00:00,1,32.78
2017-09-23 05:00:00,1,28.31
2017-09-23 06:00:00,1,32.17
2017-09-23 07:00:00,1,35.03
2017-09-23 08:00:00,1,39.44
2017-09-23 09:00:00,1,44.07
2017-09-23 10:00:00,1,52.5
2017-09-23 11:00:00,1,55.43
2017-09-23 12:00:00,1,56.27
2017-09-23 13:00:00,1,54.13
2017-09-23 14:00:00,1,54.63
2017-09-23 15:00:00,1,54.93
2017-09-23 16:00:00,1,56.92
2017-09-23 17:00:00,1,55.64
2017-09-23 18:00:00,1,58.42
2017-09-23 19:00:00,1,63.92
2017-09-23 20:00:00,1,64.62
2017-09-23 21:00:00,1,64.3
2017-09-23 22:00:00,1,62.98
2017-09-23 23:00:00,1,61.95
2017-09-24 00:00:00,1,51.9
2017-09-24 01:00:00,1,44.22
2017-09-24 02:00:00,1,35.49
2017-09-24 03:00:00,1,33.32
2017-09-24 04:00:00,1,26.89
2017-09-24 05:00:00,1,26.15
2017-09-24 06:00:00,1,28.62
2017-09-24 07:00:00,1,32.07
2017-09-24 08:00:00,1,37.65
2017-09-24 09:00:00,1,43.31
2017-09-24 10:00:00,1,51.18
2017-09-24 11:00:00,1,55.13
2017-09-24 12:00:00,1,56.25
2017-09-24 13:00:00,1,55.44
2017-09-24 14:00:00,1,53.4
2017-09-24 15:00:00,1,53.84
2017-09-24 16:00:00,1,55.3
2017-09-24 17:00:00,1,55.19
2017-09-24 18:00:00,1,58.99
2017-09-24 19:00:00,1,65.91
2017-09-24 20:00:00,1,65.47
2017-09-24 21:00:00,1,65.53
2017-09-24 22:00:00,1,64.08
2017-09-24 23:00:00,1,61.98
2017-09-25 00:00:00,1,54.3
2017-09-25 01:00:00,1,49.36
2017-09-25 02:00:00,1,41.0
2017-09-25 03:00:00,1,37.23
2017-09-25 04:00:00,1,33.41
2017-09-25 05:00:00,1,33.44
2017-09-25 06:00:00,1,43.35
2017-09-25 07:00:00,1,48.84
2017-09-25 08:00:00,1,56.24
2017-09-25 09:00:00,1,66.96
2017-09-25 10:00:00,1,84.76
2017-09-25 11:00:00,1,101.78
2017-09-25 12:00:00,1,102.12
2017-09-25 13:00:00,1,94.51
2017-09-25 14:00:00,1,97.31
2017-09-25 15:00:00,1,95.98
2017-09-25 16:00:00,1,94.54
2017-09-25 17:00:00,1,97.35
2017-09-25 18:00:00,1,106.75
2017-09-25 19:00:00,1,111.04
2017-09-25 20:00:00,1,107.41
2017-09-25 21:00:00,1,104.44
2017-09-25 22:00:00,1,96.72
2017-09-25 23:00:00,1,96.56
2017-09-26 00:00:00,1,86.84
2017-09-26 01:00:00,1,73.67
2017-09-26 02:00:00,1,65.69
2017-09-26 03:00:00,1,51.22
2017-09-26 04:00:00,1,42.64
2017-09-26 05:00:00,1,40.49
2017-09-26 06:00:00,1,44.71
2017-09-26 07:00:00,1,51.82
2017-09-26 08:00:00,1,60.26
2017-09-26 09:00:00,1,69.65
2017-09-26 10:00:00,1,80.73
2017-09-26 11:00:00,1,98.95
2017-09-26 12:00:00,1,99.14
2017-09-26 13:00:00,1,92.03
2017-09-26 14:00:00,1,94.92
2017-09-26 15:00:00,1,93.32
2017-09-26 16:00:00,1,94.0
2017-09-26 17:00:00,1,97.43
2017-09-26 18:00:00,1,107.91
2017-09-26 19:00:00,1,112.35
2017-09-26 20:00:00,1,109.02
2017-09-26 21:00:00,1,104.82
2017-09-26 22:00:00,1,97.76
2017-09-26 23:00:00,1,97.43
2017-09-27 00:00:00,1,88.25
2017-09-27 01:00:00,1,73.14
2017-09-27 02:00:00,1,65.37
2017-09-27 03:00:00,1,53.01
2017-09-27 04:00:00,1,42.09
2017-09-27 05:00:00,1,40.23
2017-09-27 06:00:00,1,45.04
2017-09-27 07:00:00,1,52.72
2017-09-27 08:00:00,1,60.23
2017-09-27 09:00:00,1,69.96
2017-09-27 10:00:00,1,84.01
2017-09-27 11:00:00,1,113.69
2017-09-27 12:00:00,1,114.68
2017-09-27 13:00:00,1,106.63
2017-09-27 14:00:00,1,114.57
2017-09-27 15:00:00,1,113.1
2017-09-27 16:00:00,1,109.29
2017-09-27 17:00:00,1,112.17
2017-09-27 18:00:00,1,118.21
2017-09-27 19:00:00,1,121.34
2017-09-27 20:00:00,1,114.9
2017-09-27 21:00:00,1,104.69
2017-09-27 22:00:00,1,96.24
2017-09-27 23:00:00,1,95.78
2017-09-28 00:00:00,1,87.31
2017-09-28 01:00:00,1,67.79
2017-09-28 02:00:00,1,62.3
2017-09-28 03:00:00,1,49.8
2017-09-28 04:00:00,1,43.51
2017-09-28 05:00:00,1,40.28
2017-09-28 06:00:00,1,46.05
2017-09-28 07:00:00,1,51.13
2017-09-28 08:00:00,1,57.64
2017-09-28 09:00:00,1,70.1
2017-09-28 10:00:00,1,92.68
2017-09-28 11:00:00,1,112.61
2017-09-28 12:00:00,1,114.29
2017-09-28 13:00:00,1,104.92
2017-09-28 14:00:00,1,112.0
2017-09-28 15:00:00,1,111.99
2017-09-28 16:00:00,1,105.77
2017-09-28 17:00:00,1,107.46
2017-09-28 18:00:00,1,114.26
2017-09-28 19:00:00,1,117.94
2017-09-28 20:00:00,1,111.62
2017-09-28 21:00:00,1,102.15
2017-09-28 22:00:00,1,95.5
2017-09-28 23:00:00,1,94.79
2017-09-29 00:00:00,1,85.67
2017-09-29 01:00:00,1,67.42
2017-09-29 02:00:00,1,61.52
2017-09-29 03:00:00,1,49.01
2017-09-29 04:00:00,1,42.57
2017-09-29 05:00:00,1,39.48
2017-09-29 06:00:00,1,45.65
2017-09-29 07:00:00,1,51.54
2017-09-29 08:00:00,1,56.92
2017-09-29 09:00:00,1,69.62
2017-09-29 10:00:00,1,92.1
2017-09-29 11:00:00,1,99.25
2017-09-29 12:00:00,1,99.22
2017-09-29 13:00:00,1,92.45
2017-09-29 14:00:00,1,99.88
2017-09-29 15:00:00,1,99.32
2017-09-29 16:00:00,1,94.4
2017-09-29 17:00:00,1,91.39
2017-09-29 18:00:00,1,95.07
2017-09-29 19:00:00,1,100.7
2017-09-29 20:00:00,1,97.27
2017-09-29 21:00:00,1,85.47
2017-09-29 22:00:00,1,81.72
2017-09-29 23:00:00,1,78.91
2017-09-30 00:00:00,1,68.71
2017-09-30 01:00:00,1,59.28
2017-09-30 02:00:00,1,45.47
2017-09-30 03:00:00,1,40.49
2017-09-30 04:00:00,1,31.38
2017-09-30 05:00:00,1,28.5
2017-09-30 06:00:00,1,31.81
2017-09-30 07:00:00,1,33.21
2017-09-30 08:00:00,1,38.79
2017-09-30 09:00:00,1,41.22
2017-09-30 10:00:00,1,54.58
2017-09-30 11:00:00,1,61.62
2017-09-30 12:00:00,1,61.43
2017-09-30 13:00:00,1,57.96
2017-09-30 14:00:00,1,53.74
2017-09-30 15:00:00,1,53.06
2017-09-30 16:00:00,1,53.44
2017-09-30 17:00:00,1,54.63
2017-09-30 18:00:00,1,55.57
2017-09-30 19:00:00,1,60.27
2017-09-30 20:00:00,1,62.34
2017-09-30 21:00:00,1,62.08
2017-09-30 22:00:00,1,60.14
2017-09-30 23:00:00,1,58.65
2017-10-01 00:00:00,1,35.84
2017-10-01 01:00:00,1,30.46
2017-10-01 02:00:00,1,23.0
2017-10-01 03:00:00,1,21.58
2017-10-01 04:00:00,1,23.35
2017-10-01 05:00:00,1,23.32
2017-10-01 06:00:00,1,23.86
2017-10-01 07:00:00,1,27.95
2017-10-01 08:00:00,1,33.31
2017-10-01 09:00:00,1,39.27
2017-10-01 10:00:00,1,52.16
2017-10-01 11:00:00,1,54.52
2017-10-01 12:00:00,1,53.8
2017-10-01 13:00:00,1,51.71
2017-10-01 14:00:00,1,51.27
2017-10-01 15:00:00,1,49.49
2017-10-01 16:00:00,1,49.96
2017-10-01 17:00:00,1,50.57
2017-10-01 18:00:00,1,50.65
2017-10-01 19:00:00,1,48.97
2017-10-01 20:00:00,1,51.94
2017-10-01 21:00:00,1,53.25
2017-10-01 22:00:00,1,52.35
2017-10-01 23:00:00,1,51.77
2017-10-02 00:00:00,1,46.69
2017-10-02 01:00:00,1,42.94
2017-10-02 02:00:00,1,35.62
2017-10-02 03:00:00,1,33.84
2017-10-02 04:00:00,1,30.2
2017-10-02 05:00:00,1,28.37
2017-10-02 06:00:00,1,29.83
2017-10-02 07:00:00,1,44.12
2017-10-02 08:00:00,1,55.58
2017-10-02 09:00:00,1,62.3
2017-10-02 10:00:00,1,85.75
2017-10-02 11:00:00,1,97.85
2017-10-02 12:00:00,1,100.99
2017-10-02 13:00:00,1,97.02
2017-10-02 14:00:00,1,98.15
2017-10-02 15:00:00,1,97.61
2017-10-02 16:00:00,1,93.59
2017-10-02 17:00:00,1,91.68
2017-10-02 18:00:00,1,94.24
2017-10-02 19:00:00,1,95.65
2017-10-02 20:00:00,1,93.71
2017-10-02 21:00:00,1,91.59
2017-10-02 22:00:00,1,89.94
2017-10-02 23:00:00,1,88.26
2017-10-03 00:00:00,1,77.32
2017-10-03 01:00:00,1,72.46
2017-10-03 02:00:00,1,57.38
2017-10-03 03:00:00,1,47.58
2017-10-03 04:00:00,1,39.3
2017-10-03 05:00:00,1,40.7
2017-10-03 06:00:00,1,45.43
2017-10-03 07:00:00,1,51.37
2017-10-03 08:00:00,1,59.79
2017-10-03 09:00:00,1,64.71
2017-10-03 10:00:00,1,86.65
2017-10-03 11:00:00,1,100.36
2017-10-03 12:00:00,1,103.17
2017-10-03 13:00:00,1,99.43
2017-10-03 14:00:00,1,101.4
2017-10-03 15:00:00,1,102.54
2017-10-03 16:00:00,1,101.36
2017-10-03 17:00:00,1,101.11
2017-10-03 18:00:00,1,103.08
2017-10-03 19:00:00,1,103.89
2017-10-03 20:00:00,1,101.22
2017-10-03 21:00:00,1,95.39
2017-10-03 22:00:00,1,93.29
2017-10-03 23:00:00,1,90.08
2017-10-04 00:00:00,1,79.28
2017-10-04 01:00:00,1,75.42
2017-10-04 02:00:00,1,58.57
2017-10-04 03:00:00,1,51.64
2017-10-04 04:00:00,1,39.35
2017-10-04 05:00:00,1,41.17
2017-10-04 06:00:00,1,46.33
2017-10-04 07:00:00,1,53.18
2017-10-04 08:00:00,1,61.45
2017-10-04 09:00:00,1,69.55
2017-10-04 10:00:00,1,87.84
2017-10-04 11:00:00,1,102.63
2017-10-04 12:00:00,1,105.43
2017-10-04 13:00:00,1,100.73
2017-10-04 14:00:00,1,102.78
2017-10-04 15:00:00,1,103.94
2017-10-04 16:00:00,1,101.83
2017-10-04 17:00:00,1,100.98
2017-10-04 18:00:00,1,101.7
2017-10-04 19:00:00,1,102.28
2017-10-04 20:00:00,1,99.64
2017-10-04 21:00:00,1,93.8
2017-10-04 22:00:00,1,92.6
2017-10-04 23:00:00,1,89.89
2017-10-05 00:00:00,1,79.41
2017-10-05 01:00:00,1,68.51
2017-10-05 02:00:00,1,56.56
2017-10-05 03:00:00,1,47.04
2017-10-05 04:00:00,1,40.45
2017-10-05 05:00:00,1,41.3
2017-10-05 06:00:00,1,46.38
2017-10-05 07:00:00,1,51.64
2017-10-05 08:00:00,1,59.03
2017-10-05 09:00:00,1,71.12
2017-10-05 10:00:00,1,88.57
2017-10-05 11:00:00,1,101.06
2017-10-05 12:00:00,1,103.72
2017-10-05 13:00:00,1,98.56
2017-10-05 14:00:00,1,101.75
2017-10-05 15:00:00,1,102.58
2017-10-05 16:00:00,1,99.06
2017-10-05 17:00:00,1,97.65
2017-10-05 18:00:00,1,99.77
2017-10-05 19:00:00,1,100.49
2017-10-05 20:00:00,1,98.97
2017-10-05 21:00:00,1,92.9
2017-10-05 22:00:00,1,91.43
2017-10-05 23:00:00,1,89.22
2017-10-06 00:00:00,1,79.78
2017-10-06 01:00:00,1,70.42
2017-10-06 02:00:00,1,57.13
2017-10-06 03:00:00,1,47.05
2017-10-06 04:00:00,1,40.67
2017-10-06 05:00:00,1,39.55
2017-10-06 06:00:00,1,45.76
2017-10-06 07:00:00,1,52.58
2017-10-06 08:00:00,1,58.36
2017-10-06 09:00:00,1,70.96
2017-10-06 10:00:00,1,87.82
2017-10-06 11:00:00,1,98.12
2017-10-06 12:00:00,1,100.14
2017-10-06 13:00:00,1,95.7
2017-10-06 14:00:00,1,98.46
2017-10-06 15:00:00,1,97.59
2017-10-06 16:00:00,1,91.63
2017-10-06 17:00:00,1,87.93
2017-10-06 18:00:00,1,92.82
2017-10-06 19:00:00,1,94.75
2017-10-06 20:00:00,1,92.1
2017-10-06 21:00:00,1,79.79
2017-10-06 22:00:00,1,78.24
2017-10-06 23:00:00,1,75.13
2017-10-07 00:00:00,1,66.93
2017-10-07 01:00:00,1,57.88
2017-10-07 02:00:00,1,44.73
2017-10-07 03:00:00,1,36.98
2017-10-07 04:00:00,1,31.22
2017-10-07 05:00:00,1,28.18
2017-10-07 06:00:00,1,31.26
2017-10-07 07:00:00,1,33.17
2017-10-07 08:00:00,1,38.86
2017-10-07 09:00:00,1,43.57
2017-10-07 10:00:00,1,52.75
2017-10-07 11:00:00,1,56.31
2017-10-07 12:00:00,1,56.76
2017-10-07 13:00:00,1,54.23
2017-10-07 14:00:00,1,54.09
2017-10-07 15:00:00,1,51.44
2017-10-07 16:00:00,1,52.05
2017-10-07 17:00:00,1,53.5
2017-10-07 18:00:00,1,55.73
2017-10-07 19:00:00,1,56.35
2017-10-07 20:00:00,1,57.89
2017-10-07 21:00:00,1,56.94
2017-10-07 22:00:00,1,57.16
2017-10-07 23:00:00,1,55.84
2017-10-08 00:00:00,1,50.02
2017-10-08 01:00:00,1,41.06
2017-10-08 02:00:00,1,36.46
2017-10-08 03:00:00,1,32.38
2017-10-08 04:00:00,1,26.45
2017-10-08 05:00:00,1,25.87
2017-10-08 06:00:00,1,28.66
2017-10-08 07:00:00,1,35.23
2017-10-08 08:00:00,1,35.84
2017-10-08 09:00:00,1,43.57
2017-10-08 10:00:00,1,49.25
2017-10-08 11:00:00,1,52.41
2017-10-08 12:00:00,1,52.09
2017-10-08 13:00:00,1,50.57
2017-10-08 14:00:00,1,50.45
2017-10-08 15:00:00,1,50.02
2017-10-08 16:00:00,1,51.44
2017-10-08 17:00:00,1,51.23
2017-10-08 18:00:00,1,62.79
2017-10-08 19:00:00,1,71.97
2017-10-08 20:00:00,1,73.5
2017-10-08 21:00:00,1,70.37
2017-10-08 22:00:00,1,68.77
2017-10-08 23:00:00,1,68.35
2017-10-09 00:00:00,1,57.34
2017-10-09 01:00:00,1,49.56
2017-10-09 02:00:00,1,38.21
2017-10-09 03:00:00,1,38.1
2017-10-09 04:00:00,1,33.63
2017-10-09 05:00:00,1,33.68
2017-10-09 06:00:00,1,39.63
2017-10-09 07:00:00,1,49.0
2017-10-09 08:00:00,1,56.14
2017-10-09 09:00:00,1,65.74
2017-10-09 10:00:00,1,97.98
2017-10-09 11:00:00,1,110.05
2017-10-09 12:00:00,1,110.55
2017-10-09 13:00:00,1,107.15
2017-10-09 14:00:00,1,110.85
2017-10-09 15:00:00,1,111.51
2017-10-09 16:00:00,1,109.93
2017-10-09 17:00:00,1,111.63
2017-10-09 18:00:00,1,113.67
2017-10-09 19:00:00,1,116.44
2017-10-09 20:00:00,1,110.07
2017-10-09 21:00:00,1,100.43
2017-10-09 22:00:00,1,93.08
2017-10-09 23:00:00,1,90.56
2017-10-10 00:00:00,1,81.67
2017-10-10 01:00:00,1,75.18
2017-10-10 02:00:00,1,59.22
2017-10-10 03:00:00,1,49.37
2017-10-10 04:00:00,1,42.66
2017-10-10 05:00:00,1,40.11
2017-10-10 06:00:00,1,46.17
2017-10-10 07:00:00,1,53.49
2017-10-10 08:00:00,1,60.32
2017-10-10 09:00:00,1,67.67
2017-10-10 10:00:00,1,94.23
2017-10-10 11:00:00,1,112.31
2017-10-10 12:00:00,1,112.75
2017-10-10 13:00:00,1,105.89
2017-10-10 14:00:00,1,112.01
2017-10-10 15:00:00,1,111.57
2017-10-10 16:00:00,1,110.72
2017-10-10 17:00:00,1,114.72
2017-10-10 18:00:00,1,117.56
2017-10-10 19:00:00,1,119.06
2017-10-10 20:00:00,1,113.29
2017-10-10 21:00:00,1,100.89
2017-10-10 22:00:00,1,94.07
2017-10-10 23:00:00,1,90.82
2017-10-11 00:00:00,1,83.91
2017-10-11 01:00:00,1,74.75
2017-10-11 02:00:00,1,59.67
2017-10-11 03:00:00,1,52.22
2017-10-11 04:00:00,1,41.31
2017-10-11 05:00:00,1,39.93
2017-10-11 06:00:00,1,44.35
2017-10-11 07:00:00,1,54.0
2017-10-11 08:00:00,1,60.87
2017-10-11 09:00:00,1,68.98
2017-10-11 10:00:00,1,89.6
2017-10-11 11:00:00,1,112.05
2017-10-11 12:00:00,1,112.1
2017-10-11 13:00:00,1,102.91
2017-10-11 14:00:00,1,109.28
2017-10-11 15:00:00,1,108.88
2017-10-11 16:00:00,1,103.4
2017-10-11 17:00:00,1,103.37
2017-10-11 18:00:00,1,109.25
2017-10-11 19:00:00,1,109.16
2017-10-11 20:00:00,1,105.09
2017-10-11 21:00:00,1,99.25
2017-10-11 22:00:00,1,93.41
2017-10-11 23:00:00,1,89.89
2017-10-12 00:00:00,1,82.83
2017-10-12 01:00:00,1,70.21
2017-10-12 02:00:00,1,57.69
2017-10-12 03:00:00,1,48.41
2017-10-12 04:00:00,1,43.3
2017-10-12 05:00:00,1,40.63
2017-10-12 06:00:00,1,45.48
2017-10-12 07:00:00,1,51.46
2017-10-12 08:00:00,1,57.48
2017-10-12 09:00:00,1,69.98
2017-10-12 10:00:00,1,90.66
2017-10-12 11:00:00,1,112.13
2017-10-12 12:00:00,1,112.58
2017-10-12 13:00:00,1,102.61
2017-10-12 14:00:00,1,108.75
2017-10-12 15:00:00,1,108.01
2017-10-12 16:00:00,1,102.43
2017-10-12 17:00:00,1,102.69
2017-10-12 18:00:00,1,107.44
2017-10-12 19:00:00,1,109.15
2017-10-12 20:00:00,1,105.68
2017-10-12 21:00:00,1,97.69
2017-10-12 22:00:00,1,91.39
2017-10-12 23:00:00,1,88.64
2017-10-13 00:00:00,1,81.9
2017-10-13 01:00:00,1,69.33
2017-10-13 02:00:00,1,59.17
2017-10-13 03:00:00,1,48.37
2017-10-13 04:00:00,1,41.98
2017-10-13 05:00:00,1,39.53
2017-10-13 06:00:00,1,45.66
2017-10-13 07:00:00,1,50.2
2017-10-13 08:00:00,1,57.01
2017-10-13 09:00:00,1,68.93
2017-10-13 10:00:00,1,87.56
2017-10-13 11:00:00,1,99.42
2017-10-13 12:00:00,1,99.96
2017-10-13 13:00:00,1,95.93
2017-10-13 14:00:00,1,98.24
2017-10-13 15:00:00,1,98.58
2017-10-13 16:00:00,1,97.37
2017-10-13 17:00:00,1,92.97
2017-10-13 18:00:00,1,98.69
2017-10-13 19:00:00,1,97.29
2017-10-13 20:00:00,1,98.25
2017-10-13 21:00:00,1,81.01
2017-10-13 22:00:00,1,79.27
2017-10-13 23:00:00,1,76.19
2017-10-14 00:00:00,1,67.44
2017-10-14 01:00:00,1,58.52
2017-10-14 02:00:00,1,45.28
2017-10-14 03:00:00,1,40.02
2017-10-14 04:00:00,1,32.07
2017-10-14 05:00:00,1,28.61
2017-10-14 06:00:00,1,31.33
2017-10-14 07:00:00,1,31.88
2017-10-14 08:00:00,1,38.96
2017-10-14 09:00:00,1,43.58
2017-10-14 10:00:00,1,53.34
2017-10-14 11:00:00,1,54.98
2017-10-14 12:00:00,1,55.76
2017-10-14 13:00:00,1,54.45
2017-10-14 14:00:00,1,54.17
2017-10-14 15:00:00,1,53.38
2017-10-14 16:00:00,1,56.1
2017-10-14 17:00:00,1,53.74
2017-10-14 18:00:00,1,56.22
2017-10-14 19:00:00,1,63.58
2017-10-14 20:00:00,1,64.69
2017-10-14 21:00:00,1,59.98
2017-10-14 22:00:00,1,57.55
2017-10-14 23:00:00,1,57.25
2017-10-15 00:00:00,1,50.17
2017-10-15 01:00:00,1,41.33
2017-10-15 02:00:00,1,34.84
2017-10-15 03:00:00,1,33.15
2017-10-15 04:00:00,1,25.86
2017-10-15 05:00:00,1,24.81
2017-10-15 06:00:00,1,28.31
2017-10-15 07:00:00,1,30.8
2017-10-15 08:00:00,1,36.03
2017-10-15 09:00:00,1,41.86
2017-10-15 10:00:00,1,49.61
2017-10-15 11:00:00,1,51.46
2017-10-15 12:00:00,1,51.96
2017-10-15 13:00:00,1,50.17
2017-10-15 14:00:00,1,48.74
2017-10-15 15:00:00,1,48.75
2017-10-15 16:00:00,1,51.39
2017-10-15 17:00:00,1,51.07
2017-10-15 18:00:00,1,55.43
2017-10-15 19:00:00,1,63.39
2017-10-15 20:00:00,1,63.89
2017-10-15 21:00:00,1,60.77
2017-10-15 22:00:00,1,61.07
2017-10-15 23:00:00,1,59.7
2017-10-16 00:00:00,1,50.94
2017-10-16 01:00:00,1,43.04
2017-10-16 02:00:00,1,38.62
2017-10-16 03:00:00,1,35.73
2017-10-16 04:00:00,1,31.63
2017-10-16 05:00:00,1,32.96
2017-10-16 06:00:00,1,40.45
2017-10-16 07:00:00,1,48.92
2017-10-16 08:00:00,1,54.93
2017-10-16 09:00:00,1,64.57
2017-10-16 10:00:00,1,91.32
2017-10-16 11:00:00,1,111.72
2017-10-16 12:00:00,1,112.75
2017-10-16 13:00:00,1,105.62
2017-10-16 14:00:00,1,110.76
2017-10-16 15:00:00,1,109.79
2017-10-16 16:00:00,1,106.9
2017-10-16 17:00:00,1,108.27
2017-10-16 18:00:00,1,110.92
2017-10-16 19:00:00,1,112.7
2017-10-16 20:00:00,1,106.34
2017-10-16 21:00:00,1,97.86
2017-10-16 22:00:00,1,91.6
2017-10-16 23:00:00,1,89.75
2017-10-17 00:00:00,1,79.69
2017-10-17 01:00:00,1,72.3
2017-10-17 02:00:00,1,56.94
2017-10-17 03:00:00,1,49.86
2017-10-17 04:00:00,1,40.7
2017-10-17 05:00:00,1,40.05
2017-10-17 06:00:00,1,43.69
2017-10-17 07:00:00,1,52.27
2017-10-17 08:00:00,1,57.66
2017-10-17 09:00:00,1,66.85
2017-10-17 10:00:00,1,90.91
2017-10-17 11:00:00,1,108.67
2017-10-17 12:00:00,1,109.88
2017-10-17 13:00:00,1,102.13
2017-10-17 14:00:00,1,107.24
2017-10-17 15:00:00,1,106.24
2017-10-17 16:00:00,1,104.87
2017-10-17 17:00:00,1,106.9
2017-10-17 18:00:00,1,110.33
2017-10-17 19:00:00,1,111.49
2017-10-17 20:00:00,1,106.75
2017-10-17 21:00:00,1,98.35
2017-10-17 22:00:00,1,92.64
2017-10-17 23:00:00,1,91.16
2017-10-18 00:00:00,1,81.51
2017-10-18 01:00:00,1,72.57
2017-10-18 02:00:00,1,57.54
2017-10-18 03:00:00,1,51.71
2017-10-18 04:00:00,1,39.85
2017-10-18 05:00:00,1,40.3
2017-10-18 06:00:00,1,44.05
2017-10-18 07:00:00,1,52.66
2017-10-18 08:00:00,1,57.87
2017-10-18 09:00:00,1,68.52
2017-10-18 10:00:00,1,91.37
2017-10-18 11:00:00,1,106.89
2017-10-18 12:00:00,1,108.18
2017-10-18 13:00:00,1,99.46
2017-10-18 14:00:00,1,104.54
2017-10-18 15:00:00,1,104.47
2017-10-18 16:00:00,1,100.87
2017-10-18 17:00:00,1,100.61
2017-10-18 18:00:00,1,104.81
2017-10-18 19:00:00,1,106.41
2017-10-18 20:00:00,1,104.23
2017-10-18 21:00:00,1,96.09
2017-10-18 22:00:00,1,91.28
2017-10-18 23:00:00,1,88.56
2017-10-19 00:00:00,1,79.54
2017-10-19 01:00:00,1,65.65
2017-10-19 02:00:00,1,54.9
2017-10-19 03:00:00,1,48.13
2017-10-19 04:00:00,1,41.17
2017-10-19 05:00:00,1,40.34
2017-10-19 06:00:00,1,43.75
2017-10-19 07:00:00,1,49.9
2017-10-19 08:00:00,1,56.85
2017-10-19 09:00:00,1,69.44
2017-10-19 10:00:00,1,93.35
2017-10-19 11:00:00,1,108.42
2017-10-19 12:00:00,1,109.98
2017-10-19 13:00:00,1,101.44
2017-10-19 14:00:00,1,108.07
2017-10-19 15:00:00,1,107.3
2017-10-19 16:00:00,1,102.6
2017-10-19 17:00:00,1,102.46
2017-10-19 18:00:00,1,106.41
2017-10-19 19:00:00,1,108.47
2017-10-19 20:00:00,1,106.64
2017-10-19 21:00:00,1,95.61
2017-10-19 22:00:00,1,90.22
2017-10-19 23:00:00,1,88.29
2017-10-20 00:00:00,1,79.26
2017-10-20 01:00:00,1,66.61
2017-10-20 02:00:00,1,55.91
2017-10-20 03:00:00,1,49.22
2017-10-20 04:00:00,1,40.76
2017-10-20 05:00:00,1,38.68
2017-10-20 06:00:00,1,41.57
2017-10-20 07:00:00,1,48.55
2017-10-20 08:00:00,1,58.28
2017-10-20 09:00:00,1,68.89
2017-10-20 10:00:00,1,87.66
2017-10-20 11:00:00,1,93.8
2017-10-20 12:00:00,1,96.71
2017-10-20 13:00:00,1,92.84
2017-10-20 14:00:00,1,93.42
2017-10-20 15:00:00,1,92.32
2017-10-20 16:00:00,1,85.76
2017-10-20 17:00:00,1,85.65
2017-10-20 18:00:00,1,89.32
2017-10-20 19:00:00,1,92.33
2017-10-20 20:00:00,1,90.71
2017-10-20 21:00:00,1,80.69
2017-10-20 22:00:00,1,75.73
2017-10-20 23:00:00,1,74.05
2017-10-21 00:00:00,1,67.98
2017-10-21 01:00:00,1,57.26
2017-10-21 02:00:00,1,46.21
2017-10-21 03:00:00,1,36.35
2017-10-21 04:00:00,1,32.47
2017-10-21 05:00:00,1,27.84
2017-10-21 06:00:00,1,31.51
2017-10-21 07:00:00,1,34.12
2017-10-21 08:00:00,1,39.1
2017-10-21 09:00:00,1,42.95
2017-10-21 10:00:00,1,52.05
2017-10-21 11:00:00,1,54.96
2017-10-21 12:00:00,1,56.22
2017-10-21 13:00:00,1,53.83
2017-10-21 14:00:00,1,53.77
2017-10-21 15:00:00,1,53.48
2017-10-21 16:00:00,1,55.8
2017-10-21 17:00:00,1,53.93
2017-10-21 18:00:00,1,58.11
2017-10-21 19:00:00,1,62.96
2017-10-21 20:00:00,1,64.33
2017-10-21 21:00:00,1,62.57
2017-10-21 22:00:00,1,61.05
2017-10-21 23:00:00,1,60.85
2017-10-22 00:00:00,1,50.61
2017-10-22 01:00:00,1,42.58
2017-10-22 02:00:00,1,35.98
2017-10-22 03:00:00,1,33.69
2017-10-22 04:00:00,1,26.77
2017-10-22 05:00:00,1,26.89
2017-10-22 06:00:00,1,28.63
2017-10-22 07:00:00,1,32.13
2017-10-22 08:00:00,1,37.68
2017-10-22 09:00:00,1,41.62
2017-10-22 10:00:00,1,50.26
2017-10-22 11:00:00,1,53.94
2017-10-22 12:00:00,1,54.2
2017-10-22 13:00:00,1,52.08
2017-10-22 14:00:00,1,50.0
2017-10-22 15:00:00,1,51.34
2017-10-22 16:00:00,1,52.84
2017-10-22 17:00:00,1,52.74
2017-10-22 18:00:00,1,57.11
2017-10-22 19:00:00,1,65.94
2017-10-22 20:00:00,1,66.4
2017-10-22 21:00:00,1,65.87
2017-10-22 22:00:00,1,63.61
2017-10-22 23:00:00,1,61.28
2017-10-23 00:00:00,1,54.02
2017-10-23 01:00:00,1,48.17
2017-10-23 02:00:00,1,40.49
2017-10-23 03:00:00,1,37.17
2017-10-23 04:00:00,1,33.29
2017-10-23 05:00:00,1,33.53
2017-10-23 06:00:00,1,42.23
2017-10-23 07:00:00,1,49.63
2017-10-23 08:00:00,1,56.79
2017-10-23 09:00:00,1,67.94
2017-10-23 10:00:00,1,90.65
2017-10-23 11:00:00,1,111.09
2017-10-23 12:00:00,1,111.72
2017-10-23 13:00:00,1,105.12
2017-10-23 14:00:00,1,110.52
2017-10-23 15:00:00,1,109.31
2017-10-23 16:00:00,1,105.54
2017-10-23 17:00:00,1,106.74
2017-10-23 18:00:00,1,111.62
2017-10-23 19:00:00,1,114.14
2017-10-23 20:00:00,1,110.22
2017-10-23 21:00:00,1,104.0
2017-10-23 22:00:00,1,95.76
2017-10-23 23:00:00,1,95.17
2017-10-24 00:00:00,1,81.18
2017-10-24 01:00:00,1,73.82
2017-10-24 02:00:00,1,61.77
2017-10-24 03:00:00,1,50.79
2017-10-24 04:00:00,1,42.33
2017-10-24 05:00:00,1,40.61
2017-10-24 06:00:00,1,43.7
2017-10-24 07:00:00,1,52.94
2017-10-24 08:00:00,1,60.35
2017-10-24 09:00:00,1,70.36
2017-10-24 10:00:00,1,88.85
2017-10-24 11:00:00,1,112.59
2017-10-24 12:00:00,1,112.73
2017-10-24 13:00:00,1,104.01
2017-10-24 14:00:00,1,110.19
2017-10-24 15:00:00,1,108.58
2017-10-24 16:00:00,1,105.04
2017-10-24 17:00:00,1,104.84
2017-10-24 18:00:00,1,110.02
2017-10-24 19:00:00,1,111.66
2017-10-24 20:00:00,1,108.26
2017-10-24 21:00:00,1,103.63
2017-10-24 22:00:00,1,96.33
2017-10-24 23:00:00,1,95.75
2017-10-25 00:00:00,1,82.97
2017-10-25 01:00:00,1,73.03
2017-10-25 02:00:00,1,62.71
2017-10-25 03:00:00,1,52.4
2017-10-25 04:00:00,1,41.95
2017-10-25 05:00:00,1,40.12
2017-10-25 06:00:00,1,44.06
2017-10-25 07:00:00,1,53.02
2017-10-25 08:00:00,1,60.1
2017-10-25 09:00:00,1,70.1
2017-10-25 10:00:00,1,87.9
2017-10-25 11:00:00,1,106.03
2017-10-25 12:00:00,1,106.26
2017-10-25 13:00:00,1,96.0
2017-10-25 14:00:00,1,103.17
2017-10-25 15:00:00,1,101.46
2017-10-25 16:00:00,1,98.4
2017-10-25 17:00:00,1,99.95
2017-10-25 18:00:00,1,107.29
2017-10-25 19:00:00,1,110.69
2017-10-25 20:00:00,1,108.1
2017-10-25 21:00:00,1,102.71
2017-10-25 22:00:00,1,94.86
2017-10-25 23:00:00,1,94.12
2017-10-26 00:00:00,1,85.4
2017-10-26 01:00:00,1,67.95
2017-10-26 02:00:00,1,61.88
2017-10-26 03:00:00,1,49.79
2017-10-26 04:00:00,1,43.73
2017-10-26 05:00:00,1,40.26
2017-10-26 06:00:00,1,44.94
2017-10-26 07:00:00,1,50.67
2017-10-26 08:00:00,1,58.68
2017-10-26 09:00:00,1,70.32
2017-10-26 10:00:00,1,85.46
2017-10-26 11:00:00,1,99.89
2017-10-26 12:00:00,1,99.92
2017-10-26 13:00:00,1,92.65
2017-10-26 14:00:00,1,96.97
2017-10-26 15:00:00,1,95.68
2017-10-26 16:00:00,1,95.02
2017-10-26 17:00:00,1,97.39
2017-10-26 18:00:00,1,106.98
2017-10-26 19:00:00,1,110.57
2017-10-26 20:00:00,1,108.28
2017-10-26 21:00:00,1,102.21
2017-10-26 22:00:00,1,95.4
2017-10-26 23:00:00,1,94.67
2017-10-27 00:00:00,1,87.1
2017-10-27 01:00:00,1,67.73
2017-10-27 02:00:00,1,63.37
2017-10-27 03:00:00,1,49.59
2017-10-27 04:00:00,1,42.64
2017-10-27 05:00:00,1,39.7
2017-10-27 06:00:00,1,45.04
2017-10-27 07:00:00,1,51.92
2017-10-27 08:00:00,1,58.97
2017-10-27 09:00:00,1,69.89
2017-10-27 10:00:00,1,88.79
2017-10-27 11:00:00,1,98.29
2017-10-27 12:00:00,1,99.03
2017-10-27 13:00:00,1,91.54
2017-10-27 14:00:00,1,98.57
2017-10-27 15:00:00,1,97.64
2017-10-27 16:00:00,1,91.77
2017-10-27 17:00:00,1,90.29
2017-10-27 18:00:00,1,93.75
2017-10-27 19:00:00,1,97.87
2017-10-27 20:00:00,1,94.87
2017-10-27 21:00:00,1,84.34
2017-10-27 22:00:00,1,80.06
2017-10-27 23:00:00,1,77.49
2017-10-28 00:00:00,1,68.8
2017-10-28 01:00:00,1,59.44
2017-10-28 02:00:00,1,46.11
2017-10-28 03:00:00,1,40.48
2017-10-28 04:00:00,1,31.44
2017-10-28 05:00:00,1,28.4
2017-10-28 06:00:00,1,31.35
2017-10-28 07:00:00,1,33.71
2017-10-28 08:00:00,1,38.82
2017-10-28 09:00:00,1,43.11
2017-10-28 10:00:00,1,56.77
2017-10-28 11:00:00,1,66.64
2017-10-28 12:00:00,1,66.79
2017-10-28 13:00:00,1,61.56
2017-10-28 14:00:00,1,56.84
2017-10-28 15:00:00,1,56.12
2017-10-28 16:00:00,1,56.69
2017-10-28 17:00:00,1,58.12
2017-10-28 18:00:00,1,60.12
2017-10-28 19:00:00,1,66.22
2017-10-28 20:00:00,1,68.24
2017-10-28 21:00:00,1,66.09
2017-10-28 22:00:00,1,64.14
2017-10-28 23:00:00,1,62.6
2017-10-29 00:00:00,1,53.91
2017-10-29 01:00:00,1,43.94
2017-10-29 02:00:00,1,34.3
2017-10-29 03:00:00,1,32.2
2017-10-29 04:00:00,1,26.16
2017-10-29 05:00:00,1,25.54
2017-10-29 06:00:00,1,27.97
2017-10-29 07:00:00,1,30.33
2017-10-29 08:00:00,1,37.48
2017-10-29 09:00:00,1,41.02
2017-10-29 10:00:00,1,51.17
2017-10-29 11:00:00,1,56.86
2017-10-29 12:00:00,1,58.49
2017-10-29 13:00:00,1,56.78
2017-10-29 14:00:00,1,52.64
2017-10-29 15:00:00,1,51.71
2017-10-29 16:00:00,1,52.82
2017-10-29 17:00:00,1,53.75
2017-10-29 18:00:00,1,56.55
2017-10-29 19:00:00,1,59.9
2017-10-29 20:00:00,1,59.95
2017-10-29 21:00:00,1,60.35
2017-10-29 22:00:00,1,60.06
2017-10-29 23:00:00,1,60.81
2017-10-30 00:00:00,1,53.17
2017-10-30 01:00:00,1,49.39
2017-10-30 02:00:00,1,43.03
2017-10-30 03:00:00,1,41.26
2017-10-30 04:00:00,1,44.93
2017-10-30 05:00:00,1,44.71
2017-10-30 06:00:00,1,41.69
2017-10-30 07:00:00,1,48.88
2017-10-30 08:00:00,1,55.68
2017-10-30 09:00:00,1,68.09
2017-10-30 10:00:00,1,93.35
2017-10-30 11:00:00,1,110.32
2017-10-30 12:00:00,1,110.97
2017-10-30 13:00:00,1,103.73
2017-10-30 14:00:00,1,108.75
2017-10-30 15:00:00,1,108.69
2017-10-30 16:00:00,1,104.9
2017-10-30 17:00:00,1,106.78
2017-10-30 18:00:00,1,111.59
2017-10-30 19:00:00,1,112.77
2017-10-30 20:00:00,1,108.1
2017-10-30 21:00:00,1,97.49
2017-10-30 22:00:00,1,90.53
2017-10-30 23:00:00,1,88.79
2017-10-31 00:00:00,1,84.68
2017-10-31 01:00:00,1,70.47
2017-10-31 02:00:00,1,62.71
2017-10-31 03:00:00,1,50.19
2017-10-31 04:00:00,1,42.42
2017-10-31 05:00:00,1,39.27
2017-10-31 06:00:00,1,45.2
2017-10-31 07:00:00,1,51.97
2017-10-31 08:00:00,1,60.03
2017-10-31 09:00:00,1,70.79
2017-10-31 10:00:00,1,91.77
2017-10-31 11:00:00,1,110.63
2017-10-31 12:00:00,1,111.65
2017-10-31 13:00:00,1,105.42
2017-10-31 14:00:00,1,107.19
2017-10-31 15:00:00,1,108.24
2017-10-31 16:00:00,1,105.01
2017-10-31 17:00:00,1,105.74
2017-10-31 18:00:00,1,109.6
2017-10-31 19:00:00,1,111.06
2017-10-31 20:00:00,1,108.65
2017-10-31 21:00:00,1,99.6
2017-10-31 22:00:00,1,92.04
2017-10-31 23:00:00,1,90.42
2017-07-01 00:00:00,2,27.18
2017-07-01 01:00:00,2,25.36
2017-07-01 02:00:00,2,22.43
2017-07-01 03:00:00,2,17.13
2017-07-01 04:00:00,2,13.2
2017-07-01 05:00:00,2,12.89
2017-07-01 06:00:00,2,9.86
2017-07-01 07:00:00,2,10.69
2017-07-01 08:00:00,2,14.47
2017-07-01 09:00:00,2,16.52
2017-07-01 10:00:00,2,19.71
2017-07-01 11:00:00,2,18.45
2017-07-01 12:00:00,2,16.8
2017-07-01 13:00:00,2,16.26
2017-07-01 14:00:00,2,17.34
2017-07-01 15:00:00,2,18.02
2017-07-01 16:00:00,2,17.84
2017-07-01 17:00:00,2,15.82
2017-07-01 18:00:00,2,17.21
2017-07-01 19:00:00,2,18.86
2017-07-01 20:00:00,2,21.37
2017-07-01 21:00:00,2,22.11
2017-07-01 22:00:00,2,21.14
2017-07-01 23:00:00,2,21.44
2017-07-02 00:00:00,2,16.89
2017-07-02 01:00:00,2,15.74
2017-07-02 02:00:00,2,13.41
2017-07-02 03:00:00,2,15.73
2017-07-02 04:00:00,2,12.77
2017-07-02 05:00:00,2,11.89
2017-07-02 06:00:00,2,9.48
2017-07-02 07:00:00,2,11.03
2017-07-02 08:00:00,2,13.72
2017-07-02 09:00:00,2,14.92
2017-07-02 10:00:00,2,17.27
2017-07-02 11:00:00,2,16.18
2017-07-02 12:00:00,2,15.4
2017-07-02 13:00:00,2,14.73
2017-07-02 14:00:00,2,15.03
2017-07-02 15:00:00,2,16.65
2017-07-02 16:00:00,2,15.63
2017-07-02 17:00:00,2,16.73
2017-07-02 18:00:00,2,22.09
2017-07-02 19:00:00,2,20.3
2017-07-02 20:00:00,2,20.53
2017-07-02 21:00:00,2,20.53
2017-07-02 22:00:00,2,20.12
2017-07-02 23:00:00,2,20.32
2017-07-03 00:00:00,2,22.23
2017-07-03 01:00:00,2,21.18
2017-07-03 02:00:00,2,17.05
2017-07-03 03:00:00,2,15.21
2017-07-03 04:00:00,2,14.24
2017-07-03 05:00:00,2,13.98
2017-07-03 06:00:00,2,14.33
2017-07-03 07:00:00,2,16.7
2017-07-03 08:00:00,2,20.25
2017-07-03 09:00:00,2,20.06
2017-07-03 10:00:00,2,25.39
2017-07-03 11:00:00,2,30.06
2017-07-03 12:00:00,2,31.2
2017-07-03 13:00:00,2,30.99
2017-07-03 14:00:00,2,31.56
2017-07-03 15:00:00,2,32.9
2017-07-03 16:00:00,2,34.49
2017-07-03 17:00:00,2,31.34
2017-07-03 18:00:00,2,30.83
2017-07-03 19:00:00,2,34.26
2017-07-03 20:00:00,2,34.39
2017-07-03 21:00:00,2,34.3
2017-07-03 22:00:00,2,31.37
2017-07-03 23:00:00,2,33.53
2017-07-04 00:00:00,2,33.24
2017-07-04 01:00:00,2,27.35
2017-07-04 02:00:00,2,24.43
2017-07-04 03:00:00,2,20.07
2017-07-04 04:00:00,2,17.36
2017-07-04 05:00:00,2,17.49
2017-07-04 06:00:00,2,18.13
2017-07-04 07:00:00,2,19.0
2017-07-04 08:00:00,2,19.19
2017-07-04 09:00:00,2,18.63
2017-07-04 10:00:00,2,26.39
2017-07-04 11:00:00,2,30.84
2017-07-04 12:00:00,2,32.36
2017-07-04 13:00:00,2,32.51
2017-07-04 14:00:00,2,33.97
2017-07-04 15:00:00,2,35.16
2017-07-04 16:00:00,2,35.48
2017-07-04 17:00:00,2,32.46
2017-07-04 18:00:00,2,32.99
2017-07-04 19:00:00,2,36.02
2017-07-04 20:00:00,2,35.38
2017-07-04 21:00:00,2,34.79
2017-07-04 22:00:00,2,32.18
2017-07-04 23:00:00,2,34.87
2017-07-05 00:00:00,2,33.91
2017-07-05 01:00:00,2,27.31
2017-07-05 02:00:00,2,23.49
2017-07-05 03:00:00,2,21.39
2017-07-05 04:00:00,2,17.23
2017-07-05 05:00:00,2,15.99
2017-07-05 06:00:00,2,16.51
2017-07-05 07:00:00,2,18.86
2017-07-05 08:00:00,2,20.91
2017-07-05 09:00:00,2,21.48
2017-07-05 10:00:00,2,25.98
2017-07-05 11:00:00,2,30.21
2017-07-05 12:00:00,2,32.95
2017-07-05 13:00:00,2,32.73
2017-07-05 14:00:00,2,35.5
2017-07-05 15:00:00,2,36.28
2017-07-05 16:00:00,2,36.62
2017-07-05 17:00:00,2,34.28
2017-07-05 18:00:00,2,34.63
2017-07-05 19:00:00,2,37.18
2017-07-05 20:00:00,2,36.74
2017-07-05 21:00:00,2,35.32
2017-07-05 22:00:00,2,32.03
2017-07-05 23:00:00,2,33.79
2017-07-06 00:00:00,2,35.37
2017-07-06 01:00:00,2,27.81
2017-07-06 02:00:00,2,24.69
2017-07-06 03:00:00,2,20.66
2017-07-06 04:00:00,2,15.85
2017-07-06 05:00:00,2,17.13
2017-07-06 06:00:00,2,16.65
2017-07-06 07:00:00,2,17.36
2017-07-06 08:00:00,2,20.93
2017-07-06 09:00:00,2,20.49
2017-07-06 10:00:00,2,26.79
2017-07-06 11:00:00,2,30.14
2017-07-06 12:00:00,2,36.71
2017-07-06 13:00:00,2,35.67
2017-07-06 14:00:00,2,38.4
2017-07-06 15:00:00,2,37.46
2017-07-06 16:00:00,2,37.67
2017-07-06 17:00:00,2,34.94
2017-07-06 18:00:00,2,38.3
2017-07-06 19:00:00,2,40.27
2017-07-06 20:00:00,2,40.03
2017-07-06 21:00:00,2,35.74
2017-07-06 22:00:00,2,32.95
2017-07-06 23:00:00,2,35.48
2017-07-07 00:00:00,2,32.96
2017-07-07 01:00:00,2,25.97
2017-07-07 02:00:00,2,24.83
2017-07-07 03:00:00,2,19.97
2017-07-07 04:00:00,2,16.67
2017-07-07 05:00:00,2,15.62
2017-07-07 06:00:00,2,16.51
2017-07-07 07:00:00,2,18.03
2017-07-07 08:00:00,2,19.78
2017-07-07 09:00:00,2,22.77
2017-07-07 10:00:00,2,26.12
2017-07-07 11:00:00,2,29.63
2017-07-07 12:00:00,2,32.76
2017-07-07 13:00:00,2,31.68
2017-07-07 14:00:00,2,33.08
2017-07-07 15:00:00,2,33.36
2017-07-07 16:00:00,2,32.14
2017-07-07 17:00:00,2,31.71
2017-07-07 18:00:00,2,35.17
2017-07-07 19:00:00,2,34.59
2017-07-07 20:00:00,2,32.64
2017-07-07 21:00:00,2,30.3
2017-07-07 22:00:00,2,26.14
2017-07-07 23:00:00,2,25.36
2017-07-08 00:00:00,2,27.58
2017-07-08 01:00:00,2,23.61
2017-07-08 02:00:00,2,21.91
2017-07-08 03:00:00,2,15.54
2017-07-08 04:00:00,2,12.71
2017-07-08 05:00:00,2,11.72
2017-07-08 06:00:00,2,11.75
2017-07-08 07:00:00,2,10.37
2017-07-08 08:00:00,2,12.71
2017-07-08 09:00:00,2,12.49
2017-07-08 10:00:00,2,16.23
2017-07-08 11:00:00,2,17.56
2017-07-08 12:00:00,2,18.14
2017-07-08 13:00:00,2,17.57
2017-07-08 14:00:00,2,14.79
2017-07-08 15:00:00,2,15.45
2017-07-08 16:00:00,2,18.68
2017-07-08 17:00:00,2,17.75
2017-07-08 18:00:00,2,17.15
2017-07-08 19:00:00,2,17.5
2017-07-08 20:00:00,2,17.71
2017-07-08 21:00:00,2,16.55
2017-07-08 22:00:00,2,17.57
2017-07-08 23:00:00,2,17.36
2017-07-09 00:00:00,2,17.78
2017-07-09 01:00:00,2,15.98
2017-07-09 02:00:00,2,13.8
2017-07-09 03:00:00,2,14.11
2017-07-09 04:00:00,2,12.9
2017-07-09 05:00:00,2,11.78
2017-07-09 06:00:00,2,12.02
2017-07-09 07:00:00,2,12.23
2017-07-09 08:00:00,2,13.49
2017-07-09 09:00:00,2,12.54
2017-07-09 10:00:00,2,15.38
2017-07-09 11:00:00,2,16.34
2017-07-09 12:00:00,2,16.31
2017-07-09 13:00:00,2,16.5
2017-07-09 14:00:00,2,15.91
2017-07-09 15:00:00,2,16.8
2017-07-09 16:00:00,2,18.19
2017-07-09 17:00:00,2,18.38
2017-07-09 18:00:00,2,18.38
2017-07-09 19:00:00,2,21.19
2017-07-09 20:00:00,2,18.38
2017-07-09 21:00:00,2,18.76
2017-07-09 22:00:00,2,19.55
2017-07-09 23:00:00,2,20.24
2017-07-10 00:00:00,2,18.83
2017-07-10 01:00:00,2,17.23
2017-07-10 02:00:00,2,16.13
2017-07-10 03:00:00,2,14.38
2017-07-10 04:00:00,2,13.51
2017-07-10 05:00:00,2,14.4
2017-07-10 06:00:00,2,14.66
2017-07-10 07:00:00,2,15.58
2017-07-10 08:00:00,2,20.67
2017-07-10 09:00:00,2,21.99
2017-07-10 10:00:00,2,26.93
2017-07-10 11:00:00,2,33.13
2017-07-10 12:00:00,2,34.75
2017-07-10 13:00:00,2,32.83
2017-07-10 14:00:00,2,37.92
2017-07-10 15:00:00,2,38.84
2017-07-10 16:00:00,2,37.44
2017-07-10 17:00:00,2,35.0
2017-07-10 18:00:00,2,38.01
2017-07-10 19:00:00,2,40.65
2017-07-10 20:00:00,2,37.98
2017-07-10 21:00:00,2,37.85
2017-07-10 22:00:00,2,37.38
2017-07-10 23:00:00,2,35.86
2017-07-11 00:00:00,2,35.03
2017-07-11 01:00:00,2,28.12
2017-07-11 02:00:00,2,25.25
2017-07-11 03:00:00,2,20.73
2017-07-11 04:00:00,2,16.84
2017-07-11 05:00:00,2,16.13
2017-07-11 06:00:00,2,16.44
2017-07-11 07:00:00,2,18.62
2017-07-11 08:00:00,2,19.94
2017-07-11 09:00:00,2,20.91
2017-07-11 10:00:00,2,30.0
2017-07-11 11:00:00,2,33.46
2017-07-11 12:00:00,2,36.09
2017-07-11 13:00:00,2,34.82
2017-07-11 14:00:00,2,38.3
2017-07-11 15:00:00,2,39.03
2017-07-11 16:00:00,2,38.66
2017-07-11 17:00:00,2,38.0
2017-07-11 18:00:00,2,40.02
2017-07-11 19:00:00,2,41.93
2017-07-11 20:00:00,2,40.38
2017-07-11 21:00:00,2,38.64
2017-07-11 22:00:00,2,36.28
2017-07-11 23:00:00,2,34.86
2017-07-12 00:00:00,2,35.36
2017-07-12 01:00:00,2,28.42
2017-07-12 02:00:00,2,24.27
2017-07-12 03:00:00,2,22.27
2017-07-12 04:00:00,2,16.74
2017-07-12 05:00:00,2,15.82
2017-07-12 06:00:00,2,15.81
2017-07-12 07:00:00,2,18.99
2017-07-12 08:00:00,2,20.2
2017-07-12 09:00:00,2,22.25
2017-07-12 10:00:00,2,29.15
2017-07-12 11:00:00,2,32.53
2017-07-12 12:00:00,2,38.51
2017-07-12 13:00:00,2,36.02
2017-07-12 14:00:00,2,40.96
2017-07-12 15:00:00,2,41.04
2017-07-12 16:00:00,2,40.68
2017-07-12 17:00:00,2,40.78
2017-07-12 18:00:00,2,40.27
2017-07-12 19:00:00,2,41.96
2017-07-12 20:00:00,2,40.24
2017-07-12 21:00:00,2,38.19
2017-07-12 22:00:00,2,34.2
2017-07-12 23:00:00,2,33.74
2017-07-13 00:00:00,2,35.53
2017-07-13 01:00:00,2,28.52
2017-07-13 02:00:00,2,25.22
2017-07-13 03:00:00,2,20.5
2017-07-13 04:00:00,2,16.07
2017-07-13 05:00:00,2,16.91
2017-07-13 06:00:00,2,16.1
2017-07-13 07:00:00,2,16.67
2017-07-13 08:00:00,2,20.61
2017-07-13 09:00:00,2,21.23
2017-07-13 10:00:00,2,28.85
2017-07-13 11:00:00,2,31.47
2017-07-13 12:00:00,2,38.18
2017-07-13 13:00:00,2,35.14
2017-07-13 14:00:00,2,40.47
2017-07-13 15:00:00,2,39.66
2017-07-13 16:00:00,2,40.6
2017-07-13 17:00:00,2,41.59
2017-07-13 18:00:00,2,39.73
2017-07-13 19:00:00,2,41.32
2017-07-13 20:00:00,2,40.84
2017-07-13 21:00:00,2,36.55
2017-07-13 22:00:00,2,31.59
2017-07-13 23:00:00,2,34.27
2017-07-14 00:00:00,2,32.89
2017-07-14 01:00:00,2,26.26
2017-07-14 02:00:00,2,25.46
2017-07-14 03:00:00,2,20.53
2017-07-14 04:00:00,2,16.02
2017-07-14 05:00:00,2,13.75
2017-07-14 06:00:00,2,14.35
2017-07-14 07:00:00,2,16.39
2017-07-14 08:00:00,2,18.98
2017-07-14 09:00:00,2,22.73
2017-07-14 10:00:00,2,27.06
2017-07-14 11:00:00,2,30.86
2017-07-14 12:00:00,2,35.02
2017-07-14 13:00:00,2,31.79
2017-07-14 14:00:00,2,34.48
2017-07-14 15:00:00,2,35.11
2017-07-14 16:00:00,2,32.72
2017-07-14 17:00:00,2,32.85
2017-07-14 18:00:00,2,35.01
2017-07-14 19:00:00,2,34.03
2017-07-14 20:00:00,2,32.54
2017-07-14 21:00:00,2,30.6
2017-07-14 22:00:00,2,29.57
2017-07-14 23:00:00,2,28.87
2017-07-15 00:00:00,2,29.47
2017-07-15 01:00:00,2,22.46
2017-07-15 02:00:00,2,21.62
2017-07-15 03:00:00,2,15.09
2017-07-15 04:00:00,2,12.19
2017-07-15 05:00:00,2,11.66
2017-07-15 06:00:00,2,11.73
2017-07-15 07:00:00,2,12.83
2017-07-15 08:00:00,2,11.69
2017-07-15 09:00:00,2,13.07
2017-07-15 10:00:00,2,14.31
2017-07-15 11:00:00,2,16.76
2017-07-15 12:00:00,2,16.57
2017-07-15 13:00:00,2,16.17
2017-07-15 14:00:00,2,15.98
2017-07-15 15:00:00,2,15.57
2017-07-15 16:00:00,2,16.95
2017-07-15 17:00:00,2,17.12
2017-07-15 18:00:00,2,18.49
2017-07-15 19:00:00,2,19.67
2017-07-15 20:00:00,2,18.58
2017-07-15 21:00:00,2,17.64
2017-07-15 22:00:00,2,18.38
2017-07-15 23:00:00,2,17.58
2017-07-16 00:00:00,2,18.07
2017-07-16 01:00:00,2,15.6
2017-07-16 02:00:00,2,15.36
2017-07-16 03:00:00,2,13.46
2017-07-16 04:00:00,2,12.48
2017-07-16 05:00:00,2,12.25
2017-07-16 06:00:00,2,11.82
2017-07-16 07:00:00,2,12.73
2017-07-16 08:00:00,2,13.63
2017-07-16 09:00:00,2,11.33
2017-07-16 10:00:00,2,13.02
2017-07-16 11:00:00,2,17.18
2017-07-16 12:00:00,2,15.43
2017-07-16 13:00:00,2,15.23
2017-07-16 14:00:00,2,14.56
2017-07-16 15:00:00,2,15.64
2017-07-16 16:00:00,2,17.22
2017-07-16 17:00:00,2,18.33
2017-07-16 18:00:00,2,19.53
2017-07-16 19:00:00,2,20.68
2017-07-16 20:00:00,2,18.11
2017-07-16 21:00:00,2,18.76
2017-07-16 22:00:00,2,21.02
2017-07-16 23:00:00,2,20.09
2017-07-17 00:00:00,2,18.22
2017-07-17 01:00:00,2,17.72
2017-07-17 02:00:00,2,16.17
2017-07-17 03:00:00,2,13.25
2017-07-17 04:00:00,2,12.86
2017-07-17 05:00:00,2,12.79
2017-07-17 06:00:00,2,14.38
2017-07-17 07:00:00,2,14.98
2017-07-17 08:00:00,2,18.1
2017-07-17 09:00:00,2,19.7
2017-07-17 10:00:00,2,28.43
2017-07-17 11:00:00,2,33.74
2017-07-17 12:00:00,2,36.15
2017-07-17 13:00:00,2,34.38
2017-07-17 14:00:00,2,37.5
2017-07-17 15:00:00,2,38.03
2017-07-17 16:00:00,2,36.92
2017-07-17 17:00:00,2,38.18
2017-07-17 18:00:00,2,39.5
2017-07-17 19:00:00,2,40.78
2017-07-17 20:00:00,2,39.2
2017-07-17 21:00:00,2,39.73
2017-07-17 22:00:00,2,39.02
2017-07-17 23:00:00,2,36.19
2017-07-18 00:00:00,2,33.91
2017-07-18 01:00:00,2,29.23
2017-07-18 02:00:00,2,27.86
2017-07-18 03:00:00,2,20.64
2017-07-18 04:00:00,2,18.15
2017-07-18 05:00:00,2,15.28
2017-07-18 06:00:00,2,16.59
2017-07-18 07:00:00,2,18.27
2017-07-18 08:00:00,2,20.19
2017-07-18 09:00:00,2,20.76
2017-07-18 10:00:00,2,30.36
2017-07-18 11:00:00,2,32.96
2017-07-18 12:00:00,2,36.79
2017-07-18 13:00:00,2,35.63
2017-07-18 14:00:00,2,38.57
2017-07-18 15:00:00,2,38.91
2017-07-18 16:00:00,2,37.39
2017-07-18 17:00:00,2,39.02
2017-07-18 18:00:00,2,40.98
2017-07-18 19:00:00,2,43.51
2017-07-18 20:00:00,2,41.03
2017-07-18 21:00:00,2,40.35
2017-07-18 22:00:00,2,38.2
2017-07-18 23:00:00,2,35.54
2017-07-19 00:00:00,2,34.17
2017-07-19 01:00:00,2,30.84
2017-07-19 02:00:00,2,27.19
2017-07-19 03:00:00,2,22.4
2017-07-19 04:00:00,2,17.84
2017-07-19 05:00:00,2,15.48
2017-07-19 06:00:00,2,16.23
2017-07-19 07:00:00,2,17.39
2017-07-19 08:00:00,2,19.23
2017-07-19 09:00:00,2,21.33
2017-07-19 10:00:00,2,28.93
2017-07-19 11:00:00,2,33.44
2017-07-19 12:00:00,2,37.37
2017-07-19 13:00:00,2,34.87
2017-07-19 14:00:00,2,38.99
2017-07-19 15:00:00,2,39.41
2017-07-19 16:00:00,2,36.86
2017-07-19 17:00:00,2,39.07
2017-07-19 18:00:00,2,39.81
2017-07-19 19:00:00,2,43.28
2017-07-19 20:00:00,2,41.3
2017-07-19 21:00:00,2,39.32
2017-07-19 22:00:00,2,36.35
2017-07-19 23:00:00,2,33.61
2017-07-20 00:00:00,2,34.59
2017-07-20 01:00:00,2,30.18
2017-07-20 02:00:00,2,26.98
2017-07-20 03:00:00,2,19.42
2017-07-20 04:00:00,2,17.7
2017-07-20 05:00:00,2,15.9
2017-07-20 06:00:00,2,15.46
2017-07-20 07:00:00,2,18.33
2017-07-20 08:00:00,2,19.18
2017-07-20 09:00:00,2,22.03
2017-07-20 10:00:00,2,28.76
2017-07-20 11:00:00,2,33.08
2017-07-20 12:00:00,2,36.16
2017-07-20 13:00:00,2,33.89
2017-07-20 14:00:00,2,39.23
2017-07-20 15:00:00,2,39.36
2017-07-20 16:00:00,2,36.85
2017-07-20 17:00:00,2,38.23
2017-07-20 18:00:00,2,39.25
2017-07-20 19:00:00,2,43.97
2017-07-20 20:00:00,2,41.26
2017-07-20 21:00:00,2,36.37
2017-07-20 22:00:00,2,32.95
2017-07-20 23:00:00,2,33.38
2017-07-21 00:00:00,2,32.34
2017-07-21 01:00:00,2,28.59
2017-07-21 02:00:00,2,25.96
2017-07-21 03:00:00,2,20.38
2017-07-21 04:00:00,2,17.18
2017-07-21 05:00:00,2,14.05
2017-07-21 06:00:00,2,14.9
2017-07-21 07:00:00,2,17.78
2017-07-21 08:00:00,2,18.14
2017-07-21 09:00:00,2,20.74
2017-07-21 10:00:00,2,27.36
2017-07-21 11:00:00,2,32.59
2017-07-21 12:00:00,2,33.64
2017-07-21 13:00:00,2,29.51
2017-07-21 14:00:00,2,38.08
2017-07-21 15:00:00,2,37.71
2017-07-21 16:00:00,2,32.45
2017-07-21 17:00:00,2,32.5
2017-07-21 18:00:00,2,34.62
2017-07-21 19:00:00,2,34.78
2017-07-21 20:00:00,2,35.17
2017-07-21 21:00:00,2,32.07
2017-07-21 22:00:00,2,28.3
2017-07-21 23:00:00,2,27.95
2017-07-22 00:00:00,2,27.58
2017-07-22 01:00:00,2,23.84
2017-07-22 02:00:00,2,22.07
2017-07-22 03:00:00,2,14.44
2017-07-22 04:00:00,2,12.59
2017-07-22 05:00:00,2,11.79
2017-07-22 06:00:00,2,11.4
2017-07-22 07:00:00,2,10.78
2017-07-22 08:00:00,2,12.96
2017-07-22 09:00:00,2,13.67
2017-07-22 10:00:00,2,14.39
2017-07-22 11:00:00,2,16.06
2017-07-22 12:00:00,2,15.27
2017-07-22 13:00:00,2,16.74
2017-07-22 14:00:00,2,14.46
2017-07-22 15:00:00,2,15.48
2017-07-22 16:00:00,2,17.0
2017-07-22 17:00:00,2,17.52
2017-07-22 18:00:00,2,18.3
2017-07-22 19:00:00,2,19.32
2017-07-22 20:00:00,2,19.22
2017-07-22 21:00:00,2,19.12
2017-07-22 22:00:00,2,20.35
2017-07-22 23:00:00,2,20.28
2017-07-23 00:00:00,2,19.68
2017-07-23 01:00:00,2,15.95
2017-07-23 02:00:00,2,14.7
2017-07-23 03:00:00,2,11.92
2017-07-23 04:00:00,2,11.42
2017-07-23 05:00:00,2,11.49
2017-07-23 06:00:00,2,11.09
2017-07-23 07:00:00,2,10.27
2017-07-23 08:00:00,2,13.71
2017-07-23 09:00:00,2,13.05
2017-07-23 10:00:00,2,13.31
2017-07-23 11:00:00,2,15.8
2017-07-23 12:00:00,2,15.29
2017-07-23 13:00:00,2,16.67
2017-07-23 14:00:00,2,14.24
2017-07-23 15:00:00,2,15.55
2017-07-23 16:00:00,2,16.93
2017-07-23 17:00:00,2,16.95
2017-07-23 18:00:00,2,17.72
2017-07-23 19:00:00,2,20.83
2017-07-23 20:00:00,2,21.03
2017-07-23 21:00:00,2,21.54
2017-07-23 22:00:00,2,22.69
2017-07-23 23:00:00,2,22.05
2017-07-24 00:00:00,2,22.82
2017-07-24 01:00:00,2,21.1
2017-07-24 02:00:00,2,20.25
2017-07-24 03:00:00,2,15.29
2017-07-24 04:00:00,2,14.54
2017-07-24 05:00:00,2,14.51
2017-07-24 06:00:00,2,15.99
2017-07-24 07:00:00,2,16.1
2017-07-24 08:00:00,2,18.21
2017-07-24 09:00:00,2,19.12
2017-07-24 10:00:00,2,26.59
2017-07-24 11:00:00,2,30.31
2017-07-24 12:00:00,2,32.06
2017-07-24 13:00:00,2,31.7
2017-07-24 14:00:00,2,34.66
2017-07-24 15:00:00,2,35.89
2017-07-24 16:00:00,2,34.97
2017-07-24 17:00:00,2,36.3
2017-07-24 18:00:00,2,40.48
2017-07-24 19:00:00,2,43.3
2017-07-24 20:00:00,2,41.27
2017-07-24 21:00:00,2,36.72
2017-07-24 22:00:00,2,36.56
2017-07-24 23:00:00,2,36.16
2017-07-25 00:00:00,2,32.54
2017-07-25 01:00:00,2,29.84
2017-07-25 02:00:00,2,26.06
2017-07-25 03:00:00,2,21.6
2017-07-25 04:00:00,2,18.22
2017-07-25 05:00:00,2,16.74
2017-07-25 06:00:00,2,18.05
2017-07-25 07:00:00,2,19.96
2017-07-25 08:00:00,2,20.16
2017-07-25 09:00:00,2,19.85
2017-07-25 10:00:00,2,26.03
2017-07-25 11:00:00,2,29.65
2017-07-25 12:00:00,2,33.54
2017-07-25 13:00:00,2,32.88
2017-07-25 14:00:00,2,36.68
2017-07-25 15:00:00,2,37.49
2017-07-25 16:00:00,2,34.89
2017-07-25 17:00:00,2,36.42
2017-07-25 18:00:00,2,40.37
2017-07-25 19:00:00,2,42.14
2017-07-25 20:00:00,2,40.43
2017-07-25 21:00:00,2,35.66
2017-07-25 22:00:00,2,36.11
2017-07-25 23:00:00,2,35.17
2017-07-26 00:00:00,2,33.23
2017-07-26 01:00:00,2,29.81
2017-07-26 02:00:00,2,24.93
2017-07-26 03:00:00,2,22.2
2017-07-26 04:00:00,2,18.12
2017-07-26 05:00:00,2,17.48
2017-07-26 06:00:00,2,17.38
2017-07-26 07:00:00,2,18.49
2017-07-26 08:00:00,2,18.8
2017-07-26 09:00:00,2,21.6
2017-07-26 10:00:00,2,22.15
2017-07-26 11:00:00,2,31.88
2017-07-26 12:00:00,2,33.56
2017-07-26 13:00:00,2,30.58
2017-07-26 14:00:00,2,35.65
2017-07-26 15:00:00,2,35.87
2017-07-26 16:00:00,2,33.47
2017-07-26 17:00:00,2,34.41
2017-07-26 18:00:00,2,39.7
2017-07-26 19:00:00,2,42.65
2017-07-26 20:00:00,2,40.82
2017-07-26 21:00:00,2,34.73
2017-07-26 22:00:00,2,35.33
2017-07-26 23:00:00,2,34.13
2017-07-27 00:00:00,2,33.73
2017-07-27 01:00:00,2,29.86
2017-07-27 02:00:00,2,24.85
2017-07-27 03:00:00,2,22.53
2017-07-27 04:00:00,2,17.27
2017-07-27 05:00:00,2,16.6
2017-07-27 06:00:00,2,16.31
2017-07-27 07:00:00,2,19.73
2017-07-27 08:00:00,2,18.4
2017-07-27 09:00:00,2,21.66
2017-07-27 10:00:00,2,23.28
2017-07-27 11:00:00,2,31.27
2017-07-27 12:00:00,2,34.3
2017-07-27 13:00:00,2,30.87
2017-07-27 14:00:00,2,37.0
2017-07-27 15:00:00,2,37.11
2017-07-27 16:00:00,2,34.57
2017-07-27 17:00:00,2,35.5
2017-07-27 18:00:00,2,39.6
2017-07-27 19:00:00,2,41.48
2017-07-27 20:00:00,2,40.15
2017-07-27 21:00:00,2,33.85
2017-07-27 22:00:00,2,33.32
2017-07-27 23:00:00,2,34.74
2017-07-28 00:00:00,2,32.61
2017-07-28 01:00:00,2,28.45
2017-07-28 02:00:00,2,24.37
2017-07-28 03:00:00,2,22.89
2017-07-28 04:00:00,2,15.8
2017-07-28 05:00:00,2,16.19
2017-07-28 06:00:00,2,16.86
2017-07-28 07:00:00,2,18.81
2017-07-28 08:00:00,2,17.62
2017-07-28 09:00:00,2,20.87
2017-07-28 10:00:00,2,23.64
2017-07-28 11:00:00,2,30.21
2017-07-28 12:00:00,2,32.44
2017-07-28 13:00:00,2,28.32
2017-07-28 14:00:00,2,35.7
2017-07-28 15:00:00,2,34.77
2017-07-28 16:00:00,2,30.33
2017-07-28 17:00:00,2,30.62
2017-07-28 18:00:00,2,32.19
2017-07-28 19:00:00,2,33.68
2017-07-28 20:00:00,2,34.44
2017-07-28 21:00:00,2,31.22
2017-07-28 22:00:00,2,28.27
2017-07-28 23:00:00,2,27.24
2017-07-29 00:00:00,2,28.02
2017-07-29 01:00:00,2,22.01
2017-07-29 02:00:00,2,20.67
2017-07-29 03:00:00,2,13.1
2017-07-29 04:00:00,2,11.28
2017-07-29 05:00:00,2,11.42
2017-07-29 06:00:00,2,11.5
2017-07-29 07:00:00,2,10.21
2017-07-29 08:00:00,2,11.88
2017-07-29 09:00:00,2,12.41
2017-07-29 10:00:00,2,13.86
2017-07-29 11:00:00,2,15.49
2017-07-29 12:00:00,2,14.77
2017-07-29 13:00:00,2,16.3
2017-07-29 14:00:00,2,13.78
2017-07-29 15:00:00,2,15.14
2017-07-29 16:00:00,2,17.42
2017-07-29 17:00:00,2,17.42
2017-07-29 18:00:00,2,18.12
2017-07-29 19:00:00,2,19.01
2017-07-29 20:00:00,2,19.09
2017-07-29 21:00:00,2,19.24
2017-07-29 22:00:00,2,19.87
2017-07-29 23:00:00,2,20.67
2017-07-30 00:00:00,2,19.93
2017-07-30 01:00:00,2,18.69
2017-07-30 02:00:00,2,16.9
2017-07-30 03:00:00,2,11.16
2017-07-30 04:00:00,2,11.57
2017-07-30 05:00:00,2,11.99
2017-07-30 06:00:00,2,12.52
2017-07-30 07:00:00,2,11.15
2017-07-30 08:00:00,2,12.91
2017-07-30 09:00:00,2,11.85
2017-07-30 10:00:00,2,13.28
2017-07-30 11:00:00,2,15.36
2017-07-30 12:00:00,2,14.81
2017-07-30 13:00:00,2,15.78
2017-07-30 14:00:00,2,13.75
2017-07-30 15:00:00,2,15.25
2017-07-30 16:00:00,2,16.9
2017-07-30 17:00:00,2,17.55
2017-07-30 18:00:00,2,19.03
2017-07-30 19:00:00,2,20.76
2017-07-30 20:00:00,2,20.44
2017-07-30 21:00:00,2,21.11
2017-07-30 22:00:00,2,20.42
2017-07-30 23:00:00,2,20.73
2017-07-31 00:00:00,2,18.12
2017-07-31 01:00:00,2,17.55
2017-07-31 02:00:00,2,16.47
2017-07-31 03:00:00,2,13.67
2017-07-31 04:00:00,2,10.81
2017-07-31 05:00:00,2,12.8
2017-07-31 06:00:00,2,12.61
2017-07-31 07:00:00,2,14.67
2017-07-31 08:00:00,2,18.22
2017-07-31 09:00:00,2,19.11
2017-07-31 10:00:00,2,23.65
2017-07-31 11:00:00,2,31.07
2017-07-31 12:00:00,2,31.79
2017-07-31 13:00:00,2,29.84
2017-07-31 14:00:00,2,33.21
2017-07-31 15:00:00,2,34.22
2017-07-31 16:00:00,2,33.42
2017-07-31 17:00:00,2,34.06
2017-07-31 18:00:00,2,39.27
2017-07-31 19:00:00,2,40.68
2017-07-31 20:00:00,2,38.8
2017-07-31 21:00:00,2,35.35
2017-07-31 22:00:00,2,36.1
2017-07-31 23:00:00,2,35.71
2017-08-01 00:00:00,2,32.11
2017-08-01 01:00:00,2,27.35
2017-08-01 02:00:00,2,24.51
2017-08-01 03:00:00,2,20.49
2017-08-01 04:00:00,2,17.31
2017-08-01 05:00:00,2,16.24
2017-08-01 06:00:00,2,17.67
2017-08-01 07:00:00,2,18.55
2017-08-01 08:00:00,2,19.94
2017-08-01 09:00:00,2,22.2
2017-08-01 10:00:00,2,26.49
2017-08-01 11:00:00,2,29.32
2017-08-01 12:00:00,2,31.09
2017-08-01 13:00:00,2,31.14
2017-08-01 14:00:00,2,32.58
2017-08-01 15:00:00,2,32.81
2017-08-01 16:00:00,2,35.0
2017-08-01 17:00:00,2,32.25
2017-08-01 18:00:00,2,32.42
2017-08-01 19:00:00,2,35.75
2017-08-01 20:00:00,2,36.25
2017-08-01 21:00:00,2,35.25
2017-08-01 22:00:00,2,31.38
2017-08-01 23:00:00,2,32.84
2017-08-02 00:00:00,2,32.08
2017-08-02 01:00:00,2,27.43
2017-08-02 02:00:00,2,23.81
2017-08-02 03:00:00,2,21.27
2017-08-02 04:00:00,2,17.66
2017-08-02 05:00:00,2,16.06
2017-08-02 06:00:00,2,17.77
2017-08-02 07:00:00,2,18.73
2017-08-02 08:00:00,2,22.5
2017-08-02 09:00:00,2,22.19
2017-08-02 10:00:00,2,25.79
2017-08-02 11:00:00,2,29.6
2017-08-02 12:00:00,2,32.41
2017-08-02 13:00:00,2,32.39
2017-08-02 14:00:00,2,34.91
2017-08-02 15:00:00,2,35.03
2017-08-02 16:00:00,2,37.48
2017-08-02 17:00:00,2,34.91
2017-08-02 18:00:00,2,35.31
2017-08-02 19:00:00,2,37.68
2017-08-02 20:00:00,2,38.35
2017-08-02 21:00:00,2,36.44
2017-08-02 22:00:00,2,31.03
2017-08-02 23:00:00,2,31.9
2017-08-03 00:00:00,2,33.5
2017-08-03 01:00:00,2,28.02
2017-08-03 02:00:00,2,25.26
2017-08-03 03:00:00,2,20.18
2017-08-03 04:00:00,2,18.1
2017-08-03 05:00:00,2,16.73
2017-08-03 06:00:00,2,18.12
2017-08-03 07:00:00,2,16.82
2017-08-03 08:00:00,2,22.67
2017-08-03 09:00:00,2,21.26
2017-08-03 10:00:00,2,25.65
2017-08-03 11:00:00,2,29.25
2017-08-03 12:00:00,2,31.95
2017-08-03 13:00:00,2,31.86
2017-08-03 14:00:00,2,34.98
2017-08-03 15:00:00,2,35.2
2017-08-03 16:00:00,2,37.83
2017-08-03 17:00:00,2,34.86
2017-08-03 18:00:00,2,35.24
2017-08-03 19:00:00,2,38.39
2017-08-03 20:00:00,2,38.46
2017-08-03 21:00:00,2,36.54
2017-08-03 22:00:00,2,31.02
2017-08-03 23:00:00,2,32.32
2017-08-04 00:00:00,2,30.6
2017-08-04 01:00:00,2,26.16
2017-08-04 02:00:00,2,25.56
2017-08-04 03:00:00,2,19.35
2017-08-04 04:00:00,2,17.14
2017-08-04 05:00:00,2,15.16
2017-08-04 06:00:00,2,16.23
2017-08-04 07:00:00,2,16.96
2017-08-04 08:00:00,2,19.76
2017-08-04 09:00:00,2,21.03
2017-08-04 10:00:00,2,25.95
2017-08-04 11:00:00,2,26.14
2017-08-04 12:00:00,2,29.4
2017-08-04 13:00:00,2,27.88
2017-08-04 14:00:00,2,31.98
2017-08-04 15:00:00,2,32.12
2017-08-04 16:00:00,2,31.71
2017-08-04 17:00:00,2,31.27
2017-08-04 18:00:00,2,32.47
2017-08-04 19:00:00,2,32.38
2017-08-04 20:00:00,2,33.27
2017-08-04 21:00:00,2,30.93
2017-08-04 22:00:00,2,26.33
2017-08-04 23:00:00,2,24.92
2017-08-05 00:00:00,2,27.23
2017-08-05 01:00:00,2,24.02
2017-08-05 02:00:00,2,22.08
2017-08-05 03:00:00,2,16.45
2017-08-05 04:00:00,2,11.96
2017-08-05 05:00:00,2,11.9
2017-08-05 06:00:00,2,9.08
2017-08-05 07:00:00,2,10.13
2017-08-05 08:00:00,2,11.85
2017-08-05 09:00:00,2,12.29
2017-08-05 10:00:00,2,16.5
2017-08-05 11:00:00,2,17.75
2017-08-05 12:00:00,2,17.47
2017-08-05 13:00:00,2,16.8
2017-08-05 14:00:00,2,14.99
2017-08-05 15:00:00,2,16.2
2017-08-05 16:00:00,2,19.68
2017-08-05 17:00:00,2,18.81
2017-08-05 18:00:00,2,17.34
2017-08-05 19:00:00,2,18.92
2017-08-05 20:00:00,2,19.42
2017-08-05 21:00:00,2,17.12
2017-08-05 22:00:00,2,17.46
2017-08-05 23:00:00,2,18.07
2017-08-06 00:00:00,2,16.23
2017-08-06 01:00:00,2,15.68
2017-08-06 02:00:00,2,13.47
2017-08-06 03:00:00,2,14.47
2017-08-06 04:00:00,2,12.4
2017-08-06 05:00:00,2,11.63
2017-08-06 06:00:00,2,9.69
2017-08-06 07:00:00,2,11.26
2017-08-06 08:00:00,2,12.26
2017-08-06 09:00:00,2,11.89
2017-08-06 10:00:00,2,14.85
2017-08-06 11:00:00,2,16.13
2017-08-06 12:00:00,2,15.71
2017-08-06 13:00:00,2,16.31
2017-08-06 14:00:00,2,15.62
2017-08-06 15:00:00,2,16.95
2017-08-06 16:00:00,2,19.94
2017-08-06 17:00:00,2,20.0
2017-08-06 18:00:00,2,18.48
2017-08-06 19:00:00,2,20.69
2017-08-06 20:00:00,2,18.9
2017-08-06 21:00:00,2,18.54
2017-08-06 22:00:00,2,19.08
2017-08-06 23:00:00,2,19.68
2017-08-07 00:00:00,2,20.91
2017-08-07 01:00:00,2,19.39
2017-08-07 02:00:00,2,17.24
2017-08-07 03:00:00,2,14.77
2017-08-07 04:00:00,2,13.93
2017-08-07 05:00:00,2,13.79
2017-08-07 06:00:00,2,13.64
2017-08-07 07:00:00,2,15.29
2017-08-07 08:00:00,2,20.26
2017-08-07 09:00:00,2,21.31
2017-08-07 10:00:00,2,26.77
2017-08-07 11:00:00,2,32.03
2017-08-07 12:00:00,2,35.06
2017-08-07 13:00:00,2,34.06
2017-08-07 14:00:00,2,38.6
2017-08-07 15:00:00,2,38.68
2017-08-07 16:00:00,2,38.07
2017-08-07 17:00:00,2,35.91
2017-08-07 18:00:00,2,37.99
2017-08-07 19:00:00,2,39.54
2017-08-07 20:00:00,2,38.1
2017-08-07 21:00:00,2,38.04
2017-08-07 22:00:00,2,36.34
2017-08-07 23:00:00,2,36.96
2017-08-08 00:00:00,2,35.48
2017-08-08 01:00:00,2,28.28
2017-08-08 02:00:00,2,24.85
2017-08-08 03:00:00,2,20.62
2017-08-08 04:00:00,2,15.86
2017-08-08 05:00:00,2,17.15
2017-08-08 06:00:00,2,16.67
2017-08-08 07:00:00,2,18.71
2017-08-08 08:00:00,2,20.4
2017-08-08 09:00:00,2,20.23
2017-08-08 10:00:00,2,28.13
2017-08-08 11:00:00,2,31.43
2017-08-08 12:00:00,2,36.21
2017-08-08 13:00:00,2,34.94
2017-08-08 14:00:00,2,38.62
2017-08-08 15:00:00,2,37.91
2017-08-08 16:00:00,2,37.77
2017-08-08 17:00:00,2,35.97
2017-08-08 18:00:00,2,39.51
2017-08-08 19:00:00,2,41.29
2017-08-08 20:00:00,2,39.8
2017-08-08 21:00:00,2,37.91
2017-08-08 22:00:00,2,35.52
2017-08-08 23:00:00,2,36.38
2017-08-09 00:00:00,2,35.24
2017-08-09 01:00:00,2,28.3
2017-08-09 02:00:00,2,24.82
2017-08-09 03:00:00,2,21.78
2017-08-09 04:00:00,2,15.89
2017-08-09 05:00:00,2,16.15
2017-08-09 06:00:00,2,16.07
2017-08-09 07:00:00,2,18.96
2017-08-09 08:00:00,2,20.85
2017-08-09 09:00:00,2,22.12
2017-08-09 10:00:00,2,26.48
2017-08-09 11:00:00,2,30.53
2017-08-09 12:00:00,2,37.35
2017-08-09 13:00:00,2,35.65
2017-08-09 14:00:00,2,38.7
2017-08-09 15:00:00,2,38.01
2017-08-09 16:00:00,2,37.29
2017-08-09 17:00:00,2,36.15
2017-08-09 18:00:00,2,39.09
2017-08-09 19:00:00,2,41.27
2017-08-09 20:00:00,2,40.51
2017-08-09 21:00:00,2,36.97
2017-08-09 22:00:00,2,34.35
2017-08-09 23:00:00,2,34.44
2017-08-10 00:00:00,2,35.38
2017-08-10 01:00:00,2,28.68
2017-08-10 02:00:00,2,25.58
2017-08-10 03:00:00,2,21.17
2017-08-10 04:00:00,2,16.95
2017-08-10 05:00:00,2,17.9
2017-08-10 06:00:00,2,16.78
2017-08-10 07:00:00,2,17.82
2017-08-10 08:00:00,2,20.53
2017-08-10 09:00:00,2,20.95
2017-08-10 10:00:00,2,26.44
2017-08-10 11:00:00,2,30.41
2017-08-10 12:00:00,2,36.79
2017-08-10 13:00:00,2,34.76
2017-08-10 14:00:00,2,36.74
2017-08-10 15:00:00,2,36.36
2017-08-10 16:00:00,2,36.45
2017-08-10 17:00:00,2,34.01
2017-08-10 18:00:00,2,38.18
2017-08-10 19:00:00,2,41.47
2017-08-10 20:00:00,2,39.87
2017-08-10 21:00:00,2,34.43
2017-08-10 22:00:00,2,32.39
2017-08-10 23:00:00,2,35.08
2017-08-11 00:00:00,2,33.03
2017-08-11 01:00:00,2,25.6
2017-08-11 02:00:00,2,25.52
2017-08-11 03:00:00,2,20.6
2017-08-11 04:00:00,2,17.69
2017-08-11 05:00:00,2,17.01
2017-08-11 06:00:00,2,17.18
2017-08-11 07:00:00,2,18.7
2017-08-11 08:00:00,2,19.52
2017-08-11 09:00:00,2,21.4
2017-08-11 10:00:00,2,26.58
2017-08-11 11:00:00,2,29.71
2017-08-11 12:00:00,2,32.37
2017-08-11 13:00:00,2,31.07
2017-08-11 14:00:00,2,32.99
2017-08-11 15:00:00,2,33.3
2017-08-11 16:00:00,2,31.79
2017-08-11 17:00:00,2,31.5
2017-08-11 18:00:00,2,35.33
2017-08-11 19:00:00,2,34.85
2017-08-11 20:00:00,2,32.35
2017-08-11 21:00:00,2,30.5
2017-08-11 22:00:00,2,29.35
2017-08-11 23:00:00,2,28.16
2017-08-12 00:00:00,2,29.0
2017-08-12 01:00:00,2,22.58
2017-08-12 02:00:00,2,21.61
2017-08-12 03:00:00,2,16.06
2017-08-12 04:00:00,2,13.12
2017-08-12 05:00:00,2,12.54
2017-08-12 06:00:00,2,11.96
2017-08-12 07:00:00,2,11.58
2017-08-12 08:00:00,2,12.77
2017-08-12 09:00:00,2,13.05
2017-08-12 10:00:00,2,15.47
2017-08-12 11:00:00,2,17.33
2017-08-12 12:00:00,2,17.48
2017-08-12 13:00:00,2,17.61
2017-08-12 14:00:00,2,17.24
2017-08-12 15:00:00,2,17.11
2017-08-12 16:00:00,2,17.75
2017-08-12 17:00:00,2,17.28
2017-08-12 18:00:00,2,18.06
2017-08-12 19:00:00,2,19.35
2017-08-12 20:00:00,2,18.05
2017-08-12 21:00:00,2,17.08
2017-08-12 22:00:00,2,16.9
2017-08-12 23:00:00,2,16.99
2017-08-13 00:00:00,2,17.48
2017-08-13 01:00:00,2,16.07
2017-08-13 02:00:00,2,13.98
2017-08-13 03:00:00,2,14.06
2017-08-13 04:00:00,2,12.92
2017-08-13 05:00:00,2,12.37
2017-08-13 06:00:00,2,11.87
2017-08-13 07:00:00,2,12.44
2017-08-13 08:00:00,2,13.42
2017-08-13 09:00:00,2,12.08
2017-08-13 10:00:00,2,12.97
2017-08-13 11:00:00,2,16.75
2017-08-13 12:00:00,2,15.89
2017-08-13 13:00:00,2,16.23
2017-08-13 14:00:00,2,15.87
2017-08-13 15:00:00,2,17.5
2017-08-13 16:00:00,2,18.05
2017-08-13 17:00:00,2,18.82
2017-08-13 18:00:00,2,19.91
2017-08-13 19:00:00,2,21.86
2017-08-13 20:00:00,2,18.42
2017-08-13 21:00:00,2,19.53
2017-08-13 22:00:00,2,20.65
2017-08-13 23:00:00,2,20.23
2017-08-14 00:00:00,2,18.12
2017-08-14 01:00:00,2,17.07
2017-08-14 02:00:00,2,15.25
2017-08-14 03:00:00,2,13.51
2017-08-14 04:00:00,2,13.46
2017-08-14 05:00:00,2,13.25
2017-08-14 06:00:00,2,14.35
2017-08-14 07:00:00,2,15.04
2017-08-14 08:00:00,2,19.36
2017-08-14 09:00:00,2,20.47
2017-08-14 10:00:00,2,28.82
2017-08-14 11:00:00,2,34.43
2017-08-14 12:00:00,2,36.55
2017-08-14 13:00:00,2,34.58
2017-08-14 14:00:00,2,39.47
2017-08-14 15:00:00,2,40.66
2017-08-14 16:00:00,2,38.84
2017-08-14 17:00:00,2,38.96
2017-08-14 18:00:00,2,40.0
2017-08-14 19:00:00,2,41.97
2017-08-14 20:00:00,2,40.1
2017-08-14 21:00:00,2,39.49
2017-08-14 22:00:00,2,38.34
2017-08-14 23:00:00,2,35.53
2017-08-15 00:00:00,2,34.85
2017-08-15 01:00:00,2,29.43
2017-08-15 02:00:00,2,26.85
2017-08-15 03:00:00,2,21.37
2017-08-15 04:00:00,2,17.23
2017-08-15 05:00:00,2,16.21
2017-08-15 06:00:00,2,15.71
2017-08-15 07:00:00,2,18.76
2017-08-15 08:00:00,2,20.46
2017-08-15 09:00:00,2,21.99
2017-08-15 10:00:00,2,30.74
2017-08-15 11:00:00,2,33.21
2017-08-15 12:00:00,2,37.29
2017-08-15 13:00:00,2,35.38
2017-08-15 14:00:00,2,39.61
2017-08-15 15:00:00,2,39.4
2017-08-15 16:00:00,2,38.6
2017-08-15 17:00:00,2,40.13
2017-08-15 18:00:00,2,40.45
2017-08-15 19:00:00,2,41.86
2017-08-15 20:00:00,2,40.77
2017-08-15 21:00:00,2,39.9
2017-08-15 22:00:00,2,36.72
2017-08-15 23:00:00,2,34.24
2017-08-16 00:00:00,2,34.1
2017-08-16 01:00:00,2,29.65
2017-08-16 02:00:00,2,27.23
2017-08-16 03:00:00,2,22.43
2017-08-16 04:00:00,2,17.11
2017-08-16 05:00:00,2,15.65
2017-08-16 06:00:00,2,14.96
2017-08-16 07:00:00,2,18.65
2017-08-16 08:00:00,2,20.5
2017-08-16 09:00:00,2,23.2
2017-08-16 10:00:00,2,28.83
2017-08-16 11:00:00,2,33.01
2017-08-16 12:00:00,2,38.48
2017-08-16 13:00:00,2,35.49
2017-08-16 14:00:00,2,39.71
2017-08-16 15:00:00,2,39.61
2017-08-16 16:00:00,2,38.21
2017-08-16 17:00:00,2,38.81
2017-08-16 18:00:00,2,39.1
2017-08-16 19:00:00,2,41.04
2017-08-16 20:00:00,2,39.46
2017-08-16 21:00:00,2,38.23
2017-08-16 22:00:00,2,34.09
2017-08-16 23:00:00,2,32.96
2017-08-17 00:00:00,2,34.3
2017-08-17 01:00:00,2,28.83
2017-08-17 02:00:00,2,27.35
2017-08-17 03:00:00,2,20.18
2017-08-17 04:00:00,2,17.21
2017-08-17 05:00:00,2,15.33
2017-08-17 06:00:00,2,14.38
2017-08-17 07:00:00,2,16.5
2017-08-17 08:00:00,2,19.53
2017-08-17 09:00:00,2,22.66
2017-08-17 10:00:00,2,28.63
2017-08-17 11:00:00,2,32.41
2017-08-17 12:00:00,2,37.12
2017-08-17 13:00:00,2,34.16
2017-08-17 14:00:00,2,39.12
2017-08-17 15:00:00,2,39.59
2017-08-17 16:00:00,2,38.1
2017-08-17 17:00:00,2,37.91
2017-08-17 18:00:00,2,38.37
2017-08-17 19:00:00,2,39.24
2017-08-17 20:00:00,2,38.77
2017-08-17 21:00:00,2,36.25
2017-08-17 22:00:00,2,31.57
2017-08-17 23:00:00,2,33.85
2017-08-18 00:00:00,2,32.33
2017-08-18 01:00:00,2,26.72
2017-08-18 02:00:00,2,27.22
2017-08-18 03:00:00,2,19.8
2017-08-18 04:00:00,2,16.81
2017-08-18 05:00:00,2,14.63
2017-08-18 06:00:00,2,15.0
2017-08-18 07:00:00,2,18.56
2017-08-18 08:00:00,2,18.16
2017-08-18 09:00:00,2,22.37
2017-08-18 10:00:00,2,27.63
2017-08-18 11:00:00,2,32.63
2017-08-18 12:00:00,2,35.11
2017-08-18 13:00:00,2,31.02
2017-08-18 14:00:00,2,36.98
2017-08-18 15:00:00,2,37.78
2017-08-18 16:00:00,2,33.44
2017-08-18 17:00:00,2,33.83
2017-08-18 18:00:00,2,35.52
2017-08-18 19:00:00,2,34.08
2017-08-18 20:00:00,2,34.46
2017-08-18 21:00:00,2,32.06
2017-08-18 22:00:00,2,28.61
2017-08-18 23:00:00,2,28.44
2017-08-19 00:00:00,2,28.38
2017-08-19 01:00:00,2,23.19
2017-08-19 02:00:00,2,21.86
2017-08-19 03:00:00,2,14.38
2017-08-19 04:00:00,2,13.08
2017-08-19 05:00:00,2,12.18
2017-08-19 06:00:00,2,11.54
2017-08-19 07:00:00,2,10.67
2017-08-19 08:00:00,2,12.87
2017-08-19 09:00:00,2,13.44
2017-08-19 10:00:00,2,14.08
2017-08-19 11:00:00,2,17.14
2017-08-19 12:00:00,2,16.15
2017-08-19 13:00:00,2,16.36
2017-08-19 14:00:00,2,15.41
2017-08-19 15:00:00,2,15.47
2017-08-19 16:00:00,2,17.59
2017-08-19 17:00:00,2,17.93
2017-08-19 18:00:00,2,19.99
2017-08-19 19:00:00,2,20.48
2017-08-19 20:00:00,2,21.64
2017-08-19 21:00:00,2,22.08
2017-08-19 22:00:00,2,22.59
2017-08-19 23:00:00,2,21.7
2017-08-20 00:00:00,2,19.7
2017-08-20 01:00:00,2,15.34
2017-08-20 02:00:00,2,14.5
2017-08-20 03:00:00,2,13.06
2017-08-20 04:00:00,2,11.85
2017-08-20 05:00:00,2,11.59
2017-08-20 06:00:00,2,11.19
2017-08-20 07:00:00,2,10.18
2017-08-20 08:00:00,2,13.41
2017-08-20 09:00:00,2,12.06
2017-08-20 10:00:00,2,13.85
2017-08-20 11:00:00,2,18.1
2017-08-20 12:00:00,2,18.02
2017-08-20 13:00:00,2,17.34
2017-08-20 14:00:00,2,15.9
2017-08-20 15:00:00,2,16.52
2017-08-20 16:00:00,2,18.14
2017-08-20 17:00:00,2,18.03
2017-08-20 18:00:00,2,20.15
2017-08-20 19:00:00,2,21.44
2017-08-20 20:00:00,2,21.79
2017-08-20 21:00:00,2,23.0
2017-08-20 22:00:00,2,23.17
2017-08-20 23:00:00,2,22.31
2017-08-21 00:00:00,2,21.24
2017-08-21 01:00:00,2,21.23
2017-08-21 02:00:00,2,19.36
2017-08-21 03:00:00,2,14.91
2017-08-21 04:00:00,2,13.29
2017-08-21 05:00:00,2,13.36
2017-08-21 06:00:00,2,15.95
2017-08-21 07:00:00,2,15.42
2017-08-21 08:00:00,2,17.6
2017-08-21 09:00:00,2,18.86
2017-08-21 10:00:00,2,27.92
2017-08-21 11:00:00,2,32.73
2017-08-21 12:00:00,2,34.58
2017-08-21 13:00:00,2,32.95
2017-08-21 14:00:00,2,37.24
2017-08-21 15:00:00,2,38.64
2017-08-21 16:00:00,2,37.2
2017-08-21 17:00:00,2,39.13
2017-08-21 18:00:00,2,40.43
2017-08-21 19:00:00,2,44.17
2017-08-21 20:00:00,2,41.71
2017-08-21 21:00:00,2,39.73
2017-08-21 22:00:00,2,38.29
2017-08-21 23:00:00,2,35.97
2017-08-22 00:00:00,2,33.21
2017-08-22 01:00:00,2,30.39
2017-08-22 02:00:00,2,27.09
2017-08-22 03:00:00,2,20.92
2017-08-22 04:00:00,2,17.5
2017-08-22 05:00:00,2,15.81
2017-08-22 06:00:00,2,16.71
2017-08-22 07:00:00,2,19.1
2017-08-22 08:00:00,2,19.23
2017-08-22 09:00:00,2,20.08
2017-08-22 10:00:00,2,29.92
2017-08-22 11:00:00,2,31.46
2017-08-22 12:00:00,2,35.16
2017-08-22 13:00:00,2,35.4
2017-08-22 14:00:00,2,38.9
2017-08-22 15:00:00,2,39.35
2017-08-22 16:00:00,2,37.01
2017-08-22 17:00:00,2,39.22
2017-08-22 18:00:00,2,40.75
2017-08-22 19:00:00,2,45.18
2017-08-22 20:00:00,2,42.13
2017-08-22 21:00:00,2,38.48
2017-08-22 22:00:00,2,37.23
2017-08-22 23:00:00,2,34.73
2017-08-23 00:00:00,2,33.4
2017-08-23 01:00:00,2,30.31
2017-08-23 02:00:00,2,25.42
2017-08-23 03:00:00,2,22.16
2017-08-23 04:00:00,2,17.18
2017-08-23 05:00:00,2,16.4
2017-08-23 06:00:00,2,17.18
2017-08-23 07:00:00,2,18.19
2017-08-23 08:00:00,2,19.27
2017-08-23 09:00:00,2,21.17
2017-08-23 10:00:00,2,28.3
2017-08-23 11:00:00,2,32.07
2017-08-23 12:00:00,2,34.8
2017-08-23 13:00:00,2,33.49
2017-08-23 14:00:00,2,38.89
2017-08-23 15:00:00,2,39.18
2017-08-23 16:00:00,2,36.36
2017-08-23 17:00:00,2,38.45
2017-08-23 18:00:00,2,39.67
2017-08-23 19:00:00,2,44.39
2017-08-23 20:00:00,2,41.85
2017-08-23 21:00:00,2,37.25
2017-08-23 22:00:00,2,35.7
2017-08-23 23:00:00,2,32.97
2017-08-24 00:00:00,2,33.69
2017-08-24 01:00:00,2,30.06
2017-08-24 02:00:00,2,25.01
2017-08-24 03:00:00,2,21.36
2017-08-24 04:00:00,2,16.85
2017-08-24 05:00:00,2,15.48
2017-08-24 06:00:00,2,15.06
2017-08-24 07:00:00,2,17.22
2017-08-24 08:00:00,2,20.4
2017-08-24 09:00:00,2,21.98
2017-08-24 10:00:00,2,27.4
2017-08-24 11:00:00,2,32.34
2017-08-24 12:00:00,2,34.72
2017-08-24 13:00:00,2,33.43
2017-08-24 14:00:00,2,38.12
2017-08-24 15:00:00,2,38.16
2017-08-24 16:00:00,2,35.66
2017-08-24 17:00:00,2,36.72
2017-08-24 18:00:00,2,39.22
2017-08-24 19:00:00,2,43.63
2017-08-24 20:00:00,2,41.41
2017-08-24 21:00:00,2,35.16
2017-08-24 22:00:00,2,33.26
2017-08-24 23:00:00,2,33.41
2017-08-25 00:00:00,2,32.14
2017-08-25 01:00:00,2,28.23
2017-08-25 02:00:00,2,24.41
2017-08-25 03:00:00,2,21.8
2017-08-25 04:00:00,2,16.57
2017-08-25 05:00:00,2,15.39
2017-08-25 06:00:00,2,15.41
2017-08-25 07:00:00,2,17.66
2017-08-25 08:00:00,2,17.82
2017-08-25 09:00:00,2,21.34
2017-08-25 10:00:00,2,24.76
2017-08-25 11:00:00,2,30.43
2017-08-25 12:00:00,2,33.49
2017-08-25 13:00:00,2,28.85
2017-08-25 14:00:00,2,36.45
2017-08-25 15:00:00,2,36.42
2017-08-25 16:00:00,2,31.16
2017-08-25 17:00:00,2,31.23
2017-08-25 18:00:00,2,32.22
2017-08-25 19:00:00,2,33.99
2017-08-25 20:00:00,2,34.65
2017-08-25 21:00:00,2,31.53
2017-08-25 22:00:00,2,27.96
2017-08-25 23:00:00,2,27.15
2017-08-26 00:00:00,2,27.74
2017-08-26 01:00:00,2,21.91
2017-08-26 02:00:00,2,20.77
2017-08-26 03:00:00,2,12.8
2017-08-26 04:00:00,2,10.94
2017-08-26 05:00:00,2,10.9
2017-08-26 06:00:00,2,11.21
2017-08-26 07:00:00,2,9.83
2017-08-26 08:00:00,2,11.9
2017-08-26 09:00:00,2,12.94
2017-08-26 10:00:00,2,13.74
2017-08-26 11:00:00,2,15.38
2017-08-26 12:00:00,2,14.53
2017-08-26 13:00:00,2,16.4
2017-08-26 14:00:00,2,13.93
2017-08-26 15:00:00,2,15.14
2017-08-26 16:00:00,2,16.76
2017-08-26 17:00:00,2,16.89
2017-08-26 18:00:00,2,17.57
2017-08-26 19:00:00,2,18.14
2017-08-26 20:00:00,2,18.13
2017-08-26 21:00:00,2,18.37
2017-08-26 22:00:00,2,19.09
2017-08-26 23:00:00,2,19.26
2017-08-27 00:00:00,2,19.51
2017-08-27 01:00:00,2,16.63
2017-08-27 02:00:00,2,14.84
2017-08-27 03:00:00,2,10.39
2017-08-27 04:00:00,2,10.78
2017-08-27 05:00:00,2,10.43
2017-08-27 06:00:00,2,10.75
2017-08-27 07:00:00,2,9.4
2017-08-27 08:00:00,2,11.25
2017-08-27 09:00:00,2,11.72
2017-08-27 10:00:00,2,13.21
2017-08-27 11:00:00,2,15.79
2017-08-27 12:00:00,2,15.61
2017-08-27 13:00:00,2,16.96
2017-08-27 14:00:00,2,14.59
2017-08-27 15:00:00,2,15.84
2017-08-27 16:00:00,2,17.28
2017-08-27 17:00:00,2,17.11
2017-08-27 18:00:00,2,17.84
2017-08-27 19:00:00,2,20.1
2017-08-27 20:00:00,2,20.47
2017-08-27 21:00:00,2,21.08
2017-08-27 22:00:00,2,20.45
2017-08-27 23:00:00,2,20.69
2017-08-28 00:00:00,2,20.03
2017-08-28 01:00:00,2,18.91
2017-08-28 02:00:00,2,18.63
2017-08-28 03:00:00,2,13.87
2017-08-28 04:00:00,2,11.54
2017-08-28 05:00:00,2,12.26
2017-08-28 06:00:00,2,12.61
2017-08-28 07:00:00,2,14.89
2017-08-28 08:00:00,2,17.31
2017-08-28 09:00:00,2,18.34
2017-08-28 10:00:00,2,22.79
2017-08-28 11:00:00,2,30.53
2017-08-28 12:00:00,2,31.38
2017-08-28 13:00:00,2,29.97
2017-08-28 14:00:00,2,32.76
2017-08-28 15:00:00,2,33.44
2017-08-28 16:00:00,2,33.01
2017-08-28 17:00:00,2,33.99
2017-08-28 18:00:00,2,39.95
2017-08-28 19:00:00,2,41.89
2017-08-28 20:00:00,2,39.8
2017-08-28 21:00:00,2,34.97
2017-08-28 22:00:00,2,36.26
2017-08-28 23:00:00,2,35.87
2017-08-29 00:00:00,2,34.4
2017-08-29 01:00:00,2,27.48
2017-08-29 02:00:00,2,25.83
2017-08-29 03:00:00,2,23.17
2017-08-29 04:00:00,2,17.06
2017-08-29 05:00:00,2,15.89
2017-08-29 06:00:00,2,16.65
2017-08-29 07:00:00,2,20.16
2017-08-29 08:00:00,2,18.81
2017-08-29 09:00:00,2,20.52
2017-08-29 10:00:00,2,24.76
2017-08-29 11:00:00,2,31.14
2017-08-29 12:00:00,2,34.64
2017-08-29 13:00:00,2,30.79
2017-08-29 14:00:00,2,37.89
2017-08-29 15:00:00,2,38.17
2017-08-29 16:00:00,2,35.95
2017-08-29 17:00:00,2,37.06
2017-08-29 18:00:00,2,41.22
2017-08-29 19:00:00,2,41.95
2017-08-29 20:00:00,2,39.97
2017-08-29 21:00:00,2,34.58
2017-08-29 22:00:00,2,35.7
2017-08-29 23:00:00,2,35.11
2017-08-30 00:00:00,2,34.11
2017-08-30 01:00:00,2,27.82
2017-08-30 02:00:00,2,24.34
2017-08-30 03:00:00,2,22.01
2017-08-30 04:00:00,2,16.86
2017-08-30 05:00:00,2,15.46
2017-08-30 06:00:00,2,16.11
2017-08-30 07:00:00,2,20.23
2017-08-30 08:00:00,2,18.42
2017-08-30 09:00:00,2,23.11
2017-08-30 10:00:00,2,24.69
2017-08-30 11:00:00,2,32.15
2017-08-30 12:00:00,2,35.19
2017-08-30 13:00:00,2,29.09
2017-08-30 14:00:00,2,37.95
2017-08-30 15:00:00,2,38.11
2017-08-30 16:00:00,2,35.7
2017-08-30 17:00:00,2,35.72
2017-08-30 18:00:00,2,40.26
2017-08-30 19:00:00,2,41.69
2017-08-30 20:00:00,2,39.74
2017-08-30 21:00:00,2,33.9
2017-08-30 22:00:00,2,34.63
2017-08-30 23:00:00,2,34.18
2017-08-31 00:00:00,2,34.68
2017-08-31 01:00:00,2,27.31
2017-08-31 02:00:00,2,24.22
2017-08-31 03:00:00,2,22.75
2017-08-31 04:00:00,2,16.1
2017-08-31 05:00:00,2,15.11
2017-08-31 06:00:00,2,16.51
2017-08-31 07:00:00,2,20.06
2017-08-31 08:00:00,2,18.24
2017-08-31 09:00:00,2,21.59
2017-08-31 10:00:00,2,24.97
2017-08-31 11:00:00,2,31.52
2017-08-31 12:00:00,2,34.29
2017-08-31 13:00:00,2,28.9
2017-08-31 14:00:00,2,36.24
2017-08-31 15:00:00,2,36.56
2017-08-31 16:00:00,2,33.5
2017-08-31 17:00:00,2,33.98
2017-08-31 18:00:00,2,39.36
2017-08-31 19:00:00,2,40.83
2017-08-31 20:00:00,2,39.59
2017-08-31 21:00:00,2,33.64
2017-08-31 22:00:00,2,32.72
2017-08-31 23:00:00,2,34.82
2017-09-01 00:00:00,2,29.7
2017-09-01 01:00:00,2,26.19
2017-09-01 02:00:00,2,25.66
2017-09-01 03:00:00,2,20.05
2017-09-01 04:00:00,2,17.06
2017-09-01 05:00:00,2,14.72
2017-09-01 06:00:00,2,15.96
2017-09-01 07:00:00,2,16.24
2017-09-01 08:00:00,2,20.92
2017-09-01 09:00:00,2,23.7
2017-09-01 10:00:00,2,26.03
2017-09-01 11:00:00,2,26.43
2017-09-01 12:00:00,2,29.6
2017-09-01 13:00:00,2,28.06
2017-09-01 14:00:00,2,32.68
2017-09-01 15:00:00,2,32.72
2017-09-01 16:00:00,2,32.93
2017-09-01 17:00:00,2,32.09
2017-09-01 18:00:00,2,32.91
2017-09-01 19:00:00,2,33.16
2017-09-01 20:00:00,2,34.24
2017-09-01 21:00:00,2,31.71
2017-09-01 22:00:00,2,27.29
2017-09-01 23:00:00,2,25.02
2017-09-02 00:00:00,2,27.18
2017-09-02 01:00:00,2,25.36
2017-09-02 02:00:00,2,22.43
2017-09-02 03:00:00,2,17.13
2017-09-02 04:00:00,2,12.75
2017-09-02 05:00:00,2,12.68
2017-09-02 06:00:00,2,9.78
2017-09-02 07:00:00,2,10.74
2017-09-02 08:00:00,2,14.05
2017-09-02 09:00:00,2,15.77
2017-09-02 10:00:00,2,18.99
2017-09-02 11:00:00,2,17.97
2017-09-02 12:00:00,2,16.37
2017-09-02 13:00:00,2,15.73
2017-09-02 14:00:00,2,16.34
2017-09-02 15:00:00,2,17.19
2017-09-02 16:00:00,2,16.69
2017-09-02 17:00:00,2,15.98
2017-09-02 18:00:00,2,18.33
2017-09-02 19:00:00,2,18.87
2017-09-02 20:00:00,2,21.33
2017-09-02 21:00:00,2,21.05
2017-09-02 22:00:00,2,20.6
2017-09-02 23:00:00,2,21.08
2017-09-03 00:00:00,2,17.02
2017-09-03 01:00:00,2,15.85
2017-09-03 02:00:00,2,13.5
2017-09-03 03:00:00,2,15.73
2017-09-03 04:00:00,2,12.3
2017-09-03 05:00:00,2,11.29
2017-09-03 06:00:00,2,8.62
2017-09-03 07:00:00,2,11.04
2017-09-03 08:00:00,2,13.36
2017-09-03 09:00:00,2,13.68
2017-09-03 10:00:00,2,16.05
2017-09-03 11:00:00,2,16.56
2017-09-03 12:00:00,2,15.81
2017-09-03 13:00:00,2,16.08
2017-09-03 14:00:00,2,15.79
2017-09-03 15:00:00,2,17.36
2017-09-03 16:00:00,2,18.96
2017-09-03 17:00:00,2,18.89
2017-09-03 18:00:00,2,17.93
2017-09-03 19:00:00,2,20.33
2017-09-03 20:00:00,2,19.63
2017-09-03 21:00:00,2,18.7
2017-09-03 22:00:00,2,18.47
2017-09-03 23:00:00,2,18.95
2017-09-04 00:00:00,2,22.15
2017-09-04 01:00:00,2,21.03
2017-09-04 02:00:00,2,16.94
2017-09-04 03:00:00,2,14.89
2017-09-04 04:00:00,2,13.91
2017-09-04 05:00:00,2,13.73
2017-09-04 06:00:00,2,13.91
2017-09-04 07:00:00,2,16.46
2017-09-04 08:00:00,2,19.54
2017-09-04 09:00:00,2,19.49
2017-09-04 10:00:00,2,25.53
2017-09-04 11:00:00,2,30.72
2017-09-04 12:00:00,2,31.93
2017-09-04 13:00:00,2,31.65
2017-09-04 14:00:00,2,32.56
2017-09-04 15:00:00,2,34.58
2017-09-04 16:00:00,2,35.36
2017-09-04 17:00:00,2,31.13
2017-09-04 18:00:00,2,30.41
2017-09-04 19:00:00,2,34.5
2017-09-04 20:00:00,2,34.03
2017-09-04 21:00:00,2,34.09
2017-09-04 22:00:00,2,32.09
2017-09-04 23:00:00,2,35.12
2017-09-05 00:00:00,2,33.96
2017-09-05 01:00:00,2,27.3
2017-09-05 02:00:00,2,24.19
2017-09-05 03:00:00,2,20.28
2017-09-05 04:00:00,2,16.72
2017-09-05 05:00:00,2,16.79
2017-09-05 06:00:00,2,16.88
2017-09-05 07:00:00,2,19.02
2017-09-05 08:00:00,2,19.74
2017-09-05 09:00:00,2,18.9
2017-09-05 10:00:00,2,26.63
2017-09-05 11:00:00,2,31.27
2017-09-05 12:00:00,2,32.74
2017-09-05 13:00:00,2,32.72
2017-09-05 14:00:00,2,34.17
2017-09-05 15:00:00,2,35.29
2017-09-05 16:00:00,2,35.64
2017-09-05 17:00:00,2,32.53
2017-09-05 18:00:00,2,32.86
2017-09-05 19:00:00,2,35.96
2017-09-05 20:00:00,2,35.13
2017-09-05 21:00:00,2,34.51
2017-09-05 22:00:00,2,31.88
2017-09-05 23:00:00,2,34.67
2017-09-06 00:00:00,2,34.88
2017-09-06 01:00:00,2,27.29
2017-09-06 02:00:00,2,23.32
2017-09-06 03:00:00,2,21.47
2017-09-06 04:00:00,2,15.71
2017-09-06 05:00:00,2,16.37
2017-09-06 06:00:00,2,16.45
2017-09-06 07:00:00,2,18.83
2017-09-06 08:00:00,2,21.25
2017-09-06 09:00:00,2,20.86
2017-09-06 10:00:00,2,26.93
2017-09-06 11:00:00,2,30.38
2017-09-06 12:00:00,2,37.02
2017-09-06 13:00:00,2,36.32
2017-09-06 14:00:00,2,39.88
2017-09-06 15:00:00,2,38.64
2017-09-06 16:00:00,2,38.79
2017-09-06 17:00:00,2,37.1
2017-09-06 18:00:00,2,39.48
2017-09-06 19:00:00,2,40.12
2017-09-06 20:00:00,2,40.43
2017-09-06 21:00:00,2,37.92
2017-09-06 22:00:00,2,34.73
2017-09-06 23:00:00,2,35.9
2017-09-07 00:00:00,2,35.46
2017-09-07 01:00:00,2,27.84
2017-09-07 02:00:00,2,24.25
2017-09-07 03:00:00,2,20.8
2017-09-07 04:00:00,2,15.69
2017-09-07 05:00:00,2,17.55
2017-09-07 06:00:00,2,16.77
2017-09-07 07:00:00,2,17.32
2017-09-07 08:00:00,2,21.29
2017-09-07 09:00:00,2,22.83
2017-09-07 10:00:00,2,26.85
2017-09-07 11:00:00,2,30.45
2017-09-07 12:00:00,2,37.47
2017-09-07 13:00:00,2,36.25
2017-09-07 14:00:00,2,38.92
2017-09-07 15:00:00,2,37.75
2017-09-07 16:00:00,2,37.38
2017-09-07 17:00:00,2,35.51
2017-09-07 18:00:00,2,38.07
2017-09-07 19:00:00,2,40.12
2017-09-07 20:00:00,2,40.15
2017-09-07 21:00:00,2,35.6
2017-09-07 22:00:00,2,32.89
2017-09-07 23:00:00,2,35.08
2017-09-08 00:00:00,2,33.45
2017-09-08 01:00:00,2,26.16
2017-09-08 02:00:00,2,25.46
2017-09-08 03:00:00,2,20.28
2017-09-08 04:00:00,2,16.75
2017-09-08 05:00:00,2,16.59
2017-09-08 06:00:00,2,17.41
2017-09-08 07:00:00,2,18.33
2017-09-08 08:00:00,2,20.48
2017-09-08 09:00:00,2,21.63
2017-09-08 10:00:00,2,26.32
2017-09-08 11:00:00,2,29.85
2017-09-08 12:00:00,2,33.0
2017-09-08 13:00:00,2,31.87
2017-09-08 14:00:00,2,33.34
2017-09-08 15:00:00,2,33.63
2017-09-08 16:00:00,2,32.11
2017-09-08 17:00:00,2,31.66
2017-09-08 18:00:00,2,35.84
2017-09-08 19:00:00,2,35.34
2017-09-08 20:00:00,2,32.6
2017-09-08 21:00:00,2,30.18
2017-09-08 22:00:00,2,26.36
2017-09-08 23:00:00,2,25.6
2017-09-09 00:00:00,2,27.67
2017-09-09 01:00:00,2,23.34
2017-09-09 02:00:00,2,21.39
2017-09-09 03:00:00,2,15.67
2017-09-09 04:00:00,2,12.86
2017-09-09 05:00:00,2,11.82
2017-09-09 06:00:00,2,11.9
2017-09-09 07:00:00,2,10.44
2017-09-09 08:00:00,2,12.82
2017-09-09 09:00:00,2,12.87
2017-09-09 10:00:00,2,16.74
2017-09-09 11:00:00,2,17.8
2017-09-09 12:00:00,2,18.69
2017-09-09 13:00:00,2,17.89
2017-09-09 14:00:00,2,15.06
2017-09-09 15:00:00,2,15.79
2017-09-09 16:00:00,2,18.11
2017-09-09 17:00:00,2,17.13
2017-09-09 18:00:00,2,16.81
2017-09-09 19:00:00,2,17.66
2017-09-09 20:00:00,2,17.59
2017-09-09 21:00:00,2,16.45
2017-09-09 22:00:00,2,17.25
2017-09-09 23:00:00,2,17.24
2017-09-10 00:00:00,2,18.2
2017-09-10 01:00:00,2,15.96
2017-09-10 02:00:00,2,13.55
2017-09-10 03:00:00,2,14.28
2017-09-10 04:00:00,2,12.97
2017-09-10 05:00:00,2,12.16
2017-09-10 06:00:00,2,11.79
2017-09-10 07:00:00,2,11.84
2017-09-10 08:00:00,2,13.28
2017-09-10 09:00:00,2,12.15
2017-09-10 10:00:00,2,14.85
2017-09-10 11:00:00,2,16.35
2017-09-10 12:00:00,2,16.29
2017-09-10 13:00:00,2,16.57
2017-09-10 14:00:00,2,15.76
2017-09-10 15:00:00,2,16.76
2017-09-10 16:00:00,2,18.27
2017-09-10 17:00:00,2,18.31
2017-09-10 18:00:00,2,18.81
2017-09-10 19:00:00,2,21.85
2017-09-10 20:00:00,2,18.26
2017-09-10 21:00:00,2,18.74
2017-09-10 22:00:00,2,19.52
2017-09-10 23:00:00,2,20.18
2017-09-11 00:00:00,2,18.37
2017-09-11 01:00:00,2,16.9
2017-09-11 02:00:00,2,15.55
2017-09-11 03:00:00,2,14.12
2017-09-11 04:00:00,2,13.46
2017-09-11 05:00:00,2,14.41
2017-09-11 06:00:00,2,14.53
2017-09-11 07:00:00,2,15.48
2017-09-11 08:00:00,2,20.17
2017-09-11 09:00:00,2,22.05
2017-09-11 10:00:00,2,28.35
2017-09-11 11:00:00,2,33.84
2017-09-11 12:00:00,2,34.87
2017-09-11 13:00:00,2,33.02
2017-09-11 14:00:00,2,38.63
2017-09-11 15:00:00,2,40.73
2017-09-11 16:00:00,2,38.24
2017-09-11 17:00:00,2,36.2
2017-09-11 18:00:00,2,38.58
2017-09-11 19:00:00,2,40.8
2017-09-11 20:00:00,2,38.14
2017-09-11 21:00:00,2,38.05
2017-09-11 22:00:00,2,37.68
2017-09-11 23:00:00,2,35.79
2017-09-12 00:00:00,2,35.34
2017-09-12 01:00:00,2,28.18
2017-09-12 02:00:00,2,25.04
2017-09-12 03:00:00,2,21.12
2017-09-12 04:00:00,2,16.93
2017-09-12 05:00:00,2,16.15
2017-09-12 06:00:00,2,16.54
2017-09-12 07:00:00,2,18.56
2017-09-12 08:00:00,2,19.87
2017-09-12 09:00:00,2,21.18
2017-09-12 10:00:00,2,30.68
2017-09-12 11:00:00,2,34.12
2017-09-12 12:00:00,2,36.56
2017-09-12 13:00:00,2,34.88
2017-09-12 14:00:00,2,40.96
2017-09-12 15:00:00,2,41.53
2017-09-12 16:00:00,2,41.57
2017-09-12 17:00:00,2,41.97
2017-09-12 18:00:00,2,41.18
2017-09-12 19:00:00,2,42.42
2017-09-12 20:00:00,2,40.67
2017-09-12 21:00:00,2,39.44
2017-09-12 22:00:00,2,36.54
2017-09-12 23:00:00,2,34.97
2017-09-13 00:00:00,2,35.19
2017-09-13 01:00:00,2,28.69
2017-09-13 02:00:00,2,24.34
2017-09-13 03:00:00,2,22.45
2017-09-13 04:00:00,2,16.27
2017-09-13 05:00:00,2,15.87
2017-09-13 06:00:00,2,15.74
2017-09-13 07:00:00,2,18.84
2017-09-13 08:00:00,2,20.78
2017-09-13 09:00:00,2,21.96
2017-09-13 10:00:00,2,29.34
2017-09-13 11:00:00,2,33.18
2017-09-13 12:00:00,2,38.97
2017-09-13 13:00:00,2,36.23
2017-09-13 14:00:00,2,41.03
2017-09-13 15:00:00,2,39.86
2017-09-13 16:00:00,2,41.1
2017-09-13 17:00:00,2,42.89
2017-09-13 18:00:00,2,40.52
2017-09-13 19:00:00,2,42.73
2017-09-13 20:00:00,2,41.87
2017-09-13 21:00:00,2,38.73
2017-09-13 22:00:00,2,34.07
2017-09-13 23:00:00,2,33.52
2017-09-14 00:00:00,2,35.5
2017-09-14 01:00:00,2,29.44
2017-09-14 02:00:00,2,25.58
2017-09-14 03:00:00,2,20.92
2017-09-14 04:00:00,2,16.38
2017-09-14 05:00:00,2,16.42
2017-09-14 06:00:00,2,14.82
2017-09-14 07:00:00,2,15.84
2017-09-14 08:00:00,2,20.52
2017-09-14 09:00:00,2,23.22
2017-09-14 10:00:00,2,28.61
2017-09-14 11:00:00,2,31.07
2017-09-14 12:00:00,2,38.76
2017-09-14 13:00:00,2,35.96
2017-09-14 14:00:00,2,40.4
2017-09-14 15:00:00,2,40.07
2017-09-14 16:00:00,2,39.25
2017-09-14 17:00:00,2,39.16
2017-09-14 18:00:00,2,39.02
2017-09-14 19:00:00,2,40.65
2017-09-14 20:00:00,2,39.53
2017-09-14 21:00:00,2,36.23
2017-09-14 22:00:00,2,31.54
2017-09-14 23:00:00,2,34.27
2017-09-15 00:00:00,2,32.65
2017-09-15 01:00:00,2,26.23
2017-09-15 02:00:00,2,26.34
2017-09-15 03:00:00,2,20.12
2017-09-15 04:00:00,2,16.39
2017-09-15 05:00:00,2,14.12
2017-09-15 06:00:00,2,14.49
2017-09-15 07:00:00,2,16.74
2017-09-15 08:00:00,2,18.96
2017-09-15 09:00:00,2,23.06
2017-09-15 10:00:00,2,26.93
2017-09-15 11:00:00,2,30.44
2017-09-15 12:00:00,2,36.25
2017-09-15 13:00:00,2,32.1
2017-09-15 14:00:00,2,37.2
2017-09-15 15:00:00,2,38.77
2017-09-15 16:00:00,2,34.36
2017-09-15 17:00:00,2,34.74
2017-09-15 18:00:00,2,35.59
2017-09-15 19:00:00,2,33.36
2017-09-15 20:00:00,2,33.48
2017-09-15 21:00:00,2,31.21
2017-09-15 22:00:00,2,29.47
2017-09-15 23:00:00,2,29.26
2017-09-16 00:00:00,2,29.29
2017-09-16 01:00:00,2,22.5
2017-09-16 02:00:00,2,21.63
2017-09-16 03:00:00,2,14.5
2017-09-16 04:00:00,2,13.39
2017-09-16 05:00:00,2,13.09
2017-09-16 06:00:00,2,12.86
2017-09-16 07:00:00,2,13.24
2017-09-16 08:00:00,2,13.62
2017-09-16 09:00:00,2,13.5
2017-09-16 10:00:00,2,13.98
2017-09-16 11:00:00,2,17.02
2017-09-16 12:00:00,2,15.95
2017-09-16 13:00:00,2,15.55
2017-09-16 14:00:00,2,15.52
2017-09-16 15:00:00,2,15.12
2017-09-16 16:00:00,2,17.13
2017-09-16 17:00:00,2,17.67
2017-09-16 18:00:00,2,18.88
2017-09-16 19:00:00,2,19.71
2017-09-16 20:00:00,2,18.52
2017-09-16 21:00:00,2,17.62
2017-09-16 22:00:00,2,18.98
2017-09-16 23:00:00,2,17.68
2017-09-17 00:00:00,2,19.73
2017-09-17 01:00:00,2,15.35
2017-09-17 02:00:00,2,15.29
2017-09-17 03:00:00,2,13.19
2017-09-17 04:00:00,2,12.57
2017-09-17 05:00:00,2,12.8
2017-09-17 06:00:00,2,12.06
2017-09-17 07:00:00,2,12.53
2017-09-17 08:00:00,2,14.04
2017-09-17 09:00:00,2,11.38
2017-09-17 10:00:00,2,12.89
2017-09-17 11:00:00,2,17.29
2017-09-17 12:00:00,2,15.98
2017-09-17 13:00:00,2,15.93
2017-09-17 14:00:00,2,14.93
2017-09-17 15:00:00,2,15.49
2017-09-17 16:00:00,2,17.79
2017-09-17 17:00:00,2,18.22
2017-09-17 18:00:00,2,19.4
2017-09-17 19:00:00,2,20.05
2017-09-17 20:00:00,2,17.77
2017-09-17 21:00:00,2,18.51
2017-09-17 22:00:00,2,20.83
2017-09-17 23:00:00,2,19.87
2017-09-18 00:00:00,2,18.31
2017-09-18 01:00:00,2,17.89
2017-09-18 02:00:00,2,15.83
2017-09-18 03:00:00,2,13.39
2017-09-18 04:00:00,2,12.88
2017-09-18 05:00:00,2,12.97
2017-09-18 06:00:00,2,14.52
2017-09-18 07:00:00,2,14.99
2017-09-18 08:00:00,2,18.42
2017-09-18 09:00:00,2,19.51
2017-09-18 10:00:00,2,28.49
2017-09-18 11:00:00,2,33.6
2017-09-18 12:00:00,2,36.24
2017-09-18 13:00:00,2,34.55
2017-09-18 14:00:00,2,37.34
2017-09-18 15:00:00,2,38.86
2017-09-18 16:00:00,2,37.12
2017-09-18 17:00:00,2,38.6
2017-09-18 18:00:00,2,40.61
2017-09-18 19:00:00,2,42.64
2017-09-18 20:00:00,2,40.61
2017-09-18 21:00:00,2,39.87
2017-09-18 22:00:00,2,39.23
2017-09-18 23:00:00,2,36.27
2017-09-19 00:00:00,2,34.1
2017-09-19 01:00:00,2,30.37
2017-09-19 02:00:00,2,28.33
2017-09-19 03:00:00,2,21.08
2017-09-19 04:00:00,2,18.36
2017-09-19 05:00:00,2,15.53
2017-09-19 06:00:00,2,16.83
2017-09-19 07:00:00,2,17.43
2017-09-19 08:00:00,2,19.76
2017-09-19 09:00:00,2,20.26
2017-09-19 10:00:00,2,30.41
2017-09-19 11:00:00,2,32.91
2017-09-19 12:00:00,2,36.84
2017-09-19 13:00:00,2,35.55
2017-09-19 14:00:00,2,38.78
2017-09-19 15:00:00,2,39.35
2017-09-19 16:00:00,2,37.43
2017-09-19 17:00:00,2,39.68
2017-09-19 18:00:00,2,41.15
2017-09-19 19:00:00,2,43.95
2017-09-19 20:00:00,2,41.35
2017-09-19 21:00:00,2,40.53
2017-09-19 22:00:00,2,38.39
2017-09-19 23:00:00,2,35.61
2017-09-20 00:00:00,2,34.23
2017-09-20 01:00:00,2,30.63
2017-09-20 02:00:00,2,27.26
2017-09-20 03:00:00,2,22.14
2017-09-20 04:00:00,2,18.0
2017-09-20 05:00:00,2,15.47
2017-09-20 06:00:00,2,16.51
2017-09-20 07:00:00,2,17.09
2017-09-20 08:00:00,2,19.16
2017-09-20 09:00:00,2,21.03
2017-09-20 10:00:00,2,28.91
2017-09-20 11:00:00,2,33.09
2017-09-20 12:00:00,2,37.02
2017-09-20 13:00:00,2,34.78
2017-09-20 14:00:00,2,38.98
2017-09-20 15:00:00,2,38.97
2017-09-20 16:00:00,2,36.47
2017-09-20 17:00:00,2,39.06
2017-09-20 18:00:00,2,39.8
2017-09-20 19:00:00,2,44.53
2017-09-20 20:00:00,2,41.61
2017-09-20 21:00:00,2,38.94
2017-09-20 22:00:00,2,35.98
2017-09-20 23:00:00,2,33.2
2017-09-21 00:00:00,2,34.27
2017-09-21 01:00:00,2,30.58
2017-09-21 02:00:00,2,26.12
2017-09-21 03:00:00,2,20.13
2017-09-21 04:00:00,2,17.3
2017-09-21 05:00:00,2,15.68
2017-09-21 06:00:00,2,15.48
2017-09-21 07:00:00,2,17.22
2017-09-21 08:00:00,2,19.23
2017-09-21 09:00:00,2,20.44
2017-09-21 10:00:00,2,28.42
2017-09-21 11:00:00,2,33.4
2017-09-21 12:00:00,2,35.06
2017-09-21 13:00:00,2,32.96
2017-09-21 14:00:00,2,39.17
2017-09-21 15:00:00,2,39.39
2017-09-21 16:00:00,2,36.5
2017-09-21 17:00:00,2,38.35
2017-09-21 18:00:00,2,39.01
2017-09-21 19:00:00,2,43.79
2017-09-21 20:00:00,2,41.22
2017-09-21 21:00:00,2,36.45
2017-09-21 22:00:00,2,32.95
2017-09-21 23:00:00,2,33.07
2017-09-22 00:00:00,2,32.24
2017-09-22 01:00:00,2,28.73
2017-09-22 02:00:00,2,25.7
2017-09-22 03:00:00,2,19.99
2017-09-22 04:00:00,2,17.1
2017-09-22 05:00:00,2,14.08
2017-09-22 06:00:00,2,14.8
2017-09-22 07:00:00,2,17.54
2017-09-22 08:00:00,2,17.93
2017-09-22 09:00:00,2,21.3
2017-09-22 10:00:00,2,27.35
2017-09-22 11:00:00,2,32.33
2017-09-22 12:00:00,2,33.72
2017-09-22 13:00:00,2,29.98
2017-09-22 14:00:00,2,38.54
2017-09-22 15:00:00,2,38.4
2017-09-22 16:00:00,2,32.79
2017-09-22 17:00:00,2,32.27
2017-09-22 18:00:00,2,33.5
2017-09-22 19:00:00,2,35.11
2017-09-22 20:00:00,2,35.31
2017-09-22 21:00:00,2,32.09
2017-09-22 22:00:00,2,28.34
2017-09-22 23:00:00,2,27.98
2017-09-23 00:00:00,2,27.69
2017-09-23 01:00:00,2,24.04
2017-09-23 02:00:00,2,22.34
2017-09-23 03:00:00,2,14.28
2017-09-23 04:00:00,2,12.19
2017-09-23 05:00:00,2,11.65
2017-09-23 06:00:00,2,11.33
2017-09-23 07:00:00,2,10.66
2017-09-23 08:00:00,2,12.84
2017-09-23 09:00:00,2,13.43
2017-09-23 10:00:00,2,13.84
2017-09-23 11:00:00,2,15.13
2017-09-23 12:00:00,2,14.55
2017-09-23 13:00:00,2,16.55
2017-09-23 14:00:00,2,13.86
2017-09-23 15:00:00,2,15.11
2017-09-23 16:00:00,2,16.73
2017-09-23 17:00:00,2,17.05
2017-09-23 18:00:00,2,18.05
2017-09-23 19:00:00,2,19.07
2017-09-23 20:00:00,2,19.02
2017-09-23 21:00:00,2,19.0
2017-09-23 22:00:00,2,20.47
2017-09-23 23:00:00,2,20.31
2017-09-24 00:00:00,2,19.81
2017-09-24 01:00:00,2,16.18
2017-09-24 02:00:00,2,15.34
2017-09-24 03:00:00,2,11.89
2017-09-24 04:00:00,2,10.89
2017-09-24 05:00:00,2,10.94
2017-09-24 06:00:00,2,10.68
2017-09-24 07:00:00,2,9.36
2017-09-24 08:00:00,2,12.36
2017-09-24 09:00:00,2,12.13
2017-09-24 10:00:00,2,13.25
2017-09-24 11:00:00,2,15.65
2017-09-24 12:00:00,2,15.12
2017-09-24 13:00:00,2,16.66
2017-09-24 14:00:00,2,13.72
2017-09-24 15:00:00,2,15.27
2017-09-24 16:00:00,2,16.92
2017-09-24 17:00:00,2,16.79
2017-09-24 18:00:00,2,17.28
2017-09-24 19:00:00,2,20.37
2017-09-24 20:00:00,2,20.58
2017-09-24 21:00:00,2,21.11
2017-09-24 22:00:00,2,21.73
2017-09-24 23:00:00,2,21.45
2017-09-25 00:00:00,2,22.83
2017-09-25 01:00:00,2,21.11
2017-09-25 02:00:00,2,20.24
2017-09-25 03:00:00,2,14.76
2017-09-25 04:00:00,2,13.98
2017-09-25 05:00:00,2,14.12
2017-09-25 06:00:00,2,15.26
2017-09-25 07:00:00,2,16.09
2017-09-25 08:00:00,2,18.38
2017-09-25 09:00:00,2,18.15
2017-09-25 10:00:00,2,23.78
2017-09-25 11:00:00,2,29.7
2017-09-25 12:00:00,2,29.8
2017-09-25 13:00:00,2,30.04
2017-09-25 14:00:00,2,30.11
2017-09-25 15:00:00,2,31.1
2017-09-25 16:00:00,2,30.38
2017-09-25 17:00:00,2,31.71
2017-09-25 18:00:00,2,38.36
2017-09-25 19:00:00,2,41.22
2017-09-25 20:00:00,2,39.99
2017-09-25 21:00:00,2,36.07
2017-09-25 22:00:00,2,36.58
2017-09-25 23:00:00,2,36.31
2017-09-26 00:00:00,2,32.8
2017-09-26 01:00:00,2,29.74
2017-09-26 02:00:00,2,25.96
2017-09-26 03:00:00,2,21.91
2017-09-26 04:00:00,2,18.54
2017-09-26 05:00:00,2,17.53
2017-09-26 06:00:00,2,17.91
2017-09-26 07:00:00,2,19.83
2017-09-26 08:00:00,2,18.83
2017-09-26 09:00:00,2,19.51
2017-09-26 10:00:00,2,22.23
2017-09-26 11:00:00,2,29.43
2017-09-26 12:00:00,2,32.53
2017-09-26 13:00:00,2,31.75
2017-09-26 14:00:00,2,35.5
2017-09-26 15:00:00,2,36.52
2017-09-26 16:00:00,2,34.13
2017-09-26 17:00:00,2,35.75
2017-09-26 18:00:00,2,40.7
2017-09-26 19:00:00,2,42.57
2017-09-26 20:00:00,2,40.9
2017-09-26 21:00:00,2,35.65
2017-09-26 22:00:00,2,36.16
2017-09-26 23:00:00,2,35.32
2017-09-27 00:00:00,2,33.26
2017-09-27 01:00:00,2,30.12
2017-09-27 02:00:00,2,25.03
2017-09-27 03:00:00,2,22.34
2017-09-27 04:00:00,2,18.29
2017-09-27 05:00:00,2,17.85
2017-09-27 06:00:00,2,17.5
2017-09-27 07:00:00,2,19.86
2017-09-27 08:00:00,2,18.43
2017-09-27 09:00:00,2,21.76
2017-09-27 10:00:00,2,23.09
2017-09-27 11:00:00,2,31.59
2017-09-27 12:00:00,2,34.35
2017-09-27 13:00:00,2,30.91
2017-09-27 14:00:00,2,38.68
2017-09-27 15:00:00,2,38.96
2017-09-27 16:00:00,2,36.72
2017-09-27 17:00:00,2,37.91
2017-09-27 18:00:00,2,41.15
2017-09-27 19:00:00,2,43.13
2017-09-27 20:00:00,2,41.08
2017-09-27 21:00:00,2,34.42
2017-09-27 22:00:00,2,35.32
2017-09-27 23:00:00,2,34.17
2017-09-28 00:00:00,2,33.79
2017-09-28 01:00:00,2,29.29
2017-09-28 02:00:00,2,24.8
2017-09-28 03:00:00,2,22.77
2017-09-28 04:00:00,2,16.81
2017-09-28 05:00:00,2,16.18
2017-09-28 06:00:00,2,16.66
2017-09-28 07:00:00,2,20.13
2017-09-28 08:00:00,2,18.24
2017-09-28 09:00:00,2,21.73
2017-09-28 10:00:00,2,23.96
2017-09-28 11:00:00,2,32.28
2017-09-28 12:00:00,2,34.85
2017-09-28 13:00:00,2,29.02
2017-09-28 14:00:00,2,36.74
2017-09-28 15:00:00,2,36.28
2017-09-28 16:00:00,2,33.91
2017-09-28 17:00:00,2,34.37
2017-09-28 18:00:00,2,39.65
2017-09-28 19:00:00,2,41.88
2017-09-28 20:00:00,2,40.08
2017-09-28 21:00:00,2,33.6
2017-09-28 22:00:00,2,33.32
2017-09-28 23:00:00,2,34.8
2017-09-29 00:00:00,2,33.44
2017-09-29 01:00:00,2,27.61
2017-09-29 02:00:00,2,24.46
2017-09-29 03:00:00,2,24.29
2017-09-29 04:00:00,2,15.42
2017-09-29 05:00:00,2,15.4
2017-09-29 06:00:00,2,16.68
2017-09-29 07:00:00,2,19.01
2017-09-29 08:00:00,2,17.8
2017-09-29 09:00:00,2,21.33
2017-09-29 10:00:00,2,24.43
2017-09-29 11:00:00,2,29.92
2017-09-29 12:00:00,2,31.22
2017-09-29 13:00:00,2,27.91
2017-09-29 14:00:00,2,35.95
2017-09-29 15:00:00,2,34.57
2017-09-29 16:00:00,2,30.26
2017-09-29 17:00:00,2,30.6
2017-09-29 18:00:00,2,32.2
2017-09-29 19:00:00,2,33.8
2017-09-29 20:00:00,2,34.53
2017-09-29 21:00:00,2,31.34
2017-09-29 22:00:00,2,28.48
2017-09-29 23:00:00,2,27.47
2017-09-30 00:00:00,2,27.92
2017-09-30 01:00:00,2,22.13
2017-09-30 02:00:00,2,20.67
2017-09-30 03:00:00,2,13.13
2017-09-30 04:00:00,2,11.63
2017-09-30 05:00:00,2,12.13
2017-09-30 06:00:00,2,12.51
2017-09-30 07:00:00,2,11.27
2017-09-30 08:00:00,2,12.9
2017-09-30 09:00:00,2,12.68
2017-09-30 10:00:00,2,13.92
2017-09-30 11:00:00,2,15.2
2017-09-30 12:00:00,2,14.6
2017-09-30 13:00:00,2,15.9
2017-09-30 14:00:00,2,13.54
2017-09-30 15:00:00,2,15.01
2017-09-30 16:00:00,2,16.94
2017-09-30 17:00:00,2,17.81
2017-09-30 18:00:00,2,19.36
2017-09-30 19:00:00,2,19.56
2017-09-30 20:00:00,2,18.96
2017-09-30 21:00:00,2,19.22
2017-09-30 22:00:00,2,19.77
2017-09-30 23:00:00,2,20.57
2017-10-01 00:00:00,2,16.89
2017-10-01 01:00:00,2,15.74
2017-10-01 02:00:00,2,13.41
2017-10-01 03:00:00,2,15.73
2017-10-01 04:00:00,2,13.1
2017-10-01 05:00:00,2,12.08
2017-10-01 06:00:00,2,9.57
2017-10-01 07:00:00,2,10.99
2017-10-01 08:00:00,2,14.12
2017-10-01 09:00:00,2,15.65
2017-10-01 10:00:00,2,18.09
2017-10-01 11:00:00,2,16.71
2017-10-01 12:00:00,2,15.87
2017-10-01 13:00:00,2,15.27
2017-10-01 14:00:00,2,16.01
2017-10-01 15:00:00,2,17.41
2017-10-01 16:00:00,2,16.78
2017-10-01 17:00:00,2,16.57
2017-10-01 18:00:00,2,20.91
2017-10-01 19:00:00,2,20.18
2017-10-01 20:00:00,2,20.46
2017-10-01 21:00:00,2,21.28
2017-10-01 22:00:00,2,20.45
2017-10-01 23:00:00,2,20.57
2017-10-02 00:00:00,2,22.58
2017-10-02 01:00:00,2,22.15
2017-10-02 02:00:00,2,18.17
2017-10-02 03:00:00,2,15.49
2017-10-02 04:00:00,2,15.01
2017-10-02 05:00:00,2,14.76
2017-10-02 06:00:00,2,15.3
2017-10-02 07:00:00,2,17.34
2017-10-02 08:00:00,2,20.07
2017-10-02 09:00:00,2,20.71
2017-10-02 10:00:00,2,25.61
2017-10-02 11:00:00,2,29.82
2017-10-02 12:00:00,2,30.66
2017-10-02 13:00:00,2,30.47
2017-10-02 14:00:00,2,30.85
2017-10-02 15:00:00,2,32.0
2017-10-02 16:00:00,2,33.61
2017-10-02 17:00:00,2,30.77
2017-10-02 18:00:00,2,30.25
2017-10-02 19:00:00,2,33.62
2017-10-02 20:00:00,2,34.06
2017-10-02 21:00:00,2,34.02
2017-10-02 22:00:00,2,31.14
2017-10-02 23:00:00,2,33.25
2017-10-03 00:00:00,2,33.2
2017-10-03 01:00:00,2,27.37
2017-10-03 02:00:00,2,24.43
2017-10-03 03:00:00,2,20.15
2017-10-03 04:00:00,2,18.75
2017-10-03 05:00:00,2,17.59
2017-10-03 06:00:00,2,19.04
2017-10-03 07:00:00,2,19.15
2017-10-03 08:00:00,2,20.59
2017-10-03 09:00:00,2,19.44
2017-10-03 10:00:00,2,26.27
2017-10-03 11:00:00,2,30.31
2017-10-03 12:00:00,2,32.17
2017-10-03 13:00:00,2,32.39
2017-10-03 14:00:00,2,34.05
2017-10-03 15:00:00,2,34.68
2017-10-03 16:00:00,2,36.23
2017-10-03 17:00:00,2,33.48
2017-10-03 18:00:00,2,33.88
2017-10-03 19:00:00,2,36.5
2017-10-03 20:00:00,2,36.3
2017-10-03 21:00:00,2,35.23
2017-10-03 22:00:00,2,31.46
2017-10-03 23:00:00,2,33.41
2017-10-04 00:00:00,2,33.19
2017-10-04 01:00:00,2,27.41
2017-10-04 02:00:00,2,23.75
2017-10-04 03:00:00,2,21.11
2017-10-04 04:00:00,2,17.93
2017-10-04 05:00:00,2,17.07
2017-10-04 06:00:00,2,18.16
2017-10-04 07:00:00,2,18.81
2017-10-04 08:00:00,2,21.61
2017-10-04 09:00:00,2,21.16
2017-10-04 10:00:00,2,25.7
2017-10-04 11:00:00,2,29.82
2017-10-04 12:00:00,2,32.52
2017-10-04 13:00:00,2,32.52
2017-10-04 14:00:00,2,35.38
2017-10-04 15:00:00,2,36.23
2017-10-04 16:00:00,2,36.62
2017-10-04 17:00:00,2,34.33
2017-10-04 18:00:00,2,34.78
2017-10-04 19:00:00,2,37.46
2017-10-04 20:00:00,2,37.16
2017-10-04 21:00:00,2,35.82
2017-10-04 22:00:00,2,32.25
2017-10-04 23:00:00,2,33.87
2017-10-05 00:00:00,2,34.25
2017-10-05 01:00:00,2,27.84
2017-10-05 02:00:00,2,24.92
2017-10-05 03:00:00,2,20.43
2017-10-05 04:00:00,2,16.92
2017-10-05 05:00:00,2,16.72
2017-10-05 06:00:00,2,16.78
2017-10-05 07:00:00,2,17.08
2017-10-05 08:00:00,2,20.62
2017-10-05 09:00:00,2,21.07
2017-10-05 10:00:00,2,26.06
2017-10-05 11:00:00,2,29.87
2017-10-05 12:00:00,2,32.43
2017-10-05 13:00:00,2,32.12
2017-10-05 14:00:00,2,35.06
2017-10-05 15:00:00,2,35.83
2017-10-05 16:00:00,2,36.52
2017-10-05 17:00:00,2,33.5
2017-10-05 18:00:00,2,33.91
2017-10-05 19:00:00,2,37.13
2017-10-05 20:00:00,2,36.76
2017-10-05 21:00:00,2,34.94
2017-10-05 22:00:00,2,31.32
2017-10-05 23:00:00,2,33.59
2017-10-06 00:00:00,2,32.76
2017-10-06 01:00:00,2,25.97
2017-10-06 02:00:00,2,25.19
2017-10-06 03:00:00,2,19.88
2017-10-06 04:00:00,2,16.97
2017-10-06 05:00:00,2,15.55
2017-10-06 06:00:00,2,16.74
2017-10-06 07:00:00,2,17.86
2017-10-06 08:00:00,2,18.59
2017-10-06 09:00:00,2,20.61
2017-10-06 10:00:00,2,26.13
2017-10-06 11:00:00,2,28.86
2017-10-06 12:00:00,2,32.47
2017-10-06 13:00:00,2,31.45
2017-10-06 14:00:00,2,33.08
2017-10-06 15:00:00,2,33.36
2017-10-06 16:00:00,2,32.14
2017-10-06 17:00:00,2,31.71
2017-10-06 18:00:00,2,35.17
2017-10-06 19:00:00,2,34.59
2017-10-06 20:00:00,2,32.64
2017-10-06 21:00:00,2,30.3
2017-10-06 22:00:00,2,26.13
2017-10-06 23:00:00,2,25.36
2017-10-07 00:00:00,2,27.5
2017-10-07 01:00:00,2,23.84
2017-10-07 02:00:00,2,22.06
2017-10-07 03:00:00,2,15.57
2017-10-07 04:00:00,2,12.73
2017-10-07 05:00:00,2,12.11
2017-10-07 06:00:00,2,11.39
2017-10-07 07:00:00,2,10.67
2017-10-07 08:00:00,2,12.57
2017-10-07 09:00:00,2,12.62
2017-10-07 10:00:00,2,16.16
2017-10-07 11:00:00,2,17.63
2017-10-07 12:00:00,2,17.82
2017-10-07 13:00:00,2,17.1
2017-10-07 14:00:00,2,14.7
2017-10-07 15:00:00,2,15.5
2017-10-07 16:00:00,2,19.72
2017-10-07 17:00:00,2,18.97
2017-10-07 18:00:00,2,17.47
2017-10-07 19:00:00,2,19.0
2017-10-07 20:00:00,2,19.16
2017-10-07 21:00:00,2,17.0
2017-10-07 22:00:00,2,17.78
2017-10-07 23:00:00,2,18.01
2017-10-08 00:00:00,2,17.52
2017-10-08 01:00:00,2,16.19
2017-10-08 02:00:00,2,13.84
2017-10-08 03:00:00,2,14.03
2017-10-08 04:00:00,2,12.8
2017-10-08 05:00:00,2,11.77
2017-10-08 06:00:00,2,11.9
2017-10-08 07:00:00,2,12.19
2017-10-08 08:00:00,2,13.28
2017-10-08 09:00:00,2,12.11
2017-10-08 10:00:00,2,14.74
2017-10-08 11:00:00,2,15.95
2017-10-08 12:00:00,2,15.85
2017-10-08 13:00:00,2,16.19
2017-10-08 14:00:00,2,15.74
2017-10-08 15:00:00,2,16.45
2017-10-08 16:00:00,2,18.54
2017-10-08 17:00:00,2,19.07
2017-10-08 18:00:00,2,18.56
2017-10-08 19:00:00,2,21.02
2017-10-08 20:00:00,2,18.47
2017-10-08 21:00:00,2,18.96
2017-10-08 22:00:00,2,20.05
2017-10-08 23:00:00,2,20.34
2017-10-09 00:00:00,2,20.86
2017-10-09 01:00:00,2,19.23
2017-10-09 02:00:00,2,17.19
2017-10-09 03:00:00,2,15.03
2017-10-09 04:00:00,2,14.01
2017-10-09 05:00:00,2,14.5
2017-10-09 06:00:00,2,14.73
2017-10-09 07:00:00,2,15.49
2017-10-09 08:00:00,2,20.3
2017-10-09 09:00:00,2,21.56
2017-10-09 10:00:00,2,26.37
2017-10-09 11:00:00,2,32.41
2017-10-09 12:00:00,2,34.78
2017-10-09 13:00:00,2,33.06
2017-10-09 14:00:00,2,37.57
2017-10-09 15:00:00,2,37.98
2017-10-09 16:00:00,2,36.97
2017-10-09 17:00:00,2,34.66
2017-10-09 18:00:00,2,37.7
2017-10-09 19:00:00,2,40.21
2017-10-09 20:00:00,2,37.87
2017-10-09 21:00:00,2,37.46
2017-10-09 22:00:00,2,36.78
2017-10-09 23:00:00,2,36.78
2017-10-10 00:00:00,2,35.1
2017-10-10 01:00:00,2,28.07
2017-10-10 02:00:00,2,25.71
2017-10-10 03:00:00,2,20.66
2017-10-10 04:00:00,2,16.04
2017-10-10 05:00:00,2,16.11
2017-10-10 06:00:00,2,16.22
2017-10-10 07:00:00,2,18.6
2017-10-10 08:00:00,2,20.4
2017-10-10 09:00:00,2,20.9
2017-10-10 10:00:00,2,28.19
2017-10-10 11:00:00,2,32.43
2017-10-10 12:00:00,2,35.83
2017-10-10 13:00:00,2,34.46
2017-10-10 14:00:00,2,38.38
2017-10-10 15:00:00,2,38.44
2017-10-10 16:00:00,2,38.08
2017-10-10 17:00:00,2,36.37
2017-10-10 18:00:00,2,39.6
2017-10-10 19:00:00,2,41.86
2017-10-10 20:00:00,2,40.01
2017-10-10 21:00:00,2,38.3
2017-10-10 22:00:00,2,36.06
2017-10-10 23:00:00,2,35.02
2017-10-11 00:00:00,2,34.97
2017-10-11 01:00:00,2,28.25
2017-10-11 02:00:00,2,24.41
2017-10-11 03:00:00,2,21.87
2017-10-11 04:00:00,2,16.76
2017-10-11 05:00:00,2,16.06
2017-10-11 06:00:00,2,16.07
2017-10-11 07:00:00,2,19.13
2017-10-11 08:00:00,2,20.21
2017-10-11 09:00:00,2,21.84
2017-10-11 10:00:00,2,28.33
2017-10-11 11:00:00,2,31.87
2017-10-11 12:00:00,2,37.78
2017-10-11 13:00:00,2,35.96
2017-10-11 14:00:00,2,38.21
2017-10-11 15:00:00,2,38.5
2017-10-11 16:00:00,2,37.98
2017-10-11 17:00:00,2,37.41
2017-10-11 18:00:00,2,39.37
2017-10-11 19:00:00,2,41.68
2017-10-11 20:00:00,2,40.49
2017-10-11 21:00:00,2,37.46
2017-10-11 22:00:00,2,34.45
2017-10-11 23:00:00,2,34.15
2017-10-12 00:00:00,2,35.73
2017-10-12 01:00:00,2,28.53
2017-10-12 02:00:00,2,25.11
2017-10-12 03:00:00,2,20.61
2017-10-12 04:00:00,2,16.92
2017-10-12 05:00:00,2,16.7
2017-10-12 06:00:00,2,15.82
2017-10-12 07:00:00,2,17.27
2017-10-12 08:00:00,2,20.01
2017-10-12 09:00:00,2,21.43
2017-10-12 10:00:00,2,28.67
2017-10-12 11:00:00,2,31.09
2017-10-12 12:00:00,2,37.78
2017-10-12 13:00:00,2,34.98
2017-10-12 14:00:00,2,40.01
2017-10-12 15:00:00,2,40.34
2017-10-12 16:00:00,2,40.15
2017-10-12 17:00:00,2,39.69
2017-10-12 18:00:00,2,39.37
2017-10-12 19:00:00,2,40.9
2017-10-12 20:00:00,2,39.61
2017-10-12 21:00:00,2,36.1
2017-10-12 22:00:00,2,31.81
2017-10-12 23:00:00,2,34.4
2017-10-13 00:00:00,2,32.94
2017-10-13 01:00:00,2,25.74
2017-10-13 02:00:00,2,25.43
2017-10-13 03:00:00,2,20.14
2017-10-13 04:00:00,2,16.01
2017-10-13 05:00:00,2,14.05
2017-10-13 06:00:00,2,14.79
2017-10-13 07:00:00,2,17.42
2017-10-13 08:00:00,2,19.3
2017-10-13 09:00:00,2,21.43
2017-10-13 10:00:00,2,27.3
2017-10-13 11:00:00,2,30.9
2017-10-13 12:00:00,2,34.65
2017-10-13 13:00:00,2,31.42
2017-10-13 14:00:00,2,34.41
2017-10-13 15:00:00,2,35.05
2017-10-13 16:00:00,2,32.7
2017-10-13 17:00:00,2,32.81
2017-10-13 18:00:00,2,34.98
2017-10-13 19:00:00,2,34.05
2017-10-13 20:00:00,2,32.53
2017-10-13 21:00:00,2,30.6
2017-10-13 22:00:00,2,29.57
2017-10-13 23:00:00,2,28.87
2017-10-14 00:00:00,2,29.47
2017-10-14 01:00:00,2,22.41
2017-10-14 02:00:00,2,21.66
2017-10-14 03:00:00,2,15.36
2017-10-14 04:00:00,2,12.76
2017-10-14 05:00:00,2,11.61
2017-10-14 06:00:00,2,11.35
2017-10-14 07:00:00,2,12.46
2017-10-14 08:00:00,2,11.63
2017-10-14 09:00:00,2,13.34
2017-10-14 10:00:00,2,15.06
2017-10-14 11:00:00,2,17.23
2017-10-14 12:00:00,2,17.39
2017-10-14 13:00:00,2,17.07
2017-10-14 14:00:00,2,17.31
2017-10-14 15:00:00,2,17.51
2017-10-14 16:00:00,2,18.13
2017-10-14 17:00:00,2,17.91
2017-10-14 18:00:00,2,18.77
2017-10-14 19:00:00,2,19.52
2017-10-14 20:00:00,2,18.63
2017-10-14 21:00:00,2,17.88
2017-10-14 22:00:00,2,17.71
2017-10-14 23:00:00,2,17.27
2017-10-15 00:00:00,2,17.92
2017-10-15 01:00:00,2,15.85
2017-10-15 02:00:00,2,15.3
2017-10-15 03:00:00,2,13.48
2017-10-15 04:00:00,2,11.44
2017-10-15 05:00:00,2,10.98
2017-10-15 06:00:00,2,10.6
2017-10-15 07:00:00,2,12.3
2017-10-15 08:00:00,2,11.23
2017-10-15 09:00:00,2,10.87
2017-10-15 10:00:00,2,12.65
2017-10-15 11:00:00,2,16.86
2017-10-15 12:00:00,2,15.75
2017-10-15 13:00:00,2,15.55
2017-10-15 14:00:00,2,14.65
2017-10-15 15:00:00,2,16.06
2017-10-15 16:00:00,2,17.53
2017-10-15 17:00:00,2,18.68
2017-10-15 18:00:00,2,19.69
2017-10-15 19:00:00,2,20.91
2017-10-15 20:00:00,2,18.24
2017-10-15 21:00:00,2,18.83
2017-10-15 22:00:00,2,20.92
2017-10-15 23:00:00,2,20.06
2017-10-16 00:00:00,2,17.97
2017-10-16 01:00:00,2,17.66
2017-10-16 02:00:00,2,15.98
2017-10-16 03:00:00,2,12.92
2017-10-16 04:00:00,2,12.81
2017-10-16 05:00:00,2,12.31
2017-10-16 06:00:00,2,14.03
2017-10-16 07:00:00,2,14.75
2017-10-16 08:00:00,2,18.68
2017-10-16 09:00:00,2,20.26
2017-10-16 10:00:00,2,28.55
2017-10-16 11:00:00,2,34.0
2017-10-16 12:00:00,2,36.49
2017-10-16 13:00:00,2,34.05
2017-10-16 14:00:00,2,37.85
2017-10-16 15:00:00,2,38.18
2017-10-16 16:00:00,2,37.16
2017-10-16 17:00:00,2,38.3
2017-10-16 18:00:00,2,39.66
2017-10-16 19:00:00,2,41.04
2017-10-16 20:00:00,2,39.48
2017-10-16 21:00:00,2,39.54
2017-10-16 22:00:00,2,38.35
2017-10-16 23:00:00,2,35.38
2017-10-17 00:00:00,2,34.04
2017-10-17 01:00:00,2,29.33
2017-10-17 02:00:00,2,27.91
2017-10-17 03:00:00,2,20.89
2017-10-17 04:00:00,2,17.74
2017-10-17 05:00:00,2,14.75
2017-10-17 06:00:00,2,15.5
2017-10-17 07:00:00,2,18.12
2017-10-17 08:00:00,2,19.95
2017-10-17 09:00:00,2,20.72
2017-10-17 10:00:00,2,30.23
2017-10-17 11:00:00,2,33.25
2017-10-17 12:00:00,2,36.9
2017-10-17 13:00:00,2,35.71
2017-10-17 14:00:00,2,39.0
2017-10-17 15:00:00,2,39.14
2017-10-17 16:00:00,2,37.88
2017-10-17 17:00:00,2,39.5
2017-10-17 18:00:00,2,40.13
2017-10-17 19:00:00,2,41.53
2017-10-17 20:00:00,2,39.94
2017-10-17 21:00:00,2,40.01
2017-10-17 22:00:00,2,37.5
2017-10-17 23:00:00,2,35.22
2017-10-18 00:00:00,2,34.06
2017-10-18 01:00:00,2,29.57
2017-10-18 02:00:00,2,27.06
2017-10-18 03:00:00,2,21.69
2017-10-18 04:00:00,2,17.78
2017-10-18 05:00:00,2,14.99
2017-10-18 06:00:00,2,15.85
2017-10-18 07:00:00,2,18.26
2017-10-18 08:00:00,2,19.73
2017-10-18 09:00:00,2,22.03
2017-10-18 10:00:00,2,28.88
2017-10-18 11:00:00,2,32.86
2017-10-18 12:00:00,2,37.5
2017-10-18 13:00:00,2,35.26
2017-10-18 14:00:00,2,38.97
2017-10-18 15:00:00,2,39.3
2017-10-18 16:00:00,2,37.33
2017-10-18 17:00:00,2,38.6
2017-10-18 18:00:00,2,39.57
2017-10-18 19:00:00,2,42.59
2017-10-18 20:00:00,2,40.7
2017-10-18 21:00:00,2,39.14
2017-10-18 22:00:00,2,35.36
2017-10-18 23:00:00,2,33.91
2017-10-19 00:00:00,2,34.51
2017-10-19 01:00:00,2,30.32
2017-10-19 02:00:00,2,27.1
2017-10-19 03:00:00,2,19.93
2017-10-19 04:00:00,2,17.6
2017-10-19 05:00:00,2,16.0
2017-10-19 06:00:00,2,15.5
2017-10-19 07:00:00,2,18.17
2017-10-19 08:00:00,2,19.12
2017-10-19 09:00:00,2,22.24
2017-10-19 10:00:00,2,28.6
2017-10-19 11:00:00,2,33.29
2017-10-19 12:00:00,2,36.46
2017-10-19 13:00:00,2,33.89
2017-10-19 14:00:00,2,39.21
2017-10-19 15:00:00,2,39.87
2017-10-19 16:00:00,2,37.23
2017-10-19 17:00:00,2,38.26
2017-10-19 18:00:00,2,39.26
2017-10-19 19:00:00,2,42.8
2017-10-19 20:00:00,2,41.06
2017-10-19 21:00:00,2,36.73
2017-10-19 22:00:00,2,33.08
2017-10-19 23:00:00,2,33.59
2017-10-20 00:00:00,2,32.53
2017-10-20 01:00:00,2,28.11
2017-10-20 02:00:00,2,26.73
2017-10-20 03:00:00,2,19.48
2017-10-20 04:00:00,2,16.91
2017-10-20 05:00:00,2,14.46
2017-10-20 06:00:00,2,15.2
2017-10-20 07:00:00,2,19.3
2017-10-20 08:00:00,2,18.02
2017-10-20 09:00:00,2,21.86
2017-10-20 10:00:00,2,27.72
2017-10-20 11:00:00,2,32.66
2017-10-20 12:00:00,2,33.97
2017-10-20 13:00:00,2,29.54
2017-10-20 14:00:00,2,38.08
2017-10-20 15:00:00,2,37.72
2017-10-20 16:00:00,2,32.46
2017-10-20 17:00:00,2,32.6
2017-10-20 18:00:00,2,34.72
2017-10-20 19:00:00,2,34.85
2017-10-20 20:00:00,2,35.3
2017-10-20 21:00:00,2,32.12
2017-10-20 22:00:00,2,28.3
2017-10-20 23:00:00,2,27.95
2017-10-21 00:00:00,2,27.62
2017-10-21 01:00:00,2,23.56
2017-10-21 02:00:00,2,22.1
2017-10-21 03:00:00,2,15.03
2017-10-21 04:00:00,2,12.82
2017-10-21 05:00:00,2,11.75
2017-10-21 06:00:00,2,11.26
2017-10-21 07:00:00,2,10.45
2017-10-21 08:00:00,2,13.33
2017-10-21 09:00:00,2,14.0
2017-10-21 10:00:00,2,15.04
2017-10-21 11:00:00,2,17.47
2017-10-21 12:00:00,2,17.47
2017-10-21 13:00:00,2,17.39
2017-10-21 14:00:00,2,15.6
2017-10-21 15:00:00,2,16.04
2017-10-21 16:00:00,2,18.0
2017-10-21 17:00:00,2,18.59
2017-10-21 18:00:00,2,20.53
2017-10-21 19:00:00,2,21.47
2017-10-21 20:00:00,2,22.68
2017-10-21 21:00:00,2,23.33
2017-10-21 22:00:00,2,23.4
2017-10-21 23:00:00,2,22.58
2017-10-22 00:00:00,2,19.63
2017-10-22 01:00:00,2,15.9
2017-10-22 02:00:00,2,13.73
2017-10-22 03:00:00,2,12.2
2017-10-22 04:00:00,2,11.6
2017-10-22 05:00:00,2,11.51
2017-10-22 06:00:00,2,11.21
2017-10-22 07:00:00,2,10.38
2017-10-22 08:00:00,2,14.06
2017-10-22 09:00:00,2,13.4
2017-10-22 10:00:00,2,13.83
2017-10-22 11:00:00,2,16.61
2017-10-22 12:00:00,2,16.06
2017-10-22 13:00:00,2,16.93
2017-10-22 14:00:00,2,14.87
2017-10-22 15:00:00,2,16.04
2017-10-22 16:00:00,2,17.15
2017-10-22 17:00:00,2,17.4
2017-10-22 18:00:00,2,17.99
2017-10-22 19:00:00,2,21.05
2017-10-22 20:00:00,2,21.2
2017-10-22 21:00:00,2,21.54
2017-10-22 22:00:00,2,22.27
2017-10-22 23:00:00,2,21.79
2017-10-23 00:00:00,2,22.06
2017-10-23 01:00:00,2,21.07
2017-10-23 02:00:00,2,20.22
2017-10-23 03:00:00,2,14.98
2017-10-23 04:00:00,2,13.77
2017-10-23 05:00:00,2,13.75
2017-10-23 06:00:00,2,16.06
2017-10-23 07:00:00,2,15.43
2017-10-23 08:00:00,2,17.27
2017-10-23 09:00:00,2,18.8
2017-10-23 10:00:00,2,27.61
2017-10-23 11:00:00,2,30.35
2017-10-23 12:00:00,2,32.09
2017-10-23 13:00:00,2,32.14
2017-10-23 14:00:00,2,35.49
2017-10-23 15:00:00,2,36.92
2017-10-23 16:00:00,2,36.19
2017-10-23 17:00:00,2,37.79
2017-10-23 18:00:00,2,40.01
2017-10-23 19:00:00,2,43.6
2017-10-23 20:00:00,2,41.48
2017-10-23 21:00:00,2,38.26
2017-10-23 22:00:00,2,37.67
2017-10-23 23:00:00,2,36.03
2017-10-24 00:00:00,2,33.02
2017-10-24 01:00:00,2,29.98
2017-10-24 02:00:00,2,26.27
2017-10-24 03:00:00,2,21.56
2017-10-24 04:00:00,2,17.88
2017-10-24 05:00:00,2,16.8
2017-10-24 06:00:00,2,17.61
2017-10-24 07:00:00,2,19.13
2017-10-24 08:00:00,2,19.88
2017-10-24 09:00:00,2,20.52
2017-10-24 10:00:00,2,28.68
2017-10-24 11:00:00,2,30.16
2017-10-24 12:00:00,2,34.47
2017-10-24 13:00:00,2,33.88
2017-10-24 14:00:00,2,38.8
2017-10-24 15:00:00,2,39.36
2017-10-24 16:00:00,2,36.5
2017-10-24 17:00:00,2,38.22
2017-10-24 18:00:00,2,41.47
2017-10-24 19:00:00,2,44.11
2017-10-24 20:00:00,2,41.29
2017-10-24 21:00:00,2,36.55
2017-10-24 22:00:00,2,36.1
2017-10-24 23:00:00,2,34.78
2017-10-25 00:00:00,2,32.87
2017-10-25 01:00:00,2,30.24
2017-10-25 02:00:00,2,25.03
2017-10-25 03:00:00,2,22.08
2017-10-25 04:00:00,2,17.69
2017-10-25 05:00:00,2,16.45
2017-10-25 06:00:00,2,17.36
2017-10-25 07:00:00,2,18.36
2017-10-25 08:00:00,2,20.51
2017-10-25 09:00:00,2,21.69
2017-10-25 10:00:00,2,25.31
2017-10-25 11:00:00,2,32.31
2017-10-25 12:00:00,2,34.28
2017-10-25 13:00:00,2,31.79
2017-10-25 14:00:00,2,36.94
2017-10-25 15:00:00,2,36.98
2017-10-25 16:00:00,2,34.24
2017-10-25 17:00:00,2,35.26
2017-10-25 18:00:00,2,39.23
2017-10-25 19:00:00,2,42.26
2017-10-25 20:00:00,2,40.46
2017-10-25 21:00:00,2,35.07
2017-10-25 22:00:00,2,35.31
2017-10-25 23:00:00,2,33.78
2017-10-26 00:00:00,2,33.69
2017-10-26 01:00:00,2,29.47
2017-10-26 02:00:00,2,24.75
2017-10-26 03:00:00,2,22.28
2017-10-26 04:00:00,2,16.98
2017-10-26 05:00:00,2,16.06
2017-10-26 06:00:00,2,15.73
2017-10-26 07:00:00,2,18.12
2017-10-26 08:00:00,2,18.99
2017-10-26 09:00:00,2,21.43
2017-10-26 10:00:00,2,22.43
2017-10-26 11:00:00,2,31.45
2017-10-26 12:00:00,2,33.78
2017-10-26 13:00:00,2,30.7
2017-10-26 14:00:00,2,34.79
2017-10-26 15:00:00,2,35.02
2017-10-26 16:00:00,2,32.63
2017-10-26 17:00:00,2,33.58
2017-10-26 18:00:00,2,38.42
2017-10-26 19:00:00,2,41.19
2017-10-26 20:00:00,2,39.97
2017-10-26 21:00:00,2,34.02
2017-10-26 22:00:00,2,33.33
2017-10-26 23:00:00,2,34.71
2017-10-27 00:00:00,2,32.4
2017-10-27 01:00:00,2,28.84
2017-10-27 02:00:00,2,24.36
2017-10-27 03:00:00,2,22.7
2017-10-27 04:00:00,2,16.06
2017-10-27 05:00:00,2,16.44
2017-10-27 06:00:00,2,16.76
2017-10-27 07:00:00,2,18.58
2017-10-27 08:00:00,2,17.28
2017-10-27 09:00:00,2,21.3
2017-10-27 10:00:00,2,22.98
2017-10-27 11:00:00,2,29.68
2017-10-27 12:00:00,2,32.48
2017-10-27 13:00:00,2,28.53
2017-10-27 14:00:00,2,35.7
2017-10-27 15:00:00,2,34.77
2017-10-27 16:00:00,2,30.34
2017-10-27 17:00:00,2,30.63
2017-10-27 18:00:00,2,32.11
2017-10-27 19:00:00,2,33.52
2017-10-27 20:00:00,2,34.31
2017-10-27 21:00:00,2,31.21
2017-10-27 22:00:00,2,28.27
2017-10-27 23:00:00,2,27.2
2017-10-28 00:00:00,2,27.89
2017-10-28 01:00:00,2,22.01
2017-10-28 02:00:00,2,20.63
2017-10-28 03:00:00,2,13.01
2017-10-28 04:00:00,2,11.12
2017-10-28 05:00:00,2,10.74
2017-10-28 06:00:00,2,11.39
2017-10-28 07:00:00,2,9.9
2017-10-28 08:00:00,2,11.83
2017-10-28 09:00:00,2,12.77
2017-10-28 10:00:00,2,13.83
2017-10-28 11:00:00,2,15.27
2017-10-28 12:00:00,2,14.97
2017-10-28 13:00:00,2,16.55
2017-10-28 14:00:00,2,14.12
2017-10-28 15:00:00,2,15.37
2017-10-28 16:00:00,2,17.57
2017-10-28 17:00:00,2,17.48
2017-10-28 18:00:00,2,18.26
2017-10-28 19:00:00,2,18.61
2017-10-28 20:00:00,2,18.64
2017-10-28 21:00:00,2,18.69
2017-10-28 22:00:00,2,19.44
2017-10-28 23:00:00,2,19.83
2017-10-29 00:00:00,2,19.8
2017-10-29 01:00:00,2,17.08
2017-10-29 02:00:00,2,15.33
2017-10-29 03:00:00,2,11.11
2017-10-29 04:00:00,2,11.07
2017-10-29 05:00:00,2,11.06
2017-10-29 06:00:00,2,11.21
2017-10-29 07:00:00,2,9.97
2017-10-29 08:00:00,2,11.42
2017-10-29 09:00:00,2,11.2
2017-10-29 10:00:00,2,13.18
2017-10-29 11:00:00,2,15.54
2017-10-29 12:00:00,2,14.93
2017-10-29 13:00:00,2,16.43
2017-10-29 14:00:00,2,14.03
2017-10-29 15:00:00,2,15.42
2017-10-29 16:00:00,2,17.38
2017-10-29 17:00:00,2,17.18
2017-10-29 18:00:00,2,17.89
2017-10-29 19:00:00,2,20.47
2017-10-29 20:00:00,2,20.85
2017-10-29 21:00:00,2,21.2
2017-10-29 22:00:00,2,21.13
2017-10-29 23:00:00,2,21.26
2017-10-30 00:00:00,2,18.12
2017-10-30 01:00:00,2,17.55
2017-10-30 02:00:00,2,16.47
2017-10-30 03:00:00,2,13.67
2017-10-30 04:00:00,2,10.79
2017-10-30 05:00:00,2,12.78
2017-10-30 06:00:00,2,12.59
2017-10-30 07:00:00,2,14.69
2017-10-30 08:00:00,2,18.24
2017-10-30 09:00:00,2,19.76
2017-10-30 10:00:00,2,23.57
2017-10-30 11:00:00,2,31.07
2017-10-30 12:00:00,2,32.15
2017-10-30 13:00:00,2,29.88
2017-10-30 14:00:00,2,33.32
2017-10-30 15:00:00,2,34.24
2017-10-30 16:00:00,2,33.37
2017-10-30 17:00:00,2,33.87
2017-10-30 18:00:00,2,39.11
2017-10-30 19:00:00,2,40.58
2017-10-30 20:00:00,2,38.69
2017-10-30 21:00:00,2,34.94
2017-10-30 22:00:00,2,36.1
2017-10-30 23:00:00,2,35.71
2017-10-31 00:00:00,2,33.67
2017-10-31 01:00:00,2,27.72
2017-10-31 02:00:00,2,24.9
2017-10-31 03:00:00,2,20.75
2017-10-31 04:00:00,2,16.9
2017-10-31 05:00:00,2,15.52
2017-10-31 06:00:00,2,15.72
2017-10-31 07:00:00,2,20.03
2017-10-31 08:00:00,2,18.98
2017-10-31 09:00:00,2,20.58
2017-10-31 10:00:00,2,25.15
2017-10-31 11:00:00,2,31.11
2017-10-31 12:00:00,2,34.5
2017-10-31 13:00:00,2,30.81
2017-10-31 14:00:00,2,38.42
2017-10-31 15:00:00,2,39.02
2017-10-31 16:00:00,2,36.59
2017-10-31 17:00:00,2,37.34
2017-10-31 18:00:00,2,41.37
2017-10-31 19:00:00,2,41.78
2017-10-31 20:00:00,2,40.0
2017-10-31 21:00:00,2,35.15
2017-10-31 22:00:00,2,35.73
2017-10-31 23:00:00,2,34.93
2017-07-01 00:00:00,3,18.8
2017-07-01 01:00:00,3,12.1
2017-07-01 02:00:00,3,9.49
2017-07-01 03:00:00,3,6.79
2017-07-01 04:00:00,3,7.01
2017-07-01 05:00:00,3,6.85
2017-07-01 06:00:00,3,6.86
2017-07-01 07:00:00,3,8.73
2017-07-01 08:00:00,3,10.35
2017-07-01 09:00:00,3,16.5
2017-07-01 10:00:00,3,22.98
2017-07-01 11:00:00,3,21.02
2017-07-01 12:00:00,3,22.05
2017-07-01 13:00:00,3,22.0
2017-07-01 14:00:00,3,22.0
2017-07-01 15:00:00,3,22.86
2017-07-01 16:00:00,3,20.72
2017-07-01 17:00:00,3,22.9
2017-07-01 18:00:00,3,27.78
2017-07-01 19:00:00,3,15.89
2017-07-01 20:00:00,3,15.41
2017-07-01 21:00:00,3,13.8
2017-07-01 22:00:00,3,14.86
2017-07-01 23:00:00,3,15.6
2017-07-02 00:00:00,3,16.06
2017-07-02 01:00:00,3,9.66
2017-07-02 02:00:00,3,7.87
2017-07-02 03:00:00,3,6.89
2017-07-02 04:00:00,3,5.43
2017-07-02 05:00:00,3,5.22
2017-07-02 06:00:00,3,5.85
2017-07-02 07:00:00,3,6.3
2017-07-02 08:00:00,3,10.59
2017-07-02 09:00:00,3,10.23
2017-07-02 10:00:00,3,21.63
2017-07-02 11:00:00,3,22.12
2017-07-02 12:00:00,3,23.35
2017-07-02 13:00:00,3,21.96
2017-07-02 14:00:00,3,22.1
2017-07-02 15:00:00,3,23.22
2017-07-02 16:00:00,3,27.46
2017-07-02 17:00:00,3,30.95
2017-07-02 18:00:00,3,40.95
2017-07-02 19:00:00,3,14.12
2017-07-02 20:00:00,3,11.23
2017-07-02 21:00:00,3,11.76
2017-07-02 22:00:00,3,12.99
2017-07-02 23:00:00,3,13.55
2017-07-03 00:00:00,3,23.75
2017-07-03 01:00:00,3,12.64
2017-07-03 02:00:00,3,8.56
2017-07-03 03:00:00,3,7.52
2017-07-03 04:00:00,3,6.94
2017-07-03 05:00:00,3,7.22
2017-07-03 06:00:00,3,8.74
2017-07-03 07:00:00,3,9.54
2017-07-03 08:00:00,3,12.85
2017-07-03 09:00:00,3,13.76
2017-07-03 10:00:00,3,19.43
2017-07-03 11:00:00,3,23.61
2017-07-03 12:00:00,3,25.12
2017-07-03 13:00:00,3,21.69
2017-07-03 14:00:00,3,24.8
2017-07-03 15:00:00,3,21.27
2017-07-03 16:00:00,3,19.62
2017-07-03 17:00:00,3,20.39
2017-07-03 18:00:00,3,23.14
2017-07-03 19:00:00,3,22.79
2017-07-03 20:00:00,3,21.2
2017-07-03 21:00:00,3,20.03
2017-07-03 22:00:00,3,19.49
2017-07-03 23:00:00,3,19.56
2017-07-04 00:00:00,3,14.13
2017-07-04 01:00:00,3,11.53
2017-07-04 02:00:00,3,9.84
2017-07-04 03:00:00,3,8.15
2017-07-04 04:00:00,3,7.03
2017-07-04 05:00:00,3,7.14
2017-07-04 06:00:00,3,7.24
2017-07-04 07:00:00,3,8.79
2017-07-04 08:00:00,3,12.59
2017-07-04 09:00:00,3,15.74
2017-07-04 10:00:00,3,19.11
2017-07-04 11:00:00,3,24.57
2017-07-04 12:00:00,3,26.27
2017-07-04 13:00:00,3,24.61
2017-07-04 14:00:00,3,28.49
2017-07-04 15:00:00,3,24.62
2017-07-04 16:00:00,3,21.2
2017-07-04 17:00:00,3,22.04
2017-07-04 18:00:00,3,23.16
2017-07-04 19:00:00,3,21.95
2017-07-04 20:00:00,3,19.59
2017-07-04 21:00:00,3,17.7
2017-07-04 22:00:00,3,17.85
2017-07-04 23:00:00,3,18.0
2017-07-05 00:00:00,3,14.54
2017-07-05 01:00:00,3,12.08
2017-07-05 02:00:00,3,10.07
2017-07-05 03:00:00,3,7.81
2017-07-05 04:00:00,3,6.85
2017-07-05 05:00:00,3,6.44
2017-07-05 06:00:00,3,7.22
2017-07-05 07:00:00,3,8.12
2017-07-05 08:00:00,3,14.99
2017-07-05 09:00:00,3,20.4
2017-07-05 10:00:00,3,21.25
2017-07-05 11:00:00,3,24.35
2017-07-05 12:00:00,3,23.79
2017-07-05 13:00:00,3,22.71
2017-07-05 14:00:00,3,25.14
2017-07-05 15:00:00,3,23.71
2017-07-05 16:00:00,3,21.36
2017-07-05 17:00:00,3,23.12
2017-07-05 18:00:00,3,22.97
2017-07-05 19:00:00,3,21.28
2017-07-05 20:00:00,3,19.0
2017-07-05 21:00:00,3,17.95
2017-07-05 22:00:00,3,18.13
2017-07-05 23:00:00,3,17.64
2017-07-06 00:00:00,3,15.56
2017-07-06 01:00:00,3,11.59
2017-07-06 02:00:00,3,9.18
2017-07-06 03:00:00,3,7.6
2017-07-06 04:00:00,3,6.94
2017-07-06 05:00:00,3,6.19
2017-07-06 06:00:00,3,7.5
2017-07-06 07:00:00,3,8.27
2017-07-06 08:00:00,3,13.23
2017-07-06 09:00:00,3,16.54
2017-07-06 10:00:00,3,21.29
2017-07-06 11:00:00,3,23.42
2017-07-06 12:00:00,3,23.17
2017-07-06 13:00:00,3,22.89
2017-07-06 14:00:00,3,23.38
2017-07-06 15:00:00,3,24.71
2017-07-06 16:00:00,3,22.52
2017-07-06 17:00:00,3,24.47
2017-07-06 18:00:00,3,22.54
2017-07-06 19:00:00,3,19.53
2017-07-06 20:00:00,3,17.18
2017-07-06 21:00:00,3,16.57
2017-07-06 22:00:00,3,16.52
2017-07-06 23:00:00,3,16.31
2017-07-07 00:00:00,3,15.31
2017-07-07 01:00:00,3,10.83
2017-07-07 02:00:00,3,9.46
2017-07-07 03:00:00,3,7.41
2017-07-07 04:00:00,3,6.33
2017-07-07 05:00:00,3,6.19
2017-07-07 06:00:00,3,7.68
2017-07-07 07:00:00,3,8.09
2017-07-07 08:00:00,3,12.89
2017-07-07 09:00:00,3,15.27
2017-07-07 10:00:00,3,20.76
2017-07-07 11:00:00,3,22.66
2017-07-07 12:00:00,3,22.06
2017-07-07 13:00:00,3,21.25
2017-07-07 14:00:00,3,21.95
2017-07-07 15:00:00,3,27.73
2017-07-07 16:00:00,3,23.76
2017-07-07 17:00:00,3,24.48
2017-07-07 18:00:00,3,22.23
2017-07-07 19:00:00,3,19.11
2017-07-07 20:00:00,3,17.13
2017-07-07 21:00:00,3,16.86
2017-07-07 22:00:00,3,16.22
2017-07-07 23:00:00,3,15.18
2017-07-08 00:00:00,3,14.21
2017-07-08 01:00:00,3,9.0
2017-07-08 02:00:00,3,9.42
2017-07-08 03:00:00,3,7.76
2017-07-08 04:00:00,3,6.19
2017-07-08 05:00:00,3,5.22
2017-07-08 06:00:00,3,5.48
2017-07-08 07:00:00,3,7.6
2017-07-08 08:00:00,3,9.47
2017-07-08 09:00:00,3,16.21
2017-07-08 10:00:00,3,16.99
2017-07-08 11:00:00,3,18.02
2017-07-08 12:00:00,3,23.72
2017-07-08 13:00:00,3,17.18
2017-07-08 14:00:00,3,16.46
2017-07-08 15:00:00,3,15.29
2017-07-08 16:00:00,3,15.23
2017-07-08 17:00:00,3,16.85
2017-07-08 18:00:00,3,16.24
2017-07-08 19:00:00,3,15.32
2017-07-08 20:00:00,3,16.11
2017-07-08 21:00:00,3,15.67
2017-07-08 22:00:00,3,16.26
2017-07-08 23:00:00,3,15.98
2017-07-09 00:00:00,3,13.53
2017-07-09 01:00:00,3,7.67
2017-07-09 02:00:00,3,7.35
2017-07-09 03:00:00,3,8.01
2017-07-09 04:00:00,3,4.5
2017-07-09 05:00:00,3,4.57
2017-07-09 06:00:00,3,4.58
2017-07-09 07:00:00,3,5.87
2017-07-09 08:00:00,3,8.69
2017-07-09 09:00:00,3,10.11
2017-07-09 10:00:00,3,11.66
2017-07-09 11:00:00,3,11.1
2017-07-09 12:00:00,3,13.94
2017-07-09 13:00:00,3,12.5
2017-07-09 14:00:00,3,11.69
2017-07-09 15:00:00,3,11.68
2017-07-09 16:00:00,3,11.56
2017-07-09 17:00:00,3,12.04
2017-07-09 18:00:00,3,13.05
2017-07-09 19:00:00,3,11.47
2017-07-09 20:00:00,3,12.74
2017-07-09 21:00:00,3,12.36
2017-07-09 22:00:00,3,13.47
2017-07-09 23:00:00,3,12.13
2017-07-10 00:00:00,3,11.75
2017-07-10 01:00:00,3,9.34
2017-07-10 02:00:00,3,6.33
2017-07-10 03:00:00,3,7.77
2017-07-10 04:00:00,3,7.08
2017-07-10 05:00:00,3,6.82
2017-07-10 06:00:00,3,7.43
2017-07-10 07:00:00,3,8.12
2017-07-10 08:00:00,3,11.61
2017-07-10 09:00:00,3,15.63
2017-07-10 10:00:00,3,20.37
2017-07-10 11:00:00,3,24.18
2017-07-10 12:00:00,3,27.07
2017-07-10 13:00:00,3,26.37
2017-07-10 14:00:00,3,25.1
2017-07-10 15:00:00,3,34.13
2017-07-10 16:00:00,3,31.01
2017-07-10 17:00:00,3,27.23
2017-07-10 18:00:00,3,34.48
2017-07-10 19:00:00,3,25.47
2017-07-10 20:00:00,3,21.02
2017-07-10 21:00:00,3,20.29
2017-07-10 22:00:00,3,16.17
2017-07-10 23:00:00,3,17.15
2017-07-11 00:00:00,3,13.88
2017-07-11 01:00:00,3,9.99
2017-07-11 02:00:00,3,9.41
2017-07-11 03:00:00,3,9.02
2017-07-11 04:00:00,3,7.71
2017-07-11 05:00:00,3,6.87
2017-07-11 06:00:00,3,6.75
2017-07-11 07:00:00,3,8.96
2017-07-11 08:00:00,3,11.06
2017-07-11 09:00:00,3,16.59
2017-07-11 10:00:00,3,20.99
2017-07-11 11:00:00,3,23.77
2017-07-11 12:00:00,3,26.43
2017-07-11 13:00:00,3,26.64
2017-07-11 14:00:00,3,26.17
2017-07-11 15:00:00,3,29.53
2017-07-11 16:00:00,3,24.96
2017-07-11 17:00:00,3,25.87
2017-07-11 18:00:00,3,42.22
2017-07-11 19:00:00,3,33.71
2017-07-11 20:00:00,3,25.93
2017-07-11 21:00:00,3,21.95
2017-07-11 22:00:00,3,17.31
2017-07-11 23:00:00,3,17.86
2017-07-12 00:00:00,3,15.15
2017-07-12 01:00:00,3,11.34
2017-07-12 02:00:00,3,10.08
2017-07-12 03:00:00,3,9.07
2017-07-12 04:00:00,3,8.17
2017-07-12 05:00:00,3,7.8
2017-07-12 06:00:00,3,8.0
2017-07-12 07:00:00,3,9.9
2017-07-12 08:00:00,3,14.12
2017-07-12 09:00:00,3,20.55
2017-07-12 10:00:00,3,22.95
2017-07-12 11:00:00,3,25.7
2017-07-12 12:00:00,3,26.87
2017-07-12 13:00:00,3,26.4
2017-07-12 14:00:00,3,25.46
2017-07-12 15:00:00,3,30.13
2017-07-12 16:00:00,3,25.94
2017-07-12 17:00:00,3,27.16
2017-07-12 18:00:00,3,41.65
2017-07-12 19:00:00,3,28.83
2017-07-12 20:00:00,3,23.46
2017-07-12 21:00:00,3,22.08
2017-07-12 22:00:00,3,17.93
2017-07-12 23:00:00,3,17.84
2017-07-13 00:00:00,3,17.19
2017-07-13 01:00:00,3,10.93
2017-07-13 02:00:00,3,10.48
2017-07-13 03:00:00,3,8.86
2017-07-13 04:00:00,3,7.58
2017-07-13 05:00:00,3,7.94
2017-07-13 06:00:00,3,8.75
2017-07-13 07:00:00,3,10.78
2017-07-13 08:00:00,3,11.22
2017-07-13 09:00:00,3,15.99
2017-07-13 10:00:00,3,22.33
2017-07-13 11:00:00,3,24.22
2017-07-13 12:00:00,3,25.39
2017-07-13 13:00:00,3,24.65
2017-07-13 14:00:00,3,25.37
2017-07-13 15:00:00,3,29.37
2017-07-13 16:00:00,3,25.78
2017-07-13 17:00:00,3,29.56
2017-07-13 18:00:00,3,60.19
2017-07-13 19:00:00,3,44.1
2017-07-13 20:00:00,3,33.24
2017-07-13 21:00:00,3,31.85
2017-07-13 22:00:00,3,25.49
2017-07-13 23:00:00,3,24.07
2017-07-14 00:00:00,3,18.12
2017-07-14 01:00:00,3,12.31
2017-07-14 02:00:00,3,10.57
2017-07-14 03:00:00,3,8.59
2017-07-14 04:00:00,3,8.05
2017-07-14 05:00:00,3,8.54
2017-07-14 06:00:00,3,10.25
2017-07-14 07:00:00,3,11.28
2017-07-14 08:00:00,3,13.2
2017-07-14 09:00:00,3,16.4
2017-07-14 10:00:00,3,21.26
2017-07-14 11:00:00,3,25.32
2017-07-14 12:00:00,3,26.5
2017-07-14 13:00:00,3,23.34
2017-07-14 14:00:00,3,23.82
2017-07-14 15:00:00,3,30.52
2017-07-14 16:00:00,3,26.46
2017-07-14 17:00:00,3,24.74
2017-07-14 18:00:00,3,33.27
2017-07-14 19:00:00,3,23.32
2017-07-14 20:00:00,3,22.45
2017-07-14 21:00:00,3,23.41
2017-07-14 22:00:00,3,18.99
2017-07-14 23:00:00,3,17.39
2017-07-15 00:00:00,3,16.44
2017-07-15 01:00:00,3,10.63
2017-07-15 02:00:00,3,10.22
2017-07-15 03:00:00,3,7.64
2017-07-15 04:00:00,3,6.82
2017-07-15 05:00:00,3,6.67
2017-07-15 06:00:00,3,6.6
2017-07-15 07:00:00,3,7.01
2017-07-15 08:00:00,3,11.73
2017-07-15 09:00:00,3,16.14
2017-07-15 10:00:00,3,14.08
2017-07-15 11:00:00,3,13.49
2017-07-15 12:00:00,3,18.12
2017-07-15 13:00:00,3,13.07
2017-07-15 14:00:00,3,15.67
2017-07-15 15:00:00,3,15.63
2017-07-15 16:00:00,3,15.02
2017-07-15 17:00:00,3,15.19
2017-07-15 18:00:00,3,14.73
2017-07-15 19:00:00,3,17.22
2017-07-15 20:00:00,3,15.31
2017-07-15 21:00:00,3,17.78
2017-07-15 22:00:00,3,15.95
2017-07-15 23:00:00,3,16.06
2017-07-16 00:00:00,3,15.24
2017-07-16 01:00:00,3,9.15
2017-07-16 02:00:00,3,8.74
2017-07-16 03:00:00,3,7.26
2017-07-16 04:00:00,3,4.73
2017-07-16 05:00:00,3,4.56
2017-07-16 06:00:00,3,4.86
2017-07-16 07:00:00,3,5.3
2017-07-16 08:00:00,3,11.17
2017-07-16 09:00:00,3,11.11
2017-07-16 10:00:00,3,12.02
2017-07-16 11:00:00,3,11.05
2017-07-16 12:00:00,3,14.05
2017-07-16 13:00:00,3,12.44
2017-07-16 14:00:00,3,11.91
2017-07-16 15:00:00,3,12.25
2017-07-16 16:00:00,3,12.32
2017-07-16 17:00:00,3,12.46
2017-07-16 18:00:00,3,13.12
2017-07-16 19:00:00,3,13.89
2017-07-16 20:00:00,3,15.47
2017-07-16 21:00:00,3,13.36
2017-07-16 22:00:00,3,14.82
2017-07-16 23:00:00,3,15.61
2017-07-17 00:00:00,3,12.11
2017-07-17 01:00:00,3,10.77
2017-07-17 02:00:00,3,7.05
2017-07-17 03:00:00,3,5.94
2017-07-17 04:00:00,3,6.34
2017-07-17 05:00:00,3,8.27
2017-07-17 06:00:00,3,9.37
2017-07-17 07:00:00,3,8.93
2017-07-17 08:00:00,3,11.3
2017-07-17 09:00:00,3,13.38
2017-07-17 10:00:00,3,24.36
2017-07-17 11:00:00,3,26.6
2017-07-17 12:00:00,3,27.54
2017-07-17 13:00:00,3,25.79
2017-07-17 14:00:00,3,27.06
2017-07-17 15:00:00,3,26.39
2017-07-17 16:00:00,3,25.19
2017-07-17 17:00:00,3,26.63
2017-07-17 18:00:00,3,47.65
2017-07-17 19:00:00,3,37.77
2017-07-17 20:00:00,3,29.76
2017-07-17 21:00:00,3,28.41
2017-07-17 22:00:00,3,25.84
2017-07-17 23:00:00,3,23.27
2017-07-18 00:00:00,3,16.11
2017-07-18 01:00:00,3,11.71
2017-07-18 02:00:00,3,11.31
2017-07-18 03:00:00,3,7.19
2017-07-18 04:00:00,3,7.21
2017-07-18 05:00:00,3,8.2
2017-07-18 06:00:00,3,8.85
2017-07-18 07:00:00,3,9.22
2017-07-18 08:00:00,3,11.22
2017-07-18 09:00:00,3,14.55
2017-07-18 10:00:00,3,24.71
2017-07-18 11:00:00,3,26.64
2017-07-18 12:00:00,3,27.86
2017-07-18 13:00:00,3,26.16
2017-07-18 14:00:00,3,28.01
2017-07-18 15:00:00,3,26.7
2017-07-18 16:00:00,3,25.55
2017-07-18 17:00:00,3,27.59
2017-07-18 18:00:00,3,46.97
2017-07-18 19:00:00,3,36.95
2017-07-18 20:00:00,3,29.17
2017-07-18 21:00:00,3,27.93
2017-07-18 22:00:00,3,25.75
2017-07-18 23:00:00,3,23.52
2017-07-19 00:00:00,3,16.68
2017-07-19 01:00:00,3,13.57
2017-07-19 02:00:00,3,11.96
2017-07-19 03:00:00,3,7.85
2017-07-19 04:00:00,3,8.23
2017-07-19 05:00:00,3,8.66
2017-07-19 06:00:00,3,8.61
2017-07-19 07:00:00,3,9.15
2017-07-19 08:00:00,3,12.62
2017-07-19 09:00:00,3,18.05
2017-07-19 10:00:00,3,26.74
2017-07-19 11:00:00,3,26.48
2017-07-19 12:00:00,3,27.72
2017-07-19 13:00:00,3,26.6
2017-07-19 14:00:00,3,32.7
2017-07-19 15:00:00,3,32.29
2017-07-19 16:00:00,3,30.89
2017-07-19 17:00:00,3,32.95
2017-07-19 18:00:00,3,36.16
2017-07-19 19:00:00,3,30.02
2017-07-19 20:00:00,3,28.02
2017-07-19 21:00:00,3,30.05
2017-07-19 22:00:00,3,30.31
2017-07-19 23:00:00,3,27.71
2017-07-20 00:00:00,3,24.13
2017-07-20 01:00:00,3,14.85
2017-07-20 02:00:00,3,11.99
2017-07-20 03:00:00,3,7.07
2017-07-20 04:00:00,3,7.81
2017-07-20 05:00:00,3,9.06
2017-07-20 06:00:00,3,9.44
2017-07-20 07:00:00,3,10.5
2017-07-20 08:00:00,3,15.81
2017-07-20 09:00:00,3,19.75
2017-07-20 10:00:00,3,28.05
2017-07-20 11:00:00,3,28.4
2017-07-20 12:00:00,3,29.42
2017-07-20 13:00:00,3,25.6
2017-07-20 14:00:00,3,40.38
2017-07-20 15:00:00,3,46.64
2017-07-20 16:00:00,3,40.77
2017-07-20 17:00:00,3,36.19
2017-07-20 18:00:00,3,35.39
2017-07-20 19:00:00,3,29.19
2017-07-20 20:00:00,3,25.06
2017-07-20 21:00:00,3,26.41
2017-07-20 22:00:00,3,25.24
2017-07-20 23:00:00,3,24.58
2017-07-21 00:00:00,3,22.28
2017-07-21 01:00:00,3,15.53
2017-07-21 02:00:00,3,11.21
2017-07-21 03:00:00,3,6.79
2017-07-21 04:00:00,3,8.24
2017-07-21 05:00:00,3,9.15
2017-07-21 06:00:00,3,8.91
2017-07-21 07:00:00,3,10.64
2017-07-21 08:00:00,3,14.13
2017-07-21 09:00:00,3,18.36
2017-07-21 10:00:00,3,24.81
2017-07-21 11:00:00,3,25.34
2017-07-21 12:00:00,3,26.3
2017-07-21 13:00:00,3,24.22
2017-07-21 14:00:00,3,40.34
2017-07-21 15:00:00,3,45.64
2017-07-21 16:00:00,3,40.57
2017-07-21 17:00:00,3,35.72
2017-07-21 18:00:00,3,34.99
2017-07-21 19:00:00,3,28.96
2017-07-21 20:00:00,3,24.18
2017-07-21 21:00:00,3,23.91
2017-07-21 22:00:00,3,22.81
2017-07-21 23:00:00,3,22.99
2017-07-22 00:00:00,3,28.36
2017-07-22 01:00:00,3,15.48
2017-07-22 02:00:00,3,10.95
2017-07-22 03:00:00,3,8.14
2017-07-22 04:00:00,3,7.1
2017-07-22 05:00:00,3,6.89
2017-07-22 06:00:00,3,6.79
2017-07-22 07:00:00,3,9.93
2017-07-22 08:00:00,3,13.19
2017-07-22 09:00:00,3,17.36
2017-07-22 10:00:00,3,17.12
2017-07-22 11:00:00,3,17.79
2017-07-22 12:00:00,3,23.68
2017-07-22 13:00:00,3,20.36
2017-07-22 14:00:00,3,19.19
2017-07-22 15:00:00,3,19.27
2017-07-22 16:00:00,3,17.87
2017-07-22 17:00:00,3,18.63
2017-07-22 18:00:00,3,18.97
2017-07-22 19:00:00,3,20.04
2017-07-22 20:00:00,3,19.85
2017-07-22 21:00:00,3,21.15
2017-07-22 22:00:00,3,20.47
2017-07-22 23:00:00,3,19.18
2017-07-23 00:00:00,3,50.58
2017-07-23 01:00:00,3,15.04
2017-07-23 02:00:00,3,11.02
2017-07-23 03:00:00,3,8.17
2017-07-23 04:00:00,3,6.74
2017-07-23 05:00:00,3,6.47
2017-07-23 06:00:00,3,5.8
2017-07-23 07:00:00,3,6.31
2017-07-23 08:00:00,3,12.07
2017-07-23 09:00:00,3,13.75
2017-07-23 10:00:00,3,16.99
2017-07-23 11:00:00,3,17.91
2017-07-23 12:00:00,3,21.43
2017-07-23 13:00:00,3,19.79
2017-07-23 14:00:00,3,16.68
2017-07-23 15:00:00,3,16.44
2017-07-23 16:00:00,3,16.4
2017-07-23 17:00:00,3,16.05
2017-07-23 18:00:00,3,15.62
2017-07-23 19:00:00,3,13.32
2017-07-23 20:00:00,3,14.92
2017-07-23 21:00:00,3,14.41
2017-07-23 22:00:00,3,15.33
2017-07-23 23:00:00,3,15.18
2017-07-24 00:00:00,3,29.46
2017-07-24 01:00:00,3,12.03
2017-07-24 02:00:00,3,7.97
2017-07-24 03:00:00,3,5.18
2017-07-24 04:00:00,3,7.18
2017-07-24 05:00:00,3,6.81
2017-07-24 06:00:00,3,7.18
2017-07-24 07:00:00,3,9.83
2017-07-24 08:00:00,3,10.63
2017-07-24 09:00:00,3,16.86
2017-07-24 10:00:00,3,22.99
2017-07-24 11:00:00,3,24.04
2017-07-24 12:00:00,3,24.26
2017-07-24 13:00:00,3,22.93
2017-07-24 14:00:00,3,27.29
2017-07-24 15:00:00,3,26.66
2017-07-24 16:00:00,3,26.85
2017-07-24 17:00:00,3,25.49
2017-07-24 18:00:00,3,26.46
2017-07-24 19:00:00,3,26.26
2017-07-24 20:00:00,3,21.75
2017-07-24 21:00:00,3,23.31
2017-07-24 22:00:00,3,23.83
2017-07-24 23:00:00,3,23.82
2017-07-25 00:00:00,3,20.04
2017-07-25 01:00:00,3,13.09
2017-07-25 02:00:00,3,10.99
2017-07-25 03:00:00,3,6.59
2017-07-25 04:00:00,3,7.06
2017-07-25 05:00:00,3,6.32
2017-07-25 06:00:00,3,6.48
2017-07-25 07:00:00,3,8.73
2017-07-25 08:00:00,3,11.34
2017-07-25 09:00:00,3,16.5
2017-07-25 10:00:00,3,23.16
2017-07-25 11:00:00,3,28.26
2017-07-25 12:00:00,3,28.79
2017-07-25 13:00:00,3,27.94
2017-07-25 14:00:00,3,30.1
2017-07-25 15:00:00,3,28.0
2017-07-25 16:00:00,3,27.72
2017-07-25 17:00:00,3,27.01
2017-07-25 18:00:00,3,27.62
2017-07-25 19:00:00,3,26.73
2017-07-25 20:00:00,3,24.44
2017-07-25 21:00:00,3,25.1
2017-07-25 22:00:00,3,24.78
2017-07-25 23:00:00,3,23.49
2017-07-26 00:00:00,3,16.89
2017-07-26 01:00:00,3,13.12
2017-07-26 02:00:00,3,10.4
2017-07-26 03:00:00,3,7.48
2017-07-26 04:00:00,3,7.94
2017-07-26 05:00:00,3,7.54
2017-07-26 06:00:00,3,7.48
2017-07-26 07:00:00,3,8.4
2017-07-26 08:00:00,3,11.45
2017-07-26 09:00:00,3,18.31
2017-07-26 10:00:00,3,23.42
2017-07-26 11:00:00,3,26.82
2017-07-26 12:00:00,3,25.74
2017-07-26 13:00:00,3,24.06
2017-07-26 14:00:00,3,29.57
2017-07-26 15:00:00,3,28.97
2017-07-26 16:00:00,3,28.06
2017-07-26 17:00:00,3,27.84
2017-07-26 18:00:00,3,27.94
2017-07-26 19:00:00,3,27.3
2017-07-26 20:00:00,3,22.81
2017-07-26 21:00:00,3,23.28
2017-07-26 22:00:00,3,22.43
2017-07-26 23:00:00,3,23.15
2017-07-27 00:00:00,3,16.77
2017-07-27 01:00:00,3,13.51
2017-07-27 02:00:00,3,10.47
2017-07-27 03:00:00,3,7.37
2017-07-27 04:00:00,3,7.42
2017-07-27 05:00:00,3,7.72
2017-07-27 06:00:00,3,7.49
2017-07-27 07:00:00,3,9.0
2017-07-27 08:00:00,3,12.02
2017-07-27 09:00:00,3,16.63
2017-07-27 10:00:00,3,25.63
2017-07-27 11:00:00,3,30.83
2017-07-27 12:00:00,3,29.12
2017-07-27 13:00:00,3,27.44
2017-07-27 14:00:00,3,35.15
2017-07-27 15:00:00,3,34.39
2017-07-27 16:00:00,3,33.75
2017-07-27 17:00:00,3,32.25
2017-07-27 18:00:00,3,31.59
2017-07-27 19:00:00,3,28.26
2017-07-27 20:00:00,3,25.09
2017-07-27 21:00:00,3,23.73
2017-07-27 22:00:00,3,23.93
2017-07-27 23:00:00,3,24.66
2017-07-28 00:00:00,3,18.39
2017-07-28 01:00:00,3,14.36
2017-07-28 02:00:00,3,10.39
2017-07-28 03:00:00,3,7.42
2017-07-28 04:00:00,3,7.74
2017-07-28 05:00:00,3,8.68
2017-07-28 06:00:00,3,8.6
2017-07-28 07:00:00,3,10.49
2017-07-28 08:00:00,3,12.39
2017-07-28 09:00:00,3,15.45
2017-07-28 10:00:00,3,25.9
2017-07-28 11:00:00,3,29.15
2017-07-28 12:00:00,3,27.84
2017-07-28 13:00:00,3,24.86
2017-07-28 14:00:00,3,31.89
2017-07-28 15:00:00,3,32.03
2017-07-28 16:00:00,3,31.76
2017-07-28 17:00:00,3,30.08
2017-07-28 18:00:00,3,30.42
2017-07-28 19:00:00,3,27.97
2017-07-28 20:00:00,3,24.24
2017-07-28 21:00:00,3,22.12
2017-07-28 22:00:00,3,22.2
2017-07-28 23:00:00,3,23.79
2017-07-29 00:00:00,3,17.79
2017-07-29 01:00:00,3,12.58
2017-07-29 02:00:00,3,11.16
2017-07-29 03:00:00,3,7.8
2017-07-29 04:00:00,3,7.15
2017-07-29 05:00:00,3,7.03
2017-07-29 06:00:00,3,6.81
2017-07-29 07:00:00,3,8.77
2017-07-29 08:00:00,3,9.58
2017-07-29 09:00:00,3,14.64
2017-07-29 10:00:00,3,16.44
2017-07-29 11:00:00,3,17.48
2017-07-29 12:00:00,3,19.87
2017-07-29 13:00:00,3,18.02
2017-07-29 14:00:00,3,16.48
2017-07-29 15:00:00,3,16.3
2017-07-29 16:00:00,3,15.37
2017-07-29 17:00:00,3,16.01
2017-07-29 18:00:00,3,17.96
2017-07-29 19:00:00,3,19.57
2017-07-29 20:00:00,3,19.58
2017-07-29 21:00:00,3,20.84
2017-07-29 22:00:00,3,20.41
2017-07-29 23:00:00,3,19.27
2017-07-30 00:00:00,3,15.07
2017-07-30 01:00:00,3,11.14
2017-07-30 02:00:00,3,10.38
2017-07-30 03:00:00,3,8.04
2017-07-30 04:00:00,3,7.08
2017-07-30 05:00:00,3,6.67
2017-07-30 06:00:00,3,6.41
2017-07-30 07:00:00,3,6.12
2017-07-30 08:00:00,3,10.07
2017-07-30 09:00:00,3,12.62
2017-07-30 10:00:00,3,17.33
2017-07-30 11:00:00,3,18.73
2017-07-30 12:00:00,3,20.59
2017-07-30 13:00:00,3,18.57
2017-07-30 14:00:00,3,14.65
2017-07-30 15:00:00,3,14.56
2017-07-30 16:00:00,3,15.02
2017-07-30 17:00:00,3,16.67
2017-07-30 18:00:00,3,18.12
2017-07-30 19:00:00,3,12.86
2017-07-30 20:00:00,3,13.65
2017-07-30 21:00:00,3,13.12
2017-07-30 22:00:00,3,14.28
2017-07-30 23:00:00,3,14.41
2017-07-31 00:00:00,3,14.15
2017-07-31 01:00:00,3,11.79
2017-07-31 02:00:00,3,8.85
2017-07-31 03:00:00,3,5.97
2017-07-31 04:00:00,3,7.06
2017-07-31 05:00:00,3,7.01
2017-07-31 06:00:00,3,7.88
2017-07-31 07:00:00,3,10.7
2017-07-31 08:00:00,3,11.45
2017-07-31 09:00:00,3,15.63
2017-07-31 10:00:00,3,24.17
2017-07-31 11:00:00,3,27.49
2017-07-31 12:00:00,3,28.38
2017-07-31 13:00:00,3,28.25
2017-07-31 14:00:00,3,32.83
2017-07-31 15:00:00,3,31.29
2017-07-31 16:00:00,3,30.89
2017-07-31 17:00:00,3,31.14
2017-07-31 18:00:00,3,30.82
2017-07-31 19:00:00,3,28.66
2017-07-31 20:00:00,3,27.03
2017-07-31 21:00:00,3,25.63
2017-07-31 22:00:00,3,25.59
2017-07-31 23:00:00,3,29.04
2017-08-01 00:00:00,3,27.04
2017-08-01 01:00:00,3,13.58
2017-08-01 02:00:00,3,9.49
2017-08-01 03:00:00,3,7.47
2017-08-01 04:00:00,3,6.13
2017-08-01 05:00:00,3,6.53
2017-08-01 06:00:00,3,7.69
2017-08-01 07:00:00,3,10.42
2017-08-01 08:00:00,3,11.85
2017-08-01 09:00:00,3,16.07
2017-08-01 10:00:00,3,21.37
2017-08-01 11:00:00,3,25.92
2017-08-01 12:00:00,3,26.69
2017-08-01 13:00:00,3,25.02
2017-08-01 14:00:00,3,24.69
2017-08-01 15:00:00,3,24.65
2017-08-01 16:00:00,3,29.92
2017-08-01 17:00:00,3,31.8
2017-08-01 18:00:00,3,26.96
2017-08-01 19:00:00,3,24.09
2017-08-01 20:00:00,3,21.4
2017-08-01 21:00:00,3,19.33
2017-08-01 22:00:00,3,18.44
2017-08-01 23:00:00,3,18.08
2017-08-02 00:00:00,3,17.1
2017-08-02 01:00:00,3,12.12
2017-08-02 02:00:00,3,9.34
2017-08-02 03:00:00,3,7.25
2017-08-02 04:00:00,3,6.39
2017-08-02 05:00:00,3,6.81
2017-08-02 06:00:00,3,7.65
2017-08-02 07:00:00,3,9.03
2017-08-02 08:00:00,3,13.99
2017-08-02 09:00:00,3,20.42
2017-08-02 10:00:00,3,22.23
2017-08-02 11:00:00,3,24.8
2017-08-02 12:00:00,3,24.18
2017-08-02 13:00:00,3,22.78
2017-08-02 14:00:00,3,24.53
2017-08-02 15:00:00,3,24.18
2017-08-02 16:00:00,3,21.71
2017-08-02 17:00:00,3,23.18
2017-08-02 18:00:00,3,22.29
2017-08-02 19:00:00,3,21.03
2017-08-02 20:00:00,3,19.93
2017-08-02 21:00:00,3,18.39
2017-08-02 22:00:00,3,17.7
2017-08-02 23:00:00,3,17.05
2017-08-03 00:00:00,3,14.79
2017-08-03 01:00:00,3,11.51
2017-08-03 02:00:00,3,9.22
2017-08-03 03:00:00,3,7.01
2017-08-03 04:00:00,3,6.63
2017-08-03 05:00:00,3,6.47
2017-08-03 06:00:00,3,8.04
2017-08-03 07:00:00,3,8.63
2017-08-03 08:00:00,3,12.69
2017-08-03 09:00:00,3,16.38
2017-08-03 10:00:00,3,22.77
2017-08-03 11:00:00,3,24.55
2017-08-03 12:00:00,3,23.73
2017-08-03 13:00:00,3,21.74
2017-08-03 14:00:00,3,22.71
2017-08-03 15:00:00,3,24.38
2017-08-03 16:00:00,3,21.99
2017-08-03 17:00:00,3,22.7
2017-08-03 18:00:00,3,21.69
2017-08-03 19:00:00,3,19.9
2017-08-03 20:00:00,3,18.83
2017-08-03 21:00:00,3,18.35
2017-08-03 22:00:00,3,16.98
2017-08-03 23:00:00,3,15.91
2017-08-04 00:00:00,3,14.42
2017-08-04 01:00:00,3,11.72
2017-08-04 02:00:00,3,9.34
2017-08-04 03:00:00,3,6.84
2017-08-04 04:00:00,3,6.86
2017-08-04 05:00:00,3,6.77
2017-08-04 06:00:00,3,8.62
2017-08-04 07:00:00,3,7.86
2017-08-04 08:00:00,3,13.29
2017-08-04 09:00:00,3,15.21
2017-08-04 10:00:00,3,22.08
2017-08-04 11:00:00,3,24.77
2017-08-04 12:00:00,3,23.51
2017-08-04 13:00:00,3,20.78
2017-08-04 14:00:00,3,23.32
2017-08-04 15:00:00,3,25.88
2017-08-04 16:00:00,3,21.29
2017-08-04 17:00:00,3,20.09
2017-08-04 18:00:00,3,20.29
2017-08-04 19:00:00,3,18.57
2017-08-04 20:00:00,3,18.46
2017-08-04 21:00:00,3,17.79
2017-08-04 22:00:00,3,15.99
2017-08-04 23:00:00,3,13.92
2017-08-05 00:00:00,3,12.61
2017-08-05 01:00:00,3,10.28
2017-08-05 02:00:00,3,9.84
2017-08-05 03:00:00,3,6.5
2017-08-05 04:00:00,3,5.96
2017-08-05 05:00:00,3,5.28
2017-08-05 06:00:00,3,5.47
2017-08-05 07:00:00,3,7.1
2017-08-05 08:00:00,3,11.34
2017-08-05 09:00:00,3,15.79
2017-08-05 10:00:00,3,17.9
2017-08-05 11:00:00,3,17.69
2017-08-05 12:00:00,3,21.22
2017-08-05 13:00:00,3,17.65
2017-08-05 14:00:00,3,15.52
2017-08-05 15:00:00,3,13.34
2017-08-05 16:00:00,3,13.18
2017-08-05 17:00:00,3,15.13
2017-08-05 18:00:00,3,14.95
2017-08-05 19:00:00,3,13.15
2017-08-05 20:00:00,3,13.32
2017-08-05 21:00:00,3,12.29
2017-08-05 22:00:00,3,13.41
2017-08-05 23:00:00,3,14.33
2017-08-06 00:00:00,3,12.46
2017-08-06 01:00:00,3,8.3
2017-08-06 02:00:00,3,7.74
2017-08-06 03:00:00,3,6.51
2017-08-06 04:00:00,3,4.24
2017-08-06 05:00:00,3,4.22
2017-08-06 06:00:00,3,4.52
2017-08-06 07:00:00,3,5.95
2017-08-06 08:00:00,3,9.18
2017-08-06 09:00:00,3,9.63
2017-08-06 10:00:00,3,10.04
2017-08-06 11:00:00,3,9.69
2017-08-06 12:00:00,3,13.11
2017-08-06 13:00:00,3,12.28
2017-08-06 14:00:00,3,11.4
2017-08-06 15:00:00,3,10.99
2017-08-06 16:00:00,3,11.24
2017-08-06 17:00:00,3,11.38
2017-08-06 18:00:00,3,11.87
2017-08-06 19:00:00,3,10.01
2017-08-06 20:00:00,3,10.23
2017-08-06 21:00:00,3,10.66
2017-08-06 22:00:00,3,11.67
2017-08-06 23:00:00,3,11.55
2017-08-07 00:00:00,3,12.29
2017-08-07 01:00:00,3,11.13
2017-08-07 02:00:00,3,7.38
2017-08-07 03:00:00,3,7.61
2017-08-07 04:00:00,3,6.86
2017-08-07 05:00:00,3,6.75
2017-08-07 06:00:00,3,7.22
2017-08-07 07:00:00,3,7.96
2017-08-07 08:00:00,3,13.08
2017-08-07 09:00:00,3,15.68
2017-08-07 10:00:00,3,18.72
2017-08-07 11:00:00,3,23.45
2017-08-07 12:00:00,3,25.29
2017-08-07 13:00:00,3,24.59
2017-08-07 14:00:00,3,26.07
2017-08-07 15:00:00,3,23.01
2017-08-07 16:00:00,3,20.83
2017-08-07 17:00:00,3,22.68
2017-08-07 18:00:00,3,23.35
2017-08-07 19:00:00,3,21.84
2017-08-07 20:00:00,3,18.8
2017-08-07 21:00:00,3,18.42
2017-08-07 22:00:00,3,18.49
2017-08-07 23:00:00,3,18.91
2017-08-08 00:00:00,3,14.29
2017-08-08 01:00:00,3,10.49
2017-08-08 02:00:00,3,9.56
2017-08-08 03:00:00,3,8.21
2017-08-08 04:00:00,3,7.04
2017-08-08 05:00:00,3,6.65
2017-08-08 06:00:00,3,6.64
2017-08-08 07:00:00,3,8.27
2017-08-08 08:00:00,3,10.63
2017-08-08 09:00:00,3,17.06
2017-08-08 10:00:00,3,19.38
2017-08-08 11:00:00,3,23.47
2017-08-08 12:00:00,3,25.06
2017-08-08 13:00:00,3,25.8
2017-08-08 14:00:00,3,26.93
2017-08-08 15:00:00,3,25.27
2017-08-08 16:00:00,3,22.0
2017-08-08 17:00:00,3,23.07
2017-08-08 18:00:00,3,23.12
2017-08-08 19:00:00,3,20.25
2017-08-08 20:00:00,3,16.84
2017-08-08 21:00:00,3,16.09
2017-08-08 22:00:00,3,16.12
2017-08-08 23:00:00,3,16.89
2017-08-09 00:00:00,3,15.18
2017-08-09 01:00:00,3,11.05
2017-08-09 02:00:00,3,9.95
2017-08-09 03:00:00,3,8.51
2017-08-09 04:00:00,3,7.47
2017-08-09 05:00:00,3,6.84
2017-08-09 06:00:00,3,7.72
2017-08-09 07:00:00,3,7.85
2017-08-09 08:00:00,3,12.95
2017-08-09 09:00:00,3,20.17
2017-08-09 10:00:00,3,20.94
2017-08-09 11:00:00,3,22.56
2017-08-09 12:00:00,3,23.13
2017-08-09 13:00:00,3,23.88
2017-08-09 14:00:00,3,24.28
2017-08-09 15:00:00,3,39.5
2017-08-09 16:00:00,3,35.27
2017-08-09 17:00:00,3,30.93
2017-08-09 18:00:00,3,36.27
2017-08-09 19:00:00,3,28.58
2017-08-09 20:00:00,3,22.8
2017-08-09 21:00:00,3,21.22
2017-08-09 22:00:00,3,17.97
2017-08-09 23:00:00,3,17.26
2017-08-10 00:00:00,3,16.2
2017-08-10 01:00:00,3,10.22
2017-08-10 02:00:00,3,8.9
2017-08-10 03:00:00,3,8.24
2017-08-10 04:00:00,3,7.5
2017-08-10 05:00:00,3,6.52
2017-08-10 06:00:00,3,7.61
2017-08-10 07:00:00,3,7.56
2017-08-10 08:00:00,3,10.95
2017-08-10 09:00:00,3,16.34
2017-08-10 10:00:00,3,19.85
2017-08-10 11:00:00,3,21.5
2017-08-10 12:00:00,3,22.85
2017-08-10 13:00:00,3,21.9
2017-08-10 14:00:00,3,22.17
2017-08-10 15:00:00,3,41.87
2017-08-10 16:00:00,3,38.13
2017-08-10 17:00:00,3,31.95
2017-08-10 18:00:00,3,35.13
2017-08-10 19:00:00,3,26.08
2017-08-10 20:00:00,3,21.89
2017-08-10 21:00:00,3,21.14
2017-08-10 22:00:00,3,16.67
2017-08-10 23:00:00,3,16.32
2017-08-11 00:00:00,3,15.32
2017-08-11 01:00:00,3,9.36
2017-08-11 02:00:00,3,8.61
2017-08-11 03:00:00,3,8.37
2017-08-11 04:00:00,3,7.67
2017-08-11 05:00:00,3,6.68
2017-08-11 06:00:00,3,7.7
2017-08-11 07:00:00,3,8.2
2017-08-11 08:00:00,3,11.11
2017-08-11 09:00:00,3,14.16
2017-08-11 10:00:00,3,18.95
2017-08-11 11:00:00,3,21.35
2017-08-11 12:00:00,3,23.1
2017-08-11 13:00:00,3,21.94
2017-08-11 14:00:00,3,22.25
2017-08-11 15:00:00,3,38.49
2017-08-11 16:00:00,3,32.84
2017-08-11 17:00:00,3,30.39
2017-08-11 18:00:00,3,36.15
2017-08-11 19:00:00,3,26.17
2017-08-11 20:00:00,3,22.3
2017-08-11 21:00:00,3,21.51
2017-08-11 22:00:00,3,16.24
2017-08-11 23:00:00,3,15.49
2017-08-12 00:00:00,3,13.85
2017-08-12 01:00:00,3,8.73
2017-08-12 02:00:00,3,9.07
2017-08-12 03:00:00,3,8.66
2017-08-12 04:00:00,3,6.98
2017-08-12 05:00:00,3,5.71
2017-08-12 06:00:00,3,6.22
2017-08-12 07:00:00,3,7.04
2017-08-12 08:00:00,3,10.87
2017-08-12 09:00:00,3,15.04
2017-08-12 10:00:00,3,14.06
2017-08-12 11:00:00,3,13.61
2017-08-12 12:00:00,3,16.81
2017-08-12 13:00:00,3,13.27
2017-08-12 14:00:00,3,13.31
2017-08-12 15:00:00,3,13.56
2017-08-12 16:00:00,3,13.31
2017-08-12 17:00:00,3,13.2
2017-08-12 18:00:00,3,14.14
2017-08-12 19:00:00,3,15.02
2017-08-12 20:00:00,3,15.94
2017-08-12 21:00:00,3,15.62
2017-08-12 22:00:00,3,16.2
2017-08-12 23:00:00,3,15.82
2017-08-13 00:00:00,3,13.66
2017-08-13 01:00:00,3,7.34
2017-08-13 02:00:00,3,8.25
2017-08-13 03:00:00,3,8.73
2017-08-13 04:00:00,3,4.78
2017-08-13 05:00:00,3,4.38
2017-08-13 06:00:00,3,4.86
2017-08-13 07:00:00,3,5.67
2017-08-13 08:00:00,3,9.2
2017-08-13 09:00:00,3,9.9
2017-08-13 10:00:00,3,10.15
2017-08-13 11:00:00,3,9.3
2017-08-13 12:00:00,3,10.79
2017-08-13 13:00:00,3,10.7
2017-08-13 14:00:00,3,9.45
2017-08-13 15:00:00,3,9.78
2017-08-13 16:00:00,3,10.16
2017-08-13 17:00:00,3,9.95
2017-08-13 18:00:00,3,11.95
2017-08-13 19:00:00,3,11.1
2017-08-13 20:00:00,3,12.78
2017-08-13 21:00:00,3,12.14
2017-08-13 22:00:00,3,13.48
2017-08-13 23:00:00,3,12.28
2017-08-14 00:00:00,3,13.31
2017-08-14 01:00:00,3,11.36
2017-08-14 02:00:00,3,6.84
2017-08-14 03:00:00,3,8.07
2017-08-14 04:00:00,3,7.47
2017-08-14 05:00:00,3,7.71
2017-08-14 06:00:00,3,9.47
2017-08-14 07:00:00,3,10.91
2017-08-14 08:00:00,3,12.91
2017-08-14 09:00:00,3,16.39
2017-08-14 10:00:00,3,25.11
2017-08-14 11:00:00,3,28.96
2017-08-14 12:00:00,3,29.52
2017-08-14 13:00:00,3,28.87
2017-08-14 14:00:00,3,28.68
2017-08-14 15:00:00,3,27.52
2017-08-14 16:00:00,3,25.28
2017-08-14 17:00:00,3,27.17
2017-08-14 18:00:00,3,52.24
2017-08-14 19:00:00,3,39.73
2017-08-14 20:00:00,3,29.55
2017-08-14 21:00:00,3,28.22
2017-08-14 22:00:00,3,26.89
2017-08-14 23:00:00,3,24.5
2017-08-15 00:00:00,3,17.89
2017-08-15 01:00:00,3,13.17
2017-08-15 02:00:00,3,11.56
2017-08-15 03:00:00,3,8.07
2017-08-15 04:00:00,3,7.81
2017-08-15 05:00:00,3,8.17
2017-08-15 06:00:00,3,8.7
2017-08-15 07:00:00,3,9.32
2017-08-15 08:00:00,3,11.77
2017-08-15 09:00:00,3,16.65
2017-08-15 10:00:00,3,24.44
2017-08-15 11:00:00,3,27.07
2017-08-15 12:00:00,3,28.24
2017-08-15 13:00:00,3,26.31
2017-08-15 14:00:00,3,27.32
2017-08-15 15:00:00,3,25.91
2017-08-15 16:00:00,3,23.28
2017-08-15 17:00:00,3,25.69
2017-08-15 18:00:00,3,49.81
2017-08-15 19:00:00,3,37.69
2017-08-15 20:00:00,3,28.98
2017-08-15 21:00:00,3,27.99
2017-08-15 22:00:00,3,25.15
2017-08-15 23:00:00,3,22.94
2017-08-16 00:00:00,3,18.45
2017-08-16 01:00:00,3,13.07
2017-08-16 02:00:00,3,11.66
2017-08-16 03:00:00,3,7.77
2017-08-16 04:00:00,3,8.19
2017-08-16 05:00:00,3,8.64
2017-08-16 06:00:00,3,8.79
2017-08-16 07:00:00,3,9.42
2017-08-16 08:00:00,3,13.07
2017-08-16 09:00:00,3,19.65
2017-08-16 10:00:00,3,24.81
2017-08-16 11:00:00,3,27.79
2017-08-16 12:00:00,3,28.86
2017-08-16 13:00:00,3,25.52
2017-08-16 14:00:00,3,26.37
2017-08-16 15:00:00,3,26.31
2017-08-16 16:00:00,3,24.83
2017-08-16 17:00:00,3,24.46
2017-08-16 18:00:00,3,32.9
2017-08-16 19:00:00,3,22.54
2017-08-16 20:00:00,3,21.67
2017-08-16 21:00:00,3,23.24
2017-08-16 22:00:00,3,20.27
2017-08-16 23:00:00,3,18.37
2017-08-17 00:00:00,3,17.95
2017-08-17 01:00:00,3,11.94
2017-08-17 02:00:00,3,10.54
2017-08-17 03:00:00,3,7.09
2017-08-17 04:00:00,3,7.39
2017-08-17 05:00:00,3,8.55
2017-08-17 06:00:00,3,8.79
2017-08-17 07:00:00,3,9.52
2017-08-17 08:00:00,3,11.65
2017-08-17 09:00:00,3,14.79
2017-08-17 10:00:00,3,21.16
2017-08-17 11:00:00,3,23.75
2017-08-17 12:00:00,3,25.35
2017-08-17 13:00:00,3,21.22
2017-08-17 14:00:00,3,23.03
2017-08-17 15:00:00,3,24.94
2017-08-17 16:00:00,3,22.82
2017-08-17 17:00:00,3,21.85
2017-08-17 18:00:00,3,28.06
2017-08-17 19:00:00,3,21.41
2017-08-17 20:00:00,3,22.19
2017-08-17 21:00:00,3,23.59
2017-08-17 22:00:00,3,19.13
2017-08-17 23:00:00,3,17.23
2017-08-18 00:00:00,3,16.37
2017-08-18 01:00:00,3,10.48
2017-08-18 02:00:00,3,10.06
2017-08-18 03:00:00,3,6.77
2017-08-18 04:00:00,3,7.17
2017-08-18 05:00:00,3,7.89
2017-08-18 06:00:00,3,8.63
2017-08-18 07:00:00,3,9.2
2017-08-18 08:00:00,3,12.38
2017-08-18 09:00:00,3,13.58
2017-08-18 10:00:00,3,19.65
2017-08-18 11:00:00,3,22.64
2017-08-18 12:00:00,3,23.91
2017-08-18 13:00:00,3,20.85
2017-08-18 14:00:00,3,25.43
2017-08-18 15:00:00,3,29.85
2017-08-18 16:00:00,3,27.84
2017-08-18 17:00:00,3,24.82
2017-08-18 18:00:00,3,29.88
2017-08-18 19:00:00,3,22.74
2017-08-18 20:00:00,3,22.37
2017-08-18 21:00:00,3,22.88
2017-08-18 22:00:00,3,18.56
2017-08-18 23:00:00,3,17.76
2017-08-19 00:00:00,3,15.22
2017-08-19 01:00:00,3,10.58
2017-08-19 02:00:00,3,10.14
2017-08-19 03:00:00,3,7.51
2017-08-19 04:00:00,3,6.67
2017-08-19 05:00:00,3,6.58
2017-08-19 06:00:00,3,6.05
2017-08-19 07:00:00,3,7.53
2017-08-19 08:00:00,3,11.79
2017-08-19 09:00:00,3,14.42
2017-08-19 10:00:00,3,17.27
2017-08-19 11:00:00,3,16.49
2017-08-19 12:00:00,3,24.22
2017-08-19 13:00:00,3,16.15
2017-08-19 14:00:00,3,18.35
2017-08-19 15:00:00,3,17.79
2017-08-19 16:00:00,3,16.2
2017-08-19 17:00:00,3,17.71
2017-08-19 18:00:00,3,15.55
2017-08-19 19:00:00,3,16.92
2017-08-19 20:00:00,3,15.76
2017-08-19 21:00:00,3,18.22
2017-08-19 22:00:00,3,16.32
2017-08-19 23:00:00,3,16.4
2017-08-20 00:00:00,3,15.77
2017-08-20 01:00:00,3,10.58
2017-08-20 02:00:00,3,9.41
2017-08-20 03:00:00,3,7.44
2017-08-20 04:00:00,3,5.41
2017-08-20 05:00:00,3,5.21
2017-08-20 06:00:00,3,4.98
2017-08-20 07:00:00,3,5.8
2017-08-20 08:00:00,3,13.49
2017-08-20 09:00:00,3,12.76
2017-08-20 10:00:00,3,15.63
2017-08-20 11:00:00,3,14.41
2017-08-20 12:00:00,3,19.03
2017-08-20 13:00:00,3,16.39
2017-08-20 14:00:00,3,14.72
2017-08-20 15:00:00,3,14.46
2017-08-20 16:00:00,3,14.73
2017-08-20 17:00:00,3,13.6
2017-08-20 18:00:00,3,13.65
2017-08-20 19:00:00,3,13.71
2017-08-20 20:00:00,3,15.26
2017-08-20 21:00:00,3,13.2
2017-08-20 22:00:00,3,14.53
2017-08-20 23:00:00,3,15.56
2017-08-21 00:00:00,3,18.83
2017-08-21 01:00:00,3,12.11
2017-08-21 02:00:00,3,7.91
2017-08-21 03:00:00,3,5.92
2017-08-21 04:00:00,3,6.98
2017-08-21 05:00:00,3,8.17
2017-08-21 06:00:00,3,8.94
2017-08-21 07:00:00,3,8.87
2017-08-21 08:00:00,3,10.55
2017-08-21 09:00:00,3,13.51
2017-08-21 10:00:00,3,24.52
2017-08-21 11:00:00,3,24.56
2017-08-21 12:00:00,3,25.68
2017-08-21 13:00:00,3,25.48
2017-08-21 14:00:00,3,30.41
2017-08-21 15:00:00,3,31.0
2017-08-21 16:00:00,3,28.92
2017-08-21 17:00:00,3,27.82
2017-08-21 18:00:00,3,28.52
2017-08-21 19:00:00,3,26.84
2017-08-21 20:00:00,3,23.23
2017-08-21 21:00:00,3,25.35
2017-08-21 22:00:00,3,25.33
2017-08-21 23:00:00,3,23.77
2017-08-22 00:00:00,3,15.86
2017-08-22 01:00:00,3,12.93
2017-08-22 02:00:00,3,12.15
2017-08-22 03:00:00,3,7.42
2017-08-22 04:00:00,3,7.62
2017-08-22 05:00:00,3,7.9
2017-08-22 06:00:00,3,8.41
2017-08-22 07:00:00,3,9.26
2017-08-22 08:00:00,3,11.35
2017-08-22 09:00:00,3,16.09
2017-08-22 10:00:00,3,25.7
2017-08-22 11:00:00,3,29.06
2017-08-22 12:00:00,3,30.1
2017-08-22 13:00:00,3,29.13
2017-08-22 14:00:00,3,35.71
2017-08-22 15:00:00,3,44.4
2017-08-22 16:00:00,3,41.59
2017-08-22 17:00:00,3,36.86
2017-08-22 18:00:00,3,34.4
2017-08-22 19:00:00,3,32.21
2017-08-22 20:00:00,3,27.06
2017-08-22 21:00:00,3,27.49
2017-08-22 22:00:00,3,27.12
2017-08-22 23:00:00,3,26.29
2017-08-23 00:00:00,3,17.08
2017-08-23 01:00:00,3,13.74
2017-08-23 02:00:00,3,11.6
2017-08-23 03:00:00,3,8.06
2017-08-23 04:00:00,3,8.48
2017-08-23 05:00:00,3,8.68
2017-08-23 06:00:00,3,8.01
2017-08-23 07:00:00,3,9.12
2017-08-23 08:00:00,3,11.9
2017-08-23 09:00:00,3,19.77
2017-08-23 10:00:00,3,25.58
2017-08-23 11:00:00,3,27.65
2017-08-23 12:00:00,3,27.76
2017-08-23 13:00:00,3,24.68
2017-08-23 14:00:00,3,29.8
2017-08-23 15:00:00,3,29.81
2017-08-23 16:00:00,3,28.63
2017-08-23 17:00:00,3,27.78
2017-08-23 18:00:00,3,27.61
2017-08-23 19:00:00,3,27.01
2017-08-23 20:00:00,3,22.66
2017-08-23 21:00:00,3,23.17
2017-08-23 22:00:00,3,22.39
2017-08-23 23:00:00,3,23.23
2017-08-24 00:00:00,3,19.7
2017-08-24 01:00:00,3,13.2
2017-08-24 02:00:00,3,11.54
2017-08-24 03:00:00,3,7.33
2017-08-24 04:00:00,3,7.87
2017-08-24 05:00:00,3,8.25
2017-08-24 06:00:00,3,7.82
2017-08-24 07:00:00,3,10.05
2017-08-24 08:00:00,3,12.56
2017-08-24 09:00:00,3,19.92
2017-08-24 10:00:00,3,27.91
2017-08-24 11:00:00,3,30.01
2017-08-24 12:00:00,3,29.91
2017-08-24 13:00:00,3,24.46
2017-08-24 14:00:00,3,33.21
2017-08-24 15:00:00,3,34.34
2017-08-24 16:00:00,3,32.67
2017-08-24 17:00:00,3,29.51
2017-08-24 18:00:00,3,28.75
2017-08-24 19:00:00,3,26.85
2017-08-24 20:00:00,3,24.84
2017-08-24 21:00:00,3,24.28
2017-08-24 22:00:00,3,24.37
2017-08-24 23:00:00,3,25.16
2017-08-25 00:00:00,3,20.16
2017-08-25 01:00:00,3,12.96
2017-08-25 02:00:00,3,11.09
2017-08-25 03:00:00,3,6.79
2017-08-25 04:00:00,3,7.86
2017-08-25 05:00:00,3,8.3
2017-08-25 06:00:00,3,7.44
2017-08-25 07:00:00,3,10.09
2017-08-25 08:00:00,3,12.94
2017-08-25 09:00:00,3,17.38
2017-08-25 10:00:00,3,26.31
2017-08-25 11:00:00,3,28.74
2017-08-25 12:00:00,3,28.8
2017-08-25 13:00:00,3,23.81
2017-08-25 14:00:00,3,30.93
2017-08-25 15:00:00,3,31.19
2017-08-25 16:00:00,3,30.08
2017-08-25 17:00:00,3,27.87
2017-08-25 18:00:00,3,27.51
2017-08-25 19:00:00,3,26.33
2017-08-25 20:00:00,3,21.94
2017-08-25 21:00:00,3,20.97
2017-08-25 22:00:00,3,21.35
2017-08-25 23:00:00,3,23.05
2017-08-26 00:00:00,3,17.67
2017-08-26 01:00:00,3,11.4
2017-08-26 02:00:00,3,10.99
2017-08-26 03:00:00,3,8.03
2017-08-26 04:00:00,3,7.19
2017-08-26 05:00:00,3,6.9
2017-08-26 06:00:00,3,6.85
2017-08-26 07:00:00,3,9.03
2017-08-26 08:00:00,3,11.92
2017-08-26 09:00:00,3,14.78
2017-08-26 10:00:00,3,17.21
2017-08-26 11:00:00,3,18.49
2017-08-26 12:00:00,3,20.95
2017-08-26 13:00:00,3,18.97
2017-08-26 14:00:00,3,17.38
2017-08-26 15:00:00,3,17.08
2017-08-26 16:00:00,3,15.93
2017-08-26 17:00:00,3,16.56
2017-08-26 18:00:00,3,18.09
2017-08-26 19:00:00,3,19.47
2017-08-26 20:00:00,3,19.58
2017-08-26 21:00:00,3,20.83
2017-08-26 22:00:00,3,20.45
2017-08-26 23:00:00,3,19.28
2017-08-27 00:00:00,3,19.85
2017-08-27 01:00:00,3,10.64
2017-08-27 02:00:00,3,9.95
2017-08-27 03:00:00,3,8.08
2017-08-27 04:00:00,3,7.39
2017-08-27 05:00:00,3,7.01
2017-08-27 06:00:00,3,6.57
2017-08-27 07:00:00,3,6.36
2017-08-27 08:00:00,3,10.66
2017-08-27 09:00:00,3,11.91
2017-08-27 10:00:00,3,17.19
2017-08-27 11:00:00,3,18.57
2017-08-27 12:00:00,3,20.26
2017-08-27 13:00:00,3,18.02
2017-08-27 14:00:00,3,14.45
2017-08-27 15:00:00,3,13.85
2017-08-27 16:00:00,3,14.27
2017-08-27 17:00:00,3,13.84
2017-08-27 18:00:00,3,13.69
2017-08-27 19:00:00,3,12.0
2017-08-27 20:00:00,3,13.66
2017-08-27 21:00:00,3,13.12
2017-08-27 22:00:00,3,14.32
2017-08-27 23:00:00,3,14.42
2017-08-28 00:00:00,3,15.77
2017-08-28 01:00:00,3,11.83
2017-08-28 02:00:00,3,8.02
2017-08-28 03:00:00,3,5.42
2017-08-28 04:00:00,3,7.03
2017-08-28 05:00:00,3,6.58
2017-08-28 06:00:00,3,7.0
2017-08-28 07:00:00,3,9.12
2017-08-28 08:00:00,3,10.63
2017-08-28 09:00:00,3,15.8
2017-08-28 10:00:00,3,24.41
2017-08-28 11:00:00,3,28.82
2017-08-28 12:00:00,3,27.54
2017-08-28 13:00:00,3,28.54
2017-08-28 14:00:00,3,34.06
2017-08-28 15:00:00,3,32.31
2017-08-28 16:00:00,3,31.98
2017-08-28 17:00:00,3,31.66
2017-08-28 18:00:00,3,31.77
2017-08-28 19:00:00,3,29.64
2017-08-28 20:00:00,3,24.43
2017-08-28 21:00:00,3,24.71
2017-08-28 22:00:00,3,24.62
2017-08-28 23:00:00,3,23.77
2017-08-29 00:00:00,3,16.57
2017-08-29 01:00:00,3,13.04
2017-08-29 02:00:00,3,10.94
2017-08-29 03:00:00,3,7.42
2017-08-29 04:00:00,3,7.77
2017-08-29 05:00:00,3,7.17
2017-08-29 06:00:00,3,7.24
2017-08-29 07:00:00,3,10.74
2017-08-29 08:00:00,3,11.64
2017-08-29 09:00:00,3,16.68
2017-08-29 10:00:00,3,25.65
2017-08-29 11:00:00,3,33.64
2017-08-29 12:00:00,3,32.92
2017-08-29 13:00:00,3,33.16
2017-08-29 14:00:00,3,36.94
2017-08-29 15:00:00,3,34.36
2017-08-29 16:00:00,3,33.77
2017-08-29 17:00:00,3,33.65
2017-08-29 18:00:00,3,32.64
2017-08-29 19:00:00,3,29.02
2017-08-29 20:00:00,3,25.78
2017-08-29 21:00:00,3,25.78
2017-08-29 22:00:00,3,25.06
2017-08-29 23:00:00,3,23.8
2017-08-30 00:00:00,3,16.27
2017-08-30 01:00:00,3,13.31
2017-08-30 02:00:00,3,10.95
2017-08-30 03:00:00,3,7.98
2017-08-30 04:00:00,3,7.82
2017-08-30 05:00:00,3,8.44
2017-08-30 06:00:00,3,9.34
2017-08-30 07:00:00,3,11.18
2017-08-30 08:00:00,3,11.53
2017-08-30 09:00:00,3,19.0
2017-08-30 10:00:00,3,24.94
2017-08-30 11:00:00,3,28.44
2017-08-30 12:00:00,3,29.48
2017-08-30 13:00:00,3,27.53
2017-08-30 14:00:00,3,31.69
2017-08-30 15:00:00,3,31.07
2017-08-30 16:00:00,3,30.83
2017-08-30 17:00:00,3,30.52
2017-08-30 18:00:00,3,31.0
2017-08-30 19:00:00,3,28.76
2017-08-30 20:00:00,3,27.06
2017-08-30 21:00:00,3,25.48
2017-08-30 22:00:00,3,25.2
2017-08-30 23:00:00,3,29.22
2017-08-31 00:00:00,3,16.99
2017-08-31 01:00:00,3,13.19
2017-08-31 02:00:00,3,11.93
2017-08-31 03:00:00,3,7.81
2017-08-31 04:00:00,3,7.37
2017-08-31 05:00:00,3,8.5
2017-08-31 06:00:00,3,9.64
2017-08-31 07:00:00,3,11.79
2017-08-31 08:00:00,3,12.17
2017-08-31 09:00:00,3,16.9
2017-08-31 10:00:00,3,27.33
2017-08-31 11:00:00,3,29.45
2017-08-31 12:00:00,3,28.97
2017-08-31 13:00:00,3,26.79
2017-08-31 14:00:00,3,32.31
2017-08-31 15:00:00,3,32.29
2017-08-31 16:00:00,3,32.58
2017-08-31 17:00:00,3,36.23
2017-08-31 18:00:00,3,39.59
2017-08-31 19:00:00,3,33.31
2017-08-31 20:00:00,3,32.09
2017-08-31 21:00:00,3,30.25
2017-08-31 22:00:00,3,29.17
2017-08-31 23:00:00,3,32.48
2017-09-01 00:00:00,3,19.37
2017-09-01 01:00:00,3,12.87
2017-09-01 02:00:00,3,8.77
2017-09-01 03:00:00,3,5.74
2017-09-01 04:00:00,3,5.73
2017-09-01 05:00:00,3,5.58
2017-09-01 06:00:00,3,7.9
2017-09-01 07:00:00,3,9.02
2017-09-01 08:00:00,3,11.65
2017-09-01 09:00:00,3,16.01
2017-09-01 10:00:00,3,22.94
2017-09-01 11:00:00,3,26.75
2017-09-01 12:00:00,3,26.0
2017-09-01 13:00:00,3,23.91
2017-09-01 14:00:00,3,23.02
2017-09-01 15:00:00,3,25.39
2017-09-01 16:00:00,3,32.18
2017-09-01 17:00:00,3,33.5
2017-09-01 18:00:00,3,25.98
2017-09-01 19:00:00,3,22.27
2017-09-01 20:00:00,3,20.62
2017-09-01 21:00:00,3,18.94
2017-09-01 22:00:00,3,16.32
2017-09-01 23:00:00,3,14.72
2017-09-02 00:00:00,3,16.06
2017-09-02 01:00:00,3,11.51
2017-09-02 02:00:00,3,9.41
2017-09-02 03:00:00,3,6.92
2017-09-02 04:00:00,3,7.3
2017-09-02 05:00:00,3,7.28
2017-09-02 06:00:00,3,7.25
2017-09-02 07:00:00,3,7.87
2017-09-02 08:00:00,3,11.56
2017-09-02 09:00:00,3,16.69
2017-09-02 10:00:00,3,24.1
2017-09-02 11:00:00,3,23.17
2017-09-02 12:00:00,3,24.5
2017-09-02 13:00:00,3,23.3
2017-09-02 14:00:00,3,23.04
2017-09-02 15:00:00,3,23.45
2017-09-02 16:00:00,3,25.37
2017-09-02 17:00:00,3,28.68
2017-09-02 18:00:00,3,33.57
2017-09-02 19:00:00,3,16.52
2017-09-02 20:00:00,3,15.37
2017-09-02 21:00:00,3,13.88
2017-09-02 22:00:00,3,15.07
2017-09-02 23:00:00,3,15.88
2017-09-03 00:00:00,3,11.83
2017-09-03 01:00:00,3,8.31
2017-09-03 02:00:00,3,8.14
2017-09-03 03:00:00,3,6.71
2017-09-03 04:00:00,3,5.31
2017-09-03 05:00:00,3,5.07
2017-09-03 06:00:00,3,5.67
2017-09-03 07:00:00,3,6.17
2017-09-03 08:00:00,3,10.66
2017-09-03 09:00:00,3,10.03
2017-09-03 10:00:00,3,10.78
2017-09-03 11:00:00,3,9.45
2017-09-03 12:00:00,3,12.93
2017-09-03 13:00:00,3,12.84
2017-09-03 14:00:00,3,11.19
2017-09-03 15:00:00,3,10.48
2017-09-03 16:00:00,3,10.39
2017-09-03 17:00:00,3,10.52
2017-09-03 18:00:00,3,11.18
2017-09-03 19:00:00,3,9.3
2017-09-03 20:00:00,3,9.19
2017-09-03 21:00:00,3,10.0
2017-09-03 22:00:00,3,11.19
2017-09-03 23:00:00,3,11.84
2017-09-04 00:00:00,3,16.74
2017-09-04 01:00:00,3,12.43
2017-09-04 02:00:00,3,8.31
2017-09-04 03:00:00,3,7.39
2017-09-04 04:00:00,3,6.98
2017-09-04 05:00:00,3,7.07
2017-09-04 06:00:00,3,8.28
2017-09-04 07:00:00,3,8.6
2017-09-04 08:00:00,3,12.86
2017-09-04 09:00:00,3,13.41
2017-09-04 10:00:00,3,18.69
2017-09-04 11:00:00,3,23.43
2017-09-04 12:00:00,3,25.26
2017-09-04 13:00:00,3,21.38
2017-09-04 14:00:00,3,24.84
2017-09-04 15:00:00,3,20.9
2017-09-04 16:00:00,3,19.11
2017-09-04 17:00:00,3,20.55
2017-09-04 18:00:00,3,23.58
2017-09-04 19:00:00,3,22.9
2017-09-04 20:00:00,3,21.2
2017-09-04 21:00:00,3,20.15
2017-09-04 22:00:00,3,19.57
2017-09-04 23:00:00,3,19.8
2017-09-05 00:00:00,3,13.82
2017-09-05 01:00:00,3,11.66
2017-09-05 02:00:00,3,9.58
2017-09-05 03:00:00,3,8.18
2017-09-05 04:00:00,3,7.49
2017-09-05 05:00:00,3,6.97
2017-09-05 06:00:00,3,6.63
2017-09-05 07:00:00,3,7.76
2017-09-05 08:00:00,3,12.33
2017-09-05 09:00:00,3,15.91
2017-09-05 10:00:00,3,18.83
2017-09-05 11:00:00,3,24.59
2017-09-05 12:00:00,3,26.33
2017-09-05 13:00:00,3,24.64
2017-09-05 14:00:00,3,28.52
2017-09-05 15:00:00,3,24.52
2017-09-05 16:00:00,3,21.3
2017-09-05 17:00:00,3,22.14
2017-09-05 18:00:00,3,23.42
2017-09-05 19:00:00,3,21.98
2017-09-05 20:00:00,3,18.94
2017-09-05 21:00:00,3,17.14
2017-09-05 22:00:00,3,18.02
2017-09-05 23:00:00,3,18.34
2017-09-06 00:00:00,3,14.78
2017-09-06 01:00:00,3,12.04
2017-09-06 02:00:00,3,10.14
2017-09-06 03:00:00,3,8.19
2017-09-06 04:00:00,3,6.89
2017-09-06 05:00:00,3,6.35
2017-09-06 06:00:00,3,7.04
2017-09-06 07:00:00,3,8.7
2017-09-06 08:00:00,3,14.91
2017-09-06 09:00:00,3,21.28
2017-09-06 10:00:00,3,21.19
2017-09-06 11:00:00,3,24.45
2017-09-06 12:00:00,3,23.77
2017-09-06 13:00:00,3,25.5
2017-09-06 14:00:00,3,27.13
2017-09-06 15:00:00,3,25.97
2017-09-06 16:00:00,3,22.79
2017-09-06 17:00:00,3,24.88
2017-09-06 18:00:00,3,22.93
2017-09-06 19:00:00,3,21.07
2017-09-06 20:00:00,3,18.15
2017-09-06 21:00:00,3,16.63
2017-09-06 22:00:00,3,17.38
2017-09-06 23:00:00,3,16.98
2017-09-07 00:00:00,3,16.05
2017-09-07 01:00:00,3,11.28
2017-09-07 02:00:00,3,9.42
2017-09-07 03:00:00,3,7.47
2017-09-07 04:00:00,3,6.0
2017-09-07 05:00:00,3,5.84
2017-09-07 06:00:00,3,7.52
2017-09-07 07:00:00,3,8.0
2017-09-07 08:00:00,3,13.64
2017-09-07 09:00:00,3,17.33
2017-09-07 10:00:00,3,21.42
2017-09-07 11:00:00,3,22.55
2017-09-07 12:00:00,3,22.13
2017-09-07 13:00:00,3,21.84
2017-09-07 14:00:00,3,20.96
2017-09-07 15:00:00,3,23.63
2017-09-07 16:00:00,3,21.47
2017-09-07 17:00:00,3,24.28
2017-09-07 18:00:00,3,22.53
2017-09-07 19:00:00,3,18.9
2017-09-07 20:00:00,3,16.25
2017-09-07 21:00:00,3,16.46
2017-09-07 22:00:00,3,16.89
2017-09-07 23:00:00,3,16.59
2017-09-08 00:00:00,3,15.61
2017-09-08 01:00:00,3,9.8
2017-09-08 02:00:00,3,8.92
2017-09-08 03:00:00,3,7.74
2017-09-08 04:00:00,3,6.63
2017-09-08 05:00:00,3,5.97
2017-09-08 06:00:00,3,7.63
2017-09-08 07:00:00,3,7.8
2017-09-08 08:00:00,3,9.97
2017-09-08 09:00:00,3,14.81
2017-09-08 10:00:00,3,20.19
2017-09-08 11:00:00,3,21.62
2017-09-08 12:00:00,3,21.92
2017-09-08 13:00:00,3,20.69
2017-09-08 14:00:00,3,20.15
2017-09-08 15:00:00,3,26.73
2017-09-08 16:00:00,3,23.56
2017-09-08 17:00:00,3,23.74
2017-09-08 18:00:00,3,22.06
2017-09-08 19:00:00,3,18.01
2017-09-08 20:00:00,3,16.15
2017-09-08 21:00:00,3,16.67
2017-09-08 22:00:00,3,15.46
2017-09-08 23:00:00,3,14.91
2017-09-09 00:00:00,3,14.34
2017-09-09 01:00:00,3,8.81
2017-09-09 02:00:00,3,9.54
2017-09-09 03:00:00,3,8.58
2017-09-09 04:00:00,3,6.62
2017-09-09 05:00:00,3,5.13
2017-09-09 06:00:00,3,5.69
2017-09-09 07:00:00,3,7.65
2017-09-09 08:00:00,3,9.93
2017-09-09 09:00:00,3,15.26
2017-09-09 10:00:00,3,16.79
2017-09-09 11:00:00,3,17.69
2017-09-09 12:00:00,3,23.38
2017-09-09 13:00:00,3,16.39
2017-09-09 14:00:00,3,15.75
2017-09-09 15:00:00,3,15.02
2017-09-09 16:00:00,3,14.78
2017-09-09 17:00:00,3,16.73
2017-09-09 18:00:00,3,16.21
2017-09-09 19:00:00,3,15.37
2017-09-09 20:00:00,3,16.16
2017-09-09 21:00:00,3,15.85
2017-09-09 22:00:00,3,16.38
2017-09-09 23:00:00,3,16.05
2017-09-10 00:00:00,3,13.52
2017-09-10 01:00:00,3,7.23
2017-09-10 02:00:00,3,6.94
2017-09-10 03:00:00,3,8.22
2017-09-10 04:00:00,3,4.54
2017-09-10 05:00:00,3,4.31
2017-09-10 06:00:00,3,4.42
2017-09-10 07:00:00,3,5.95
2017-09-10 08:00:00,3,9.35
2017-09-10 09:00:00,3,10.34
2017-09-10 10:00:00,3,11.67
2017-09-10 11:00:00,3,11.02
2017-09-10 12:00:00,3,13.54
2017-09-10 13:00:00,3,12.06
2017-09-10 14:00:00,3,11.1
2017-09-10 15:00:00,3,11.67
2017-09-10 16:00:00,3,11.87
2017-09-10 17:00:00,3,12.3
2017-09-10 18:00:00,3,12.88
2017-09-10 19:00:00,3,11.27
2017-09-10 20:00:00,3,12.77
2017-09-10 21:00:00,3,12.42
2017-09-10 22:00:00,3,13.69
2017-09-10 23:00:00,3,12.41
2017-09-11 00:00:00,3,11.61
2017-09-11 01:00:00,3,9.38
2017-09-11 02:00:00,3,6.19
2017-09-11 03:00:00,3,7.81
2017-09-11 04:00:00,3,7.13
2017-09-11 05:00:00,3,6.96
2017-09-11 06:00:00,3,7.37
2017-09-11 07:00:00,3,8.25
2017-09-11 08:00:00,3,11.11
2017-09-11 09:00:00,3,15.53
2017-09-11 10:00:00,3,21.3
2017-09-11 11:00:00,3,24.91
2017-09-11 12:00:00,3,28.43
2017-09-11 13:00:00,3,27.79
2017-09-11 14:00:00,3,25.58
2017-09-11 15:00:00,3,27.65
2017-09-11 16:00:00,3,23.86
2017-09-11 17:00:00,3,24.76
2017-09-11 18:00:00,3,33.97
2017-09-11 19:00:00,3,25.23
2017-09-11 20:00:00,3,20.65
2017-09-11 21:00:00,3,19.83
2017-09-11 22:00:00,3,16.11
2017-09-11 23:00:00,3,17.08
2017-09-12 00:00:00,3,14.08
2017-09-12 01:00:00,3,10.36
2017-09-12 02:00:00,3,9.85
2017-09-12 03:00:00,3,9.15
2017-09-12 04:00:00,3,7.74
2017-09-12 05:00:00,3,7.09
2017-09-12 06:00:00,3,6.96
2017-09-12 07:00:00,3,9.54
2017-09-12 08:00:00,3,11.22
2017-09-12 09:00:00,3,16.37
2017-09-12 10:00:00,3,21.26
2017-09-12 11:00:00,3,23.93
2017-09-12 12:00:00,3,26.6
2017-09-12 13:00:00,3,26.86
2017-09-12 14:00:00,3,26.38
2017-09-12 15:00:00,3,27.95
2017-09-12 16:00:00,3,23.97
2017-09-12 17:00:00,3,25.23
2017-09-12 18:00:00,3,45.58
2017-09-12 19:00:00,3,33.98
2017-09-12 20:00:00,3,26.21
2017-09-12 21:00:00,3,22.32
2017-09-12 22:00:00,3,17.58
2017-09-12 23:00:00,3,18.32
2017-09-13 00:00:00,3,16.38
2017-09-13 01:00:00,3,11.47
2017-09-13 02:00:00,3,11.24
2017-09-13 03:00:00,3,9.78
2017-09-13 04:00:00,3,8.16
2017-09-13 05:00:00,3,8.0
2017-09-13 06:00:00,3,8.67
2017-09-13 07:00:00,3,11.85
2017-09-13 08:00:00,3,14.15
2017-09-13 09:00:00,3,20.87
2017-09-13 10:00:00,3,24.18
2017-09-13 11:00:00,3,25.66
2017-09-13 12:00:00,3,25.83
2017-09-13 13:00:00,3,26.94
2017-09-13 14:00:00,3,26.58
2017-09-13 15:00:00,3,26.98
2017-09-13 16:00:00,3,25.2
2017-09-13 17:00:00,3,30.46
2017-09-13 18:00:00,3,66.69
2017-09-13 19:00:00,3,50.39
2017-09-13 20:00:00,3,35.91
2017-09-13 21:00:00,3,32.83
2017-09-13 22:00:00,3,26.86
2017-09-13 23:00:00,3,25.52
2017-09-14 00:00:00,3,19.74
2017-09-14 01:00:00,3,13.55
2017-09-14 02:00:00,3,10.94
2017-09-14 03:00:00,3,8.65
2017-09-14 04:00:00,3,8.2
2017-09-14 05:00:00,3,9.32
2017-09-14 06:00:00,3,10.49
2017-09-14 07:00:00,3,12.87
2017-09-14 08:00:00,3,13.17
2017-09-14 09:00:00,3,17.45
2017-09-14 10:00:00,3,24.53
2017-09-14 11:00:00,3,27.87
2017-09-14 12:00:00,3,29.12
2017-09-14 13:00:00,3,25.34
2017-09-14 14:00:00,3,26.39
2017-09-14 15:00:00,3,28.69
2017-09-14 16:00:00,3,24.41
2017-09-14 17:00:00,3,25.18
2017-09-14 18:00:00,3,34.03
2017-09-14 19:00:00,3,23.36
2017-09-14 20:00:00,3,22.97
2017-09-14 21:00:00,3,24.39
2017-09-14 22:00:00,3,21.41
2017-09-14 23:00:00,3,18.79
2017-09-15 00:00:00,3,18.39
2017-09-15 01:00:00,3,12.02
2017-09-15 02:00:00,3,10.45
2017-09-15 03:00:00,3,7.25
2017-09-15 04:00:00,3,7.31
2017-09-15 05:00:00,3,8.32
2017-09-15 06:00:00,3,9.05
2017-09-15 07:00:00,3,9.67
2017-09-15 08:00:00,3,12.58
2017-09-15 09:00:00,3,15.33
2017-09-15 10:00:00,3,19.78
2017-09-15 11:00:00,3,23.16
2017-09-15 12:00:00,3,24.5
2017-09-15 13:00:00,3,20.8
2017-09-15 14:00:00,3,22.67
2017-09-15 15:00:00,3,26.85
2017-09-15 16:00:00,3,22.72
2017-09-15 17:00:00,3,22.42
2017-09-15 18:00:00,3,30.37
2017-09-15 19:00:00,3,21.84
2017-09-15 20:00:00,3,22.77
2017-09-15 21:00:00,3,24.03
2017-09-15 22:00:00,3,18.57
2017-09-15 23:00:00,3,16.74
2017-09-16 00:00:00,3,15.35
2017-09-16 01:00:00,3,10.09
2017-09-16 02:00:00,3,10.04
2017-09-16 03:00:00,3,7.58
2017-09-16 04:00:00,3,6.84
2017-09-16 05:00:00,3,6.66
2017-09-16 06:00:00,3,6.05
2017-09-16 07:00:00,3,6.81
2017-09-16 08:00:00,3,11.88
2017-09-16 09:00:00,3,14.27
2017-09-16 10:00:00,3,14.72
2017-09-16 11:00:00,3,14.16
2017-09-16 12:00:00,3,20.08
2017-09-16 13:00:00,3,13.12
2017-09-16 14:00:00,3,16.21
2017-09-16 15:00:00,3,16.05
2017-09-16 16:00:00,3,14.92
2017-09-16 17:00:00,3,15.78
2017-09-16 18:00:00,3,14.74
2017-09-16 19:00:00,3,17.06
2017-09-16 20:00:00,3,15.49
2017-09-16 21:00:00,3,18.15
2017-09-16 22:00:00,3,16.14
2017-09-16 23:00:00,3,16.32
2017-09-17 00:00:00,3,14.55
2017-09-17 01:00:00,3,9.37
2017-09-17 02:00:00,3,8.78
2017-09-17 03:00:00,3,7.43
2017-09-17 04:00:00,3,4.76
2017-09-17 05:00:00,3,4.58
2017-09-17 06:00:00,3,4.85
2017-09-17 07:00:00,3,4.91
2017-09-17 08:00:00,3,11.42
2017-09-17 09:00:00,3,11.23
2017-09-17 10:00:00,3,15.05
2017-09-17 11:00:00,3,13.76
2017-09-17 12:00:00,3,18.84
2017-09-17 13:00:00,3,14.4
2017-09-17 14:00:00,3,14.5
2017-09-17 15:00:00,3,14.77
2017-09-17 16:00:00,3,14.74
2017-09-17 17:00:00,3,14.13
2017-09-17 18:00:00,3,13.67
2017-09-17 19:00:00,3,13.91
2017-09-17 20:00:00,3,15.61
2017-09-17 21:00:00,3,13.39
2017-09-17 22:00:00,3,14.81
2017-09-17 23:00:00,3,15.82
2017-09-18 00:00:00,3,12.7
2017-09-18 01:00:00,3,10.75
2017-09-18 02:00:00,3,7.21
2017-09-18 03:00:00,3,5.92
2017-09-18 04:00:00,3,6.14
2017-09-18 05:00:00,3,8.31
2017-09-18 06:00:00,3,9.47
2017-09-18 07:00:00,3,9.05
2017-09-18 08:00:00,3,10.98
2017-09-18 09:00:00,3,13.02
2017-09-18 10:00:00,3,24.7
2017-09-18 11:00:00,3,26.81
2017-09-18 12:00:00,3,27.63
2017-09-18 13:00:00,3,26.63
2017-09-18 14:00:00,3,28.45
2017-09-18 15:00:00,3,27.25
2017-09-18 16:00:00,3,26.49
2017-09-18 17:00:00,3,28.75
2017-09-18 18:00:00,3,48.07
2017-09-18 19:00:00,3,37.56
2017-09-18 20:00:00,3,30.44
2017-09-18 21:00:00,3,29.29
2017-09-18 22:00:00,3,27.5
2017-09-18 23:00:00,3,24.7
2017-09-19 00:00:00,3,15.33
2017-09-19 01:00:00,3,12.64
2017-09-19 02:00:00,3,11.56
2017-09-19 03:00:00,3,7.2
2017-09-19 04:00:00,3,7.12
2017-09-19 05:00:00,3,8.21
2017-09-19 06:00:00,3,9.04
2017-09-19 07:00:00,3,9.12
2017-09-19 08:00:00,3,11.59
2017-09-19 09:00:00,3,14.2
2017-09-19 10:00:00,3,27.83
2017-09-19 11:00:00,3,28.16
2017-09-19 12:00:00,3,29.32
2017-09-19 13:00:00,3,27.88
2017-09-19 14:00:00,3,32.12
2017-09-19 15:00:00,3,30.94
2017-09-19 16:00:00,3,30.08
2017-09-19 17:00:00,3,31.22
2017-09-19 18:00:00,3,33.38
2017-09-19 19:00:00,3,27.51
2017-09-19 20:00:00,3,25.43
2017-09-19 21:00:00,3,26.56
2017-09-19 22:00:00,3,27.99
2017-09-19 23:00:00,3,25.12
2017-09-20 00:00:00,3,17.64
2017-09-20 01:00:00,3,14.12
2017-09-20 02:00:00,3,12.5
2017-09-20 03:00:00,3,7.9
2017-09-20 04:00:00,3,8.94
2017-09-20 05:00:00,3,8.86
2017-09-20 06:00:00,3,8.66
2017-09-20 07:00:00,3,9.59
2017-09-20 08:00:00,3,13.47
2017-09-20 09:00:00,3,19.67
2017-09-20 10:00:00,3,26.14
2017-09-20 11:00:00,3,25.2
2017-09-20 12:00:00,3,26.63
2017-09-20 13:00:00,3,25.15
2017-09-20 14:00:00,3,30.62
2017-09-20 15:00:00,3,32.06
2017-09-20 16:00:00,3,29.0
2017-09-20 17:00:00,3,29.0
2017-09-20 18:00:00,3,30.33
2017-09-20 19:00:00,3,26.96
2017-09-20 20:00:00,3,21.06
2017-09-20 21:00:00,3,23.2
2017-09-20 22:00:00,3,22.01
2017-09-20 23:00:00,3,21.87
2017-09-21 00:00:00,3,18.59
2017-09-21 01:00:00,3,14.53
2017-09-21 02:00:00,3,11.84
2017-09-21 03:00:00,3,7.19
2017-09-21 04:00:00,3,7.89
2017-09-21 05:00:00,3,8.94
2017-09-21 06:00:00,3,8.89
2017-09-21 07:00:00,3,9.28
2017-09-21 08:00:00,3,12.91
2017-09-21 09:00:00,3,19.56
2017-09-21 10:00:00,3,26.96
2017-09-21 11:00:00,3,27.12
2017-09-21 12:00:00,3,28.21
2017-09-21 13:00:00,3,26.14
2017-09-21 14:00:00,3,43.24
2017-09-21 15:00:00,3,51.93
2017-09-21 16:00:00,3,44.83
2017-09-21 17:00:00,3,39.62
2017-09-21 18:00:00,3,38.15
2017-09-21 19:00:00,3,30.86
2017-09-21 20:00:00,3,27.71
2017-09-21 21:00:00,3,28.91
2017-09-21 22:00:00,3,28.08
2017-09-21 23:00:00,3,27.21
2017-09-22 00:00:00,3,21.73
2017-09-22 01:00:00,3,13.85
2017-09-22 02:00:00,3,11.34
2017-09-22 03:00:00,3,6.63
2017-09-22 04:00:00,3,8.0
2017-09-22 05:00:00,3,9.21
2017-09-22 06:00:00,3,8.8
2017-09-22 07:00:00,3,11.1
2017-09-22 08:00:00,3,13.87
2017-09-22 09:00:00,3,18.33
2017-09-22 10:00:00,3,28.88
2017-09-22 11:00:00,3,30.7
2017-09-22 12:00:00,3,31.29
2017-09-22 13:00:00,3,27.39
2017-09-22 14:00:00,3,48.12
2017-09-22 15:00:00,3,62.31
2017-09-22 16:00:00,3,56.7
2017-09-22 17:00:00,3,47.76
2017-09-22 18:00:00,3,43.55
2017-09-22 19:00:00,3,36.66
2017-09-22 20:00:00,3,29.76
2017-09-22 21:00:00,3,28.16
2017-09-22 22:00:00,3,28.09
2017-09-22 23:00:00,3,28.31
2017-09-23 00:00:00,3,41.65
2017-09-23 01:00:00,3,13.61
2017-09-23 02:00:00,3,11.82
2017-09-23 03:00:00,3,8.24
2017-09-23 04:00:00,3,7.46
2017-09-23 05:00:00,3,7.03
2017-09-23 06:00:00,3,6.78
2017-09-23 07:00:00,3,10.55
2017-09-23 08:00:00,3,12.74
2017-09-23 09:00:00,3,17.3
2017-09-23 10:00:00,3,17.22
2017-09-23 11:00:00,3,17.95
2017-09-23 12:00:00,3,22.81
2017-09-23 13:00:00,3,20.68
2017-09-23 14:00:00,3,19.51
2017-09-23 15:00:00,3,19.61
2017-09-23 16:00:00,3,18.01
2017-09-23 17:00:00,3,19.13
2017-09-23 18:00:00,3,20.33
2017-09-23 19:00:00,3,20.94
2017-09-23 20:00:00,3,20.87
2017-09-23 21:00:00,3,22.14
2017-09-23 22:00:00,3,21.65
2017-09-23 23:00:00,3,20.15
2017-09-24 00:00:00,3,27.71
2017-09-24 01:00:00,3,11.86
2017-09-24 02:00:00,3,10.98
2017-09-24 03:00:00,3,8.56
2017-09-24 04:00:00,3,7.57
2017-09-24 05:00:00,3,7.3
2017-09-24 06:00:00,3,6.63
2017-09-24 07:00:00,3,6.49
2017-09-24 08:00:00,3,11.93
2017-09-24 09:00:00,3,14.44
2017-09-24 10:00:00,3,17.04
2017-09-24 11:00:00,3,18.12
2017-09-24 12:00:00,3,21.3
2017-09-24 13:00:00,3,19.66
2017-09-24 14:00:00,3,16.27
2017-09-24 15:00:00,3,15.95
2017-09-24 16:00:00,3,15.66
2017-09-24 17:00:00,3,15.5
2017-09-24 18:00:00,3,15.43
2017-09-24 19:00:00,3,13.31
2017-09-24 20:00:00,3,15.02
2017-09-24 21:00:00,3,14.51
2017-09-24 22:00:00,3,15.52
2017-09-24 23:00:00,3,15.3
2017-09-25 00:00:00,3,30.98
2017-09-25 01:00:00,3,12.36
2017-09-25 02:00:00,3,8.09
2017-09-25 03:00:00,3,5.02
2017-09-25 04:00:00,3,7.08
2017-09-25 05:00:00,3,6.4
2017-09-25 06:00:00,3,6.92
2017-09-25 07:00:00,3,8.96
2017-09-25 08:00:00,3,10.69
2017-09-25 09:00:00,3,15.91
2017-09-25 10:00:00,3,21.86
2017-09-25 11:00:00,3,22.84
2017-09-25 12:00:00,3,23.04
2017-09-25 13:00:00,3,22.41
2017-09-25 14:00:00,3,26.79
2017-09-25 15:00:00,3,25.67
2017-09-25 16:00:00,3,25.5
2017-09-25 17:00:00,3,24.76
2017-09-25 18:00:00,3,26.53
2017-09-25 19:00:00,3,26.08
2017-09-25 20:00:00,3,22.08
2017-09-25 21:00:00,3,23.92
2017-09-25 22:00:00,3,24.41
2017-09-25 23:00:00,3,23.95
2017-09-26 00:00:00,3,17.98
2017-09-26 01:00:00,3,12.89
2017-09-26 02:00:00,3,10.55
2017-09-26 03:00:00,3,6.46
2017-09-26 04:00:00,3,6.93
2017-09-26 05:00:00,3,6.16
2017-09-26 06:00:00,3,6.48
2017-09-26 07:00:00,3,8.71
2017-09-26 08:00:00,3,11.07
2017-09-26 09:00:00,3,16.23
2017-09-26 10:00:00,3,22.82
2017-09-26 11:00:00,3,28.77
2017-09-26 12:00:00,3,28.95
2017-09-26 13:00:00,3,28.13
2017-09-26 14:00:00,3,30.26
2017-09-26 15:00:00,3,28.04
2017-09-26 16:00:00,3,27.81
2017-09-26 17:00:00,3,27.17
2017-09-26 18:00:00,3,27.67
2017-09-26 19:00:00,3,26.76
2017-09-26 20:00:00,3,23.94
2017-09-26 21:00:00,3,24.95
2017-09-26 22:00:00,3,24.63
2017-09-26 23:00:00,3,23.51
2017-09-27 00:00:00,3,18.15
2017-09-27 01:00:00,3,13.52
2017-09-27 02:00:00,3,9.53
2017-09-27 03:00:00,3,7.59
2017-09-27 04:00:00,3,7.93
2017-09-27 05:00:00,3,7.65
2017-09-27 06:00:00,3,7.55
2017-09-27 07:00:00,3,8.6
2017-09-27 08:00:00,3,11.33
2017-09-27 09:00:00,3,18.74
2017-09-27 10:00:00,3,24.58
2017-09-27 11:00:00,3,32.02
2017-09-27 12:00:00,3,30.05
2017-09-27 13:00:00,3,29.72
2017-09-27 14:00:00,3,36.12
2017-09-27 15:00:00,3,34.4
2017-09-27 16:00:00,3,33.73
2017-09-27 17:00:00,3,34.03
2017-09-27 18:00:00,3,32.36
2017-09-27 19:00:00,3,29.71
2017-09-27 20:00:00,3,25.34
2017-09-27 21:00:00,3,24.45
2017-09-27 22:00:00,3,23.02
2017-09-27 23:00:00,3,23.52
2017-09-28 00:00:00,3,19.1
2017-09-28 01:00:00,3,13.68
2017-09-28 02:00:00,3,10.71
2017-09-28 03:00:00,3,8.11
2017-09-28 04:00:00,3,8.49
2017-09-28 05:00:00,3,8.81
2017-09-28 06:00:00,3,8.56
2017-09-28 07:00:00,3,9.78
2017-09-28 08:00:00,3,12.25
2017-09-28 09:00:00,3,17.28
2017-09-28 10:00:00,3,25.71
2017-09-28 11:00:00,3,28.96
2017-09-28 12:00:00,3,27.34
2017-09-28 13:00:00,3,24.97
2017-09-28 14:00:00,3,32.6
2017-09-28 15:00:00,3,32.91
2017-09-28 16:00:00,3,32.32
2017-09-28 17:00:00,3,29.4
2017-09-28 18:00:00,3,30.51
2017-09-28 19:00:00,3,27.68
2017-09-28 20:00:00,3,24.95
2017-09-28 21:00:00,3,22.73
2017-09-28 22:00:00,3,22.78
2017-09-28 23:00:00,3,23.97
2017-09-29 00:00:00,3,19.32
2017-09-29 01:00:00,3,13.64
2017-09-29 02:00:00,3,11.52
2017-09-29 03:00:00,3,7.62
2017-09-29 04:00:00,3,7.81
2017-09-29 05:00:00,3,8.75
2017-09-29 06:00:00,3,8.76
2017-09-29 07:00:00,3,11.89
2017-09-29 08:00:00,3,12.35
2017-09-29 09:00:00,3,15.56
2017-09-29 10:00:00,3,25.91
2017-09-29 11:00:00,3,28.06
2017-09-29 12:00:00,3,27.57
2017-09-29 13:00:00,3,24.35
2017-09-29 14:00:00,3,31.58
2017-09-29 15:00:00,3,31.95
2017-09-29 16:00:00,3,31.57
2017-09-29 17:00:00,3,29.53
2017-09-29 18:00:00,3,30.13
2017-09-29 19:00:00,3,26.83
2017-09-29 20:00:00,3,24.19
2017-09-29 21:00:00,3,22.72
2017-09-29 22:00:00,3,23.12
2017-09-29 23:00:00,3,24.51
2017-09-30 00:00:00,3,16.7
2017-09-30 01:00:00,3,11.49
2017-09-30 02:00:00,3,11.2
2017-09-30 03:00:00,3,7.65
2017-09-30 04:00:00,3,6.95
2017-09-30 05:00:00,3,7.04
2017-09-30 06:00:00,3,7.16
2017-09-30 07:00:00,3,9.52
2017-09-30 08:00:00,3,9.77
2017-09-30 09:00:00,3,14.97
2017-09-30 10:00:00,3,16.66
2017-09-30 11:00:00,3,17.69
2017-09-30 12:00:00,3,19.86
2017-09-30 13:00:00,3,18.23
2017-09-30 14:00:00,3,16.78
2017-09-30 15:00:00,3,16.79
2017-09-30 16:00:00,3,15.89
2017-09-30 17:00:00,3,18.33
2017-09-30 18:00:00,3,22.16
2017-09-30 19:00:00,3,20.34
2017-09-30 20:00:00,3,19.58
2017-09-30 21:00:00,3,20.84
2017-09-30 22:00:00,3,20.41
2017-09-30 23:00:00,3,19.27
2017-10-01 00:00:00,3,18.79
2017-10-01 01:00:00,3,11.09
2017-10-01 02:00:00,3,8.15
2017-10-01 03:00:00,3,6.93
2017-10-01 04:00:00,3,5.41
2017-10-01 05:00:00,3,5.16
2017-10-01 06:00:00,3,5.78
2017-10-01 07:00:00,3,6.63
2017-10-01 08:00:00,3,9.29
2017-10-01 09:00:00,3,10.19
2017-10-01 10:00:00,3,20.54
2017-10-01 11:00:00,3,20.0
2017-10-01 12:00:00,3,21.05
2017-10-01 13:00:00,3,20.76
2017-10-01 14:00:00,3,21.12
2017-10-01 15:00:00,3,22.68
2017-10-01 16:00:00,3,22.8
2017-10-01 17:00:00,3,25.21
2017-10-01 18:00:00,3,35.06
2017-10-01 19:00:00,3,13.37
2017-10-01 20:00:00,3,10.67
2017-10-01 21:00:00,3,11.29
2017-10-01 22:00:00,3,12.39
2017-10-01 23:00:00,3,12.9
2017-10-02 00:00:00,3,26.88
2017-10-02 01:00:00,3,14.12
2017-10-02 02:00:00,3,8.63
2017-10-02 03:00:00,3,7.03
2017-10-02 04:00:00,3,6.81
2017-10-02 05:00:00,3,7.29
2017-10-02 06:00:00,3,8.86
2017-10-02 07:00:00,3,9.13
2017-10-02 08:00:00,3,12.42
2017-10-02 09:00:00,3,13.81
2017-10-02 10:00:00,3,19.57
2017-10-02 11:00:00,3,23.78
2017-10-02 12:00:00,3,25.26
2017-10-02 13:00:00,3,21.93
2017-10-02 14:00:00,3,24.78
2017-10-02 15:00:00,3,21.56
2017-10-02 16:00:00,3,19.82
2017-10-02 17:00:00,3,20.53
2017-10-02 18:00:00,3,23.1
2017-10-02 19:00:00,3,22.75
2017-10-02 20:00:00,3,21.2
2017-10-02 21:00:00,3,20.02
2017-10-02 22:00:00,3,19.45
2017-10-02 23:00:00,3,19.48
2017-10-03 00:00:00,3,16.0
2017-10-03 01:00:00,3,11.47
2017-10-03 02:00:00,3,9.82
2017-10-03 03:00:00,3,8.28
2017-10-03 04:00:00,3,6.95
2017-10-03 05:00:00,3,7.29
2017-10-03 06:00:00,3,6.94
2017-10-03 07:00:00,3,9.34
2017-10-03 08:00:00,3,12.03
2017-10-03 09:00:00,3,16.07
2017-10-03 10:00:00,3,19.93
2017-10-03 11:00:00,3,24.66
2017-10-03 12:00:00,3,26.02
2017-10-03 13:00:00,3,24.59
2017-10-03 14:00:00,3,27.9
2017-10-03 15:00:00,3,24.55
2017-10-03 16:00:00,3,21.48
2017-10-03 17:00:00,3,21.87
2017-10-03 18:00:00,3,22.91
2017-10-03 19:00:00,3,21.89
2017-10-03 20:00:00,3,19.66
2017-10-03 21:00:00,3,17.69
2017-10-03 22:00:00,3,17.78
2017-10-03 23:00:00,3,17.82
2017-10-04 00:00:00,3,14.84
2017-10-04 01:00:00,3,11.93
2017-10-04 02:00:00,3,10.15
2017-10-04 03:00:00,3,7.72
2017-10-04 04:00:00,3,6.71
2017-10-04 05:00:00,3,6.57
2017-10-04 06:00:00,3,7.71
2017-10-04 07:00:00,3,8.83
2017-10-04 08:00:00,3,14.96
2017-10-04 09:00:00,3,19.95
2017-10-04 10:00:00,3,21.42
2017-10-04 11:00:00,3,24.45
2017-10-04 12:00:00,3,24.04
2017-10-04 13:00:00,3,22.48
2017-10-04 14:00:00,3,25.15
2017-10-04 15:00:00,3,23.94
2017-10-04 16:00:00,3,21.2
2017-10-04 17:00:00,3,23.22
2017-10-04 18:00:00,3,22.59
2017-10-04 19:00:00,3,21.04
2017-10-04 20:00:00,3,19.74
2017-10-04 21:00:00,3,18.42
2017-10-04 22:00:00,3,17.85
2017-10-04 23:00:00,3,17.26
2017-10-05 00:00:00,3,15.39
2017-10-05 01:00:00,3,11.74
2017-10-05 02:00:00,3,9.22
2017-10-05 03:00:00,3,7.11
2017-10-05 04:00:00,3,6.79
2017-10-05 05:00:00,3,6.19
2017-10-05 06:00:00,3,7.73
2017-10-05 07:00:00,3,7.71
2017-10-05 08:00:00,3,13.67
2017-10-05 09:00:00,3,16.23
2017-10-05 10:00:00,3,21.68
2017-10-05 11:00:00,3,24.07
2017-10-05 12:00:00,3,23.38
2017-10-05 13:00:00,3,21.64
2017-10-05 14:00:00,3,22.97
2017-10-05 15:00:00,3,23.9
2017-10-05 16:00:00,3,21.78
2017-10-05 17:00:00,3,22.68
2017-10-05 18:00:00,3,22.34
2017-10-05 19:00:00,3,20.09
2017-10-05 20:00:00,3,18.12
2017-10-05 21:00:00,3,17.93
2017-10-05 22:00:00,3,17.34
2017-10-05 23:00:00,3,16.59
2017-10-06 00:00:00,3,14.96
2017-10-06 01:00:00,3,11.42
2017-10-06 02:00:00,3,9.36
2017-10-06 03:00:00,3,7.43
2017-10-06 04:00:00,3,7.03
2017-10-06 05:00:00,3,6.34
2017-10-06 06:00:00,3,7.64
2017-10-06 07:00:00,3,8.24
2017-10-06 08:00:00,3,12.87
2017-10-06 09:00:00,3,15.0
2017-10-06 10:00:00,3,20.79
2017-10-06 11:00:00,3,23.46
2017-10-06 12:00:00,3,22.86
2017-10-06 13:00:00,3,21.97
2017-10-06 14:00:00,3,23.63
2017-10-06 15:00:00,3,28.52
2017-10-06 16:00:00,3,24.11
2017-10-06 17:00:00,3,23.98
2017-10-06 18:00:00,3,21.75
2017-10-06 19:00:00,3,19.09
2017-10-06 20:00:00,3,17.63
2017-10-06 21:00:00,3,17.02
2017-10-06 22:00:00,3,15.99
2017-10-06 23:00:00,3,15.01
2017-10-07 00:00:00,3,13.67
2017-10-07 01:00:00,3,9.74
2017-10-07 02:00:00,3,9.76
2017-10-07 03:00:00,3,7.04
2017-10-07 04:00:00,3,5.87
2017-10-07 05:00:00,3,5.17
2017-10-07 06:00:00,3,5.34
2017-10-07 07:00:00,3,7.38
2017-10-07 08:00:00,3,11.56
2017-10-07 09:00:00,3,16.46
2017-10-07 10:00:00,3,16.8
2017-10-07 11:00:00,3,17.69
2017-10-07 12:00:00,3,22.03
2017-10-07 13:00:00,3,15.91
2017-10-07 14:00:00,3,15.2
2017-10-07 15:00:00,3,14.17
2017-10-07 16:00:00,3,14.46
2017-10-07 17:00:00,3,16.14
2017-10-07 18:00:00,3,15.22
2017-10-07 19:00:00,3,14.85
2017-10-07 20:00:00,3,15.37
2017-10-07 21:00:00,3,14.99
2017-10-07 22:00:00,3,15.63
2017-10-07 23:00:00,3,15.53
2017-10-08 00:00:00,3,13.53
2017-10-08 01:00:00,3,7.73
2017-10-08 02:00:00,3,7.37
2017-10-08 03:00:00,3,7.49
2017-10-08 04:00:00,3,4.44
2017-10-08 05:00:00,3,4.82
2017-10-08 06:00:00,3,4.7
2017-10-08 07:00:00,3,5.91
2017-10-08 08:00:00,3,8.74
2017-10-08 09:00:00,3,10.33
2017-10-08 10:00:00,3,11.45
2017-10-08 11:00:00,3,10.99
2017-10-08 12:00:00,3,14.13
2017-10-08 13:00:00,3,13.07
2017-10-08 14:00:00,3,12.28
2017-10-08 15:00:00,3,11.96
2017-10-08 16:00:00,3,12.22
2017-10-08 17:00:00,3,12.39
2017-10-08 18:00:00,3,13.34
2017-10-08 19:00:00,3,11.48
2017-10-08 20:00:00,3,12.75
2017-10-08 21:00:00,3,12.35
2017-10-08 22:00:00,3,13.42
2017-10-08 23:00:00,3,12.09
2017-10-09 00:00:00,3,12.08
2017-10-09 01:00:00,3,9.47
2017-10-09 02:00:00,3,6.43
2017-10-09 03:00:00,3,7.51
2017-10-09 04:00:00,3,7.18
2017-10-09 05:00:00,3,7.1
2017-10-09 06:00:00,3,7.43
2017-10-09 07:00:00,3,8.31
2017-10-09 08:00:00,3,10.84
2017-10-09 09:00:00,3,15.12
2017-10-09 10:00:00,3,19.96
2017-10-09 11:00:00,3,23.85
2017-10-09 12:00:00,3,26.52
2017-10-09 13:00:00,3,26.31
2017-10-09 14:00:00,3,26.08
2017-10-09 15:00:00,3,35.13
2017-10-09 16:00:00,3,31.55
2017-10-09 17:00:00,3,27.74
2017-10-09 18:00:00,3,32.86
2017-10-09 19:00:00,3,25.17
2017-10-09 20:00:00,3,20.63
2017-10-09 21:00:00,3,20.26
2017-10-09 22:00:00,3,16.67
2017-10-09 23:00:00,3,17.41
2017-10-10 00:00:00,3,13.92
2017-10-10 01:00:00,3,10.0
2017-10-10 02:00:00,3,9.58
2017-10-10 03:00:00,3,9.01
2017-10-10 04:00:00,3,7.64
2017-10-10 05:00:00,3,6.68
2017-10-10 06:00:00,3,6.81
2017-10-10 07:00:00,3,8.19
2017-10-10 08:00:00,3,11.54
2017-10-10 09:00:00,3,16.9
2017-10-10 10:00:00,3,20.07
2017-10-10 11:00:00,3,22.99
2017-10-10 12:00:00,3,25.09
2017-10-10 13:00:00,3,25.46
2017-10-10 14:00:00,3,25.71
2017-10-10 15:00:00,3,36.82
2017-10-10 16:00:00,3,32.78
2017-10-10 17:00:00,3,28.56
2017-10-10 18:00:00,3,41.41
2017-10-10 19:00:00,3,32.16
2017-10-10 20:00:00,3,24.94
2017-10-10 21:00:00,3,21.51
2017-10-10 22:00:00,3,17.19
2017-10-10 23:00:00,3,17.54
2017-10-11 00:00:00,3,14.98
2017-10-11 01:00:00,3,10.93
2017-10-11 02:00:00,3,9.73
2017-10-11 03:00:00,3,9.01
2017-10-11 04:00:00,3,7.86
2017-10-11 05:00:00,3,7.11
2017-10-11 06:00:00,3,7.66
2017-10-11 07:00:00,3,9.14
2017-10-11 08:00:00,3,13.6
2017-10-11 09:00:00,3,20.87
2017-10-11 10:00:00,3,22.59
2017-10-11 11:00:00,3,25.03
2017-10-11 12:00:00,3,26.16
2017-10-11 13:00:00,3,25.76
2017-10-11 14:00:00,3,24.6
2017-10-11 15:00:00,3,31.76
2017-10-11 16:00:00,3,27.07
2017-10-11 17:00:00,3,27.84
2017-10-11 18:00:00,3,38.42
2017-10-11 19:00:00,3,28.68
2017-10-11 20:00:00,3,23.06
2017-10-11 21:00:00,3,21.48
2017-10-11 22:00:00,3,17.55
2017-10-11 23:00:00,3,17.39
2017-10-12 00:00:00,3,16.28
2017-10-12 01:00:00,3,10.66
2017-10-12 02:00:00,3,9.16
2017-10-12 03:00:00,3,8.15
2017-10-12 04:00:00,3,7.67
2017-10-12 05:00:00,3,7.56
2017-10-12 06:00:00,3,7.95
2017-10-12 07:00:00,3,9.14
2017-10-12 08:00:00,3,11.05
2017-10-12 09:00:00,3,15.9
2017-10-12 10:00:00,3,21.07
2017-10-12 11:00:00,3,23.19
2017-10-12 12:00:00,3,24.91
2017-10-12 13:00:00,3,23.4
2017-10-12 14:00:00,3,23.54
2017-10-12 15:00:00,3,32.67
2017-10-12 16:00:00,3,28.41
2017-10-12 17:00:00,3,28.2
2017-10-12 18:00:00,3,38.55
2017-10-12 19:00:00,3,26.1
2017-10-12 20:00:00,3,22.61
2017-10-12 21:00:00,3,21.69
2017-10-12 22:00:00,3,17.09
2017-10-12 23:00:00,3,16.9
2017-10-13 00:00:00,3,16.03
2017-10-13 01:00:00,3,9.92
2017-10-13 02:00:00,3,10.24
2017-10-13 03:00:00,3,8.92
2017-10-13 04:00:00,3,7.81
2017-10-13 05:00:00,3,7.6
2017-10-13 06:00:00,3,8.79
2017-10-13 07:00:00,3,9.71
2017-10-13 08:00:00,3,11.92
2017-10-13 09:00:00,3,15.0
2017-10-13 10:00:00,3,20.36
2017-10-13 11:00:00,3,22.8
2017-10-13 12:00:00,3,24.05
2017-10-13 13:00:00,3,23.29
2017-10-13 14:00:00,3,23.46
2017-10-13 15:00:00,3,31.53
2017-10-13 16:00:00,3,27.58
2017-10-13 17:00:00,3,29.6
2017-10-13 18:00:00,3,60.18
2017-10-13 19:00:00,3,43.6
2017-10-13 20:00:00,3,32.05
2017-10-13 21:00:00,3,30.81
2017-10-13 22:00:00,3,24.24
2017-10-13 23:00:00,3,23.23
2017-10-14 00:00:00,3,16.07
2017-10-14 01:00:00,3,10.35
2017-10-14 02:00:00,3,10.33
2017-10-14 03:00:00,3,8.64
2017-10-14 04:00:00,3,7.12
2017-10-14 05:00:00,3,6.8
2017-10-14 06:00:00,3,7.19
2017-10-14 07:00:00,3,7.94
2017-10-14 08:00:00,3,12.05
2017-10-14 09:00:00,3,16.65
2017-10-14 10:00:00,3,13.77
2017-10-14 11:00:00,3,13.25
2017-10-14 12:00:00,3,16.83
2017-10-14 13:00:00,3,12.5
2017-10-14 14:00:00,3,13.46
2017-10-14 15:00:00,3,13.63
2017-10-14 16:00:00,3,13.14
2017-10-14 17:00:00,3,13.29
2017-10-14 18:00:00,3,14.0
2017-10-14 19:00:00,3,16.58
2017-10-14 20:00:00,3,15.22
2017-10-14 21:00:00,3,16.98
2017-10-14 22:00:00,3,15.83
2017-10-14 23:00:00,3,15.89
2017-10-15 00:00:00,3,16.1
2017-10-15 01:00:00,3,9.3
2017-10-15 02:00:00,3,8.86
2017-10-15 03:00:00,3,7.3
2017-10-15 04:00:00,3,4.74
2017-10-15 05:00:00,3,4.52
2017-10-15 06:00:00,3,4.91
2017-10-15 07:00:00,3,5.25
2017-10-15 08:00:00,3,10.38
2017-10-15 09:00:00,3,11.51
2017-10-15 10:00:00,3,11.26
2017-10-15 11:00:00,3,10.27
2017-10-15 12:00:00,3,12.6
2017-10-15 13:00:00,3,11.99
2017-10-15 14:00:00,3,11.35
2017-10-15 15:00:00,3,11.51
2017-10-15 16:00:00,3,11.95
2017-10-15 17:00:00,3,11.74
2017-10-15 18:00:00,3,12.86
2017-10-15 19:00:00,3,14.05
2017-10-15 20:00:00,3,15.23
2017-10-15 21:00:00,3,13.06
2017-10-15 22:00:00,3,14.62
2017-10-15 23:00:00,3,15.28
2017-10-16 00:00:00,3,12.62
2017-10-16 01:00:00,3,10.69
2017-10-16 02:00:00,3,6.99
2017-10-16 03:00:00,3,6.17
2017-10-16 04:00:00,3,6.52
2017-10-16 05:00:00,3,7.98
2017-10-16 06:00:00,3,9.22
2017-10-16 07:00:00,3,8.03
2017-10-16 08:00:00,3,11.17
2017-10-16 09:00:00,3,13.32
2017-10-16 10:00:00,3,23.33
2017-10-16 11:00:00,3,26.18
2017-10-16 12:00:00,3,27.12
2017-10-16 13:00:00,3,25.39
2017-10-16 14:00:00,3,26.46
2017-10-16 15:00:00,3,25.8
2017-10-16 16:00:00,3,24.65
2017-10-16 17:00:00,3,26.06
2017-10-16 18:00:00,3,48.96
2017-10-16 19:00:00,3,37.38
2017-10-16 20:00:00,3,29.28
2017-10-16 21:00:00,3,28.07
2017-10-16 22:00:00,3,25.67
2017-10-16 23:00:00,3,23.42
2017-10-17 00:00:00,3,16.34
2017-10-17 01:00:00,3,11.98
2017-10-17 02:00:00,3,11.32
2017-10-17 03:00:00,3,7.18
2017-10-17 04:00:00,3,7.42
2017-10-17 05:00:00,3,8.18
2017-10-17 06:00:00,3,8.75
2017-10-17 07:00:00,3,9.21
2017-10-17 08:00:00,3,11.4
2017-10-17 09:00:00,3,14.99
2017-10-17 10:00:00,3,24.22
2017-10-17 11:00:00,3,26.19
2017-10-17 12:00:00,3,27.25
2017-10-17 13:00:00,3,25.55
2017-10-17 14:00:00,3,26.52
2017-10-17 15:00:00,3,25.81
2017-10-17 16:00:00,3,24.38
2017-10-17 17:00:00,3,25.51
2017-10-17 18:00:00,3,47.1
2017-10-17 19:00:00,3,37.68
2017-10-17 20:00:00,3,28.81
2017-10-17 21:00:00,3,27.43
2017-10-17 22:00:00,3,24.42
2017-10-17 23:00:00,3,22.43
2017-10-18 00:00:00,3,17.24
2017-10-18 01:00:00,3,12.44
2017-10-18 02:00:00,3,11.68
2017-10-18 03:00:00,3,7.83
2017-10-18 04:00:00,3,8.08
2017-10-18 05:00:00,3,8.62
2017-10-18 06:00:00,3,8.56
2017-10-18 07:00:00,3,9.61
2017-10-18 08:00:00,3,12.46
2017-10-18 09:00:00,3,18.78
2017-10-18 10:00:00,3,24.73
2017-10-18 11:00:00,3,27.04
2017-10-18 12:00:00,3,28.38
2017-10-18 13:00:00,3,25.5
2017-10-18 14:00:00,3,27.99
2017-10-18 15:00:00,3,27.41
2017-10-18 16:00:00,3,26.13
2017-10-18 17:00:00,3,26.34
2017-10-18 18:00:00,3,34.22
2017-10-18 19:00:00,3,24.87
2017-10-18 20:00:00,3,23.84
2017-10-18 21:00:00,3,25.59
2017-10-18 22:00:00,3,23.08
2017-10-18 23:00:00,3,21.06
2017-10-19 00:00:00,3,18.11
2017-10-19 01:00:00,3,12.8
2017-10-19 02:00:00,3,11.01
2017-10-19 03:00:00,3,7.05
2017-10-19 04:00:00,3,7.35
2017-10-19 05:00:00,3,8.67
2017-10-19 06:00:00,3,9.01
2017-10-19 07:00:00,3,9.1
2017-10-19 08:00:00,3,12.19
2017-10-19 09:00:00,3,16.46
2017-10-19 10:00:00,3,27.2
2017-10-19 11:00:00,3,28.11
2017-10-19 12:00:00,3,29.02
2017-10-19 13:00:00,3,25.64
2017-10-19 14:00:00,3,40.41
2017-10-19 15:00:00,3,45.29
2017-10-19 16:00:00,3,40.76
2017-10-19 17:00:00,3,37.58
2017-10-19 18:00:00,3,37.91
2017-10-19 19:00:00,3,30.42
2017-10-19 20:00:00,3,28.85
2017-10-19 21:00:00,3,30.1
2017-10-19 22:00:00,3,30.14
2017-10-19 23:00:00,3,27.75
2017-10-20 00:00:00,3,20.15
2017-10-20 01:00:00,3,13.59
2017-10-20 02:00:00,3,11.06
2017-10-20 03:00:00,3,6.67
2017-10-20 04:00:00,3,7.92
2017-10-20 05:00:00,3,8.96
2017-10-20 06:00:00,3,8.93
2017-10-20 07:00:00,3,11.29
2017-10-20 08:00:00,3,16.58
2017-10-20 09:00:00,3,18.53
2017-10-20 10:00:00,3,24.77
2017-10-20 11:00:00,3,25.46
2017-10-20 12:00:00,3,26.22
2017-10-20 13:00:00,3,23.23
2017-10-20 14:00:00,3,37.26
2017-10-20 15:00:00,3,40.84
2017-10-20 16:00:00,3,36.39
2017-10-20 17:00:00,3,32.22
2017-10-20 18:00:00,3,32.09
2017-10-20 19:00:00,3,27.13
2017-10-20 20:00:00,3,22.03
2017-10-20 21:00:00,3,22.24
2017-10-20 22:00:00,3,20.73
2017-10-20 23:00:00,3,21.06
2017-10-21 00:00:00,3,18.95
2017-10-21 01:00:00,3,12.68
2017-10-21 02:00:00,3,10.84
2017-10-21 03:00:00,3,7.8
2017-10-21 04:00:00,3,6.97
2017-10-21 05:00:00,3,6.57
2017-10-21 06:00:00,3,6.36
2017-10-21 07:00:00,3,9.41
2017-10-21 08:00:00,3,12.95
2017-10-21 09:00:00,3,16.3
2017-10-21 10:00:00,3,15.9
2017-10-21 11:00:00,3,15.6
2017-10-21 12:00:00,3,22.27
2017-10-21 13:00:00,3,17.11
2017-10-21 14:00:00,3,17.72
2017-10-21 15:00:00,3,17.5
2017-10-21 16:00:00,3,15.88
2017-10-21 17:00:00,3,16.96
2017-10-21 18:00:00,3,17.3
2017-10-21 19:00:00,3,19.39
2017-10-21 20:00:00,3,19.36
2017-10-21 21:00:00,3,20.66
2017-10-21 22:00:00,3,19.77
2017-10-21 23:00:00,3,18.75
2017-10-22 00:00:00,3,20.42
2017-10-22 01:00:00,3,11.8
2017-10-22 02:00:00,3,9.94
2017-10-22 03:00:00,3,8.13
2017-10-22 04:00:00,3,6.33
2017-10-22 05:00:00,3,6.18
2017-10-22 06:00:00,3,5.66
2017-10-22 07:00:00,3,5.77
2017-10-22 08:00:00,3,12.64
2017-10-22 09:00:00,3,13.51
2017-10-22 10:00:00,3,16.9
2017-10-22 11:00:00,3,17.77
2017-10-22 12:00:00,3,21.71
2017-10-22 13:00:00,3,19.59
2017-10-22 14:00:00,3,16.48
2017-10-22 15:00:00,3,16.23
2017-10-22 16:00:00,3,16.35
2017-10-22 17:00:00,3,15.46
2017-10-22 18:00:00,3,14.43
2017-10-22 19:00:00,3,12.75
2017-10-22 20:00:00,3,14.08
2017-10-22 21:00:00,3,13.51
2017-10-22 22:00:00,3,14.42
2017-10-22 23:00:00,3,14.4
2017-10-23 00:00:00,3,23.61
2017-10-23 01:00:00,3,12.34
2017-10-23 02:00:00,3,7.91
2017-10-23 03:00:00,3,5.5
2017-10-23 04:00:00,3,7.07
2017-10-23 05:00:00,3,7.63
2017-10-23 06:00:00,3,7.95
2017-10-23 07:00:00,3,9.66
2017-10-23 08:00:00,3,10.72
2017-10-23 09:00:00,3,15.27
2017-10-23 10:00:00,3,23.28
2017-10-23 11:00:00,3,24.23
2017-10-23 12:00:00,3,24.62
2017-10-23 13:00:00,3,23.19
2017-10-23 14:00:00,3,27.29
2017-10-23 15:00:00,3,26.72
2017-10-23 16:00:00,3,26.67
2017-10-23 17:00:00,3,25.18
2017-10-23 18:00:00,3,25.94
2017-10-23 19:00:00,3,25.67
2017-10-23 20:00:00,3,21.46
2017-10-23 21:00:00,3,22.73
2017-10-23 22:00:00,3,23.02
2017-10-23 23:00:00,3,23.32
2017-10-24 00:00:00,3,20.73
2017-10-24 01:00:00,3,13.38
2017-10-24 02:00:00,3,11.36
2017-10-24 03:00:00,3,6.84
2017-10-24 04:00:00,3,7.36
2017-10-24 05:00:00,3,6.71
2017-10-24 06:00:00,3,6.8
2017-10-24 07:00:00,3,9.82
2017-10-24 08:00:00,3,11.45
2017-10-24 09:00:00,3,17.68
2017-10-24 10:00:00,3,24.74
2017-10-24 11:00:00,3,29.17
2017-10-24 12:00:00,3,29.74
2017-10-24 13:00:00,3,28.21
2017-10-24 14:00:00,3,30.47
2017-10-24 15:00:00,3,28.72
2017-10-24 16:00:00,3,28.54
2017-10-24 17:00:00,3,27.2
2017-10-24 18:00:00,3,27.46
2017-10-24 19:00:00,3,26.85
2017-10-24 20:00:00,3,23.91
2017-10-24 21:00:00,3,24.34
2017-10-24 22:00:00,3,24.07
2017-10-24 23:00:00,3,23.45
2017-10-25 00:00:00,3,18.57
2017-10-25 01:00:00,3,13.38
2017-10-25 02:00:00,3,10.89
2017-10-25 03:00:00,3,7.61
2017-10-25 04:00:00,3,8.05
2017-10-25 05:00:00,3,7.72
2017-10-25 06:00:00,3,7.45
2017-10-25 07:00:00,3,8.41
2017-10-25 08:00:00,3,11.52
2017-10-25 09:00:00,3,18.78
2017-10-25 10:00:00,3,23.95
2017-10-25 11:00:00,3,26.64
2017-10-25 12:00:00,3,26.63
2017-10-25 13:00:00,3,24.35
2017-10-25 14:00:00,3,29.16
2017-10-25 15:00:00,3,28.78
2017-10-25 16:00:00,3,27.82
2017-10-25 17:00:00,3,27.62
2017-10-25 18:00:00,3,27.85
2017-10-25 19:00:00,3,27.13
2017-10-25 20:00:00,3,23.3
2017-10-25 21:00:00,3,23.5
2017-10-25 22:00:00,3,22.77
2017-10-25 23:00:00,3,23.24
2017-10-26 00:00:00,3,16.39
2017-10-26 01:00:00,3,13.35
2017-10-26 02:00:00,3,10.8
2017-10-26 03:00:00,3,7.14
2017-10-26 04:00:00,3,7.52
2017-10-26 05:00:00,3,7.63
2017-10-26 06:00:00,3,7.38
2017-10-26 07:00:00,3,8.65
2017-10-26 08:00:00,3,12.28
2017-10-26 09:00:00,3,16.54
2017-10-26 10:00:00,3,25.67
2017-10-26 11:00:00,3,28.43
2017-10-26 12:00:00,3,27.55
2017-10-26 13:00:00,3,23.68
2017-10-26 14:00:00,3,30.34
2017-10-26 15:00:00,3,30.1
2017-10-26 16:00:00,3,29.69
2017-10-26 17:00:00,3,27.59
2017-10-26 18:00:00,3,27.94
2017-10-26 19:00:00,3,26.79
2017-10-26 20:00:00,3,23.54
2017-10-26 21:00:00,3,22.92
2017-10-26 22:00:00,3,23.1
2017-10-26 23:00:00,3,24.03
2017-10-27 00:00:00,3,16.06
2017-10-27 01:00:00,3,13.04
2017-10-27 02:00:00,3,10.28
2017-10-27 03:00:00,3,6.96
2017-10-27 04:00:00,3,7.24
2017-10-27 05:00:00,3,7.89
2017-10-27 06:00:00,3,7.6
2017-10-27 07:00:00,3,9.79
2017-10-27 08:00:00,3,12.2
2017-10-27 09:00:00,3,14.79
2017-10-27 10:00:00,3,25.73
2017-10-27 11:00:00,3,31.1
2017-10-27 12:00:00,3,29.55
2017-10-27 13:00:00,3,27.27
2017-10-27 14:00:00,3,34.43
2017-10-27 15:00:00,3,33.53
2017-10-27 16:00:00,3,33.17
2017-10-27 17:00:00,3,32.44
2017-10-27 18:00:00,3,31.11
2017-10-27 19:00:00,3,28.27
2017-10-27 20:00:00,3,24.04
2017-10-27 21:00:00,3,22.44
2017-10-27 22:00:00,3,22.68
2017-10-27 23:00:00,3,24.12
2017-10-28 00:00:00,3,15.86
2017-10-28 01:00:00,3,11.46
2017-10-28 02:00:00,3,10.0
2017-10-28 03:00:00,3,7.61
2017-10-28 04:00:00,3,7.1
2017-10-28 05:00:00,3,7.01
2017-10-28 06:00:00,3,6.82
2017-10-28 07:00:00,3,8.59
2017-10-28 08:00:00,3,9.66
2017-10-28 09:00:00,3,13.94
2017-10-28 10:00:00,3,16.4
2017-10-28 11:00:00,3,17.44
2017-10-28 12:00:00,3,19.72
2017-10-28 13:00:00,3,17.82
2017-10-28 14:00:00,3,16.34
2017-10-28 15:00:00,3,16.07
2017-10-28 16:00:00,3,15.29
2017-10-28 17:00:00,3,15.75
2017-10-28 18:00:00,3,17.85
2017-10-28 19:00:00,3,19.47
2017-10-28 20:00:00,3,19.58
2017-10-28 21:00:00,3,20.84
2017-10-28 22:00:00,3,20.41
2017-10-28 23:00:00,3,19.27
2017-10-29 00:00:00,3,17.8
2017-10-29 01:00:00,3,10.65
2017-10-29 02:00:00,3,10.34
2017-10-29 03:00:00,3,8.12
2017-10-29 04:00:00,3,7.09
2017-10-29 05:00:00,3,6.66
2017-10-29 06:00:00,3,6.31
2017-10-29 07:00:00,3,5.74
2017-10-29 08:00:00,3,10.08
2017-10-29 09:00:00,3,12.13
2017-10-29 10:00:00,3,17.06
2017-10-29 11:00:00,3,18.46
2017-10-29 12:00:00,3,20.42
2017-10-29 13:00:00,3,18.25
2017-10-29 14:00:00,3,14.27
2017-10-29 15:00:00,3,14.04
2017-10-29 16:00:00,3,14.51
2017-10-29 17:00:00,3,14.39
2017-10-29 18:00:00,3,13.79
2017-10-29 19:00:00,3,12.1
2017-10-29 20:00:00,3,13.65
2017-10-29 21:00:00,3,13.12
2017-10-29 22:00:00,3,14.28
2017-10-29 23:00:00,3,14.41
2017-10-30 00:00:00,3,13.14
2017-10-30 01:00:00,3,11.71
2017-10-30 02:00:00,3,8.79
2017-10-30 03:00:00,3,5.91
2017-10-30 04:00:00,3,7.02
2017-10-30 05:00:00,3,6.87
2017-10-30 06:00:00,3,7.47
2017-10-30 07:00:00,3,10.68
2017-10-30 08:00:00,3,10.82
2017-10-30 09:00:00,3,16.31
2017-10-30 10:00:00,3,24.49
2017-10-30 11:00:00,3,27.58
2017-10-30 12:00:00,3,29.41
2017-10-30 13:00:00,3,28.54
2017-10-30 14:00:00,3,33.42
2017-10-30 15:00:00,3,31.76
2017-10-30 16:00:00,3,31.31
2017-10-30 17:00:00,3,31.7
2017-10-30 18:00:00,3,31.07
2017-10-30 19:00:00,3,28.98
2017-10-30 20:00:00,3,26.68
2017-10-30 21:00:00,3,25.66
2017-10-30 22:00:00,3,25.45
2017-10-30 23:00:00,3,29.16
2017-10-31 00:00:00,3,15.42
2017-10-31 01:00:00,3,12.57
2017-10-31 02:00:00,3,10.87
2017-10-31 03:00:00,3,7.28
2017-10-31 04:00:00,3,7.43
2017-10-31 05:00:00,3,7.39
2017-10-31 06:00:00,3,8.22
2017-10-31 07:00:00,3,11.07
2017-10-31 08:00:00,3,11.85
2017-10-31 09:00:00,3,16.43
2017-10-31 10:00:00,3,25.34
2017-10-31 11:00:00,3,31.63
2017-10-31 12:00:00,3,32.49
2017-10-31 13:00:00,3,32.0
2017-10-31 14:00:00,3,34.83
2017-10-31 15:00:00,3,32.46
2017-10-31 16:00:00,3,32.19
2017-10-31 17:00:00,3,32.5
2017-10-31 18:00:00,3,31.39
2017-10-31 19:00:00,3,28.79
2017-10-31 20:00:00,3,27.27
2017-10-31 21:00:00,3,25.75
2017-10-31 22:00:00,3,25.72
2017-10-31 23:00:00,3,28.97
2017-07-01 00:00:00,4,7.34
2017-07-01 01:00:00,4,6.77
2017-07-01 02:00:00,4,4.28
2017-07-01 03:00:00,4,4.41
2017-07-01 04:00:00,4,4.06
2017-07-01 05:00:00,4,3.51
2017-07-01 06:00:00,4,4.79
2017-07-01 07:00:00,4,5.65
2017-07-01 08:00:00,4,5.63
2017-07-01 09:00:00,4,5.52
2017-07-01 10:00:00,4,10.08
2017-07-01 11:00:00,4,8.56
2017-07-01 12:00:00,4,9.21
2017-07-01 13:00:00,4,10.3
2017-07-01 14:00:00,4,8.67
2017-07-01 15:00:00,4,9.11
2017-07-01 16:00:00,4,8.63
2017-07-01 17:00:00,4,8.31
2017-07-01 18:00:00,4,7.11
2017-07-01 19:00:00,4,6.99
2017-07-01 20:00:00,4,8.49
2017-07-01 21:00:00,4,8.67
2017-07-01 22:00:00,4,8.54
2017-07-01 23:00:00,4,9.67
2017-07-02 00:00:00,4,7.19
2017-07-02 01:00:00,4,6.39
2017-07-02 02:00:00,4,4.86
2017-07-02 03:00:00,4,4.11
2017-07-02 04:00:00,4,3.65
2017-07-02 05:00:00,4,3.1
2017-07-02 06:00:00,4,4.06
2017-07-02 07:00:00,4,4.63
2017-07-02 08:00:00,4,5.86
2017-07-02 09:00:00,4,6.27
2017-07-02 10:00:00,4,7.67
2017-07-02 11:00:00,4,7.29
2017-07-02 12:00:00,4,7.76
2017-07-02 13:00:00,4,8.02
2017-07-02 14:00:00,4,7.43
2017-07-02 15:00:00,4,7.45
2017-07-02 16:00:00,4,7.65
2017-07-02 17:00:00,4,7.76
2017-07-02 18:00:00,4,7.77
2017-07-02 19:00:00,4,5.95
2017-07-02 20:00:00,4,6.65
2017-07-02 21:00:00,4,6.45
2017-07-02 22:00:00,4,5.36
2017-07-02 23:00:00,4,7.08
2017-07-03 00:00:00,4,7.89
2017-07-03 01:00:00,4,5.69
2017-07-03 02:00:00,4,5.13
2017-07-03 03:00:00,4,4.97
2017-07-03 04:00:00,4,3.94
2017-07-03 05:00:00,4,4.46
2017-07-03 06:00:00,4,4.0
2017-07-03 07:00:00,4,5.47
2017-07-03 08:00:00,4,6.23
2017-07-03 09:00:00,4,6.52
2017-07-03 10:00:00,4,10.66
2017-07-03 11:00:00,4,12.66
2017-07-03 12:00:00,4,13.33
2017-07-03 13:00:00,4,11.14
2017-07-03 14:00:00,4,11.48
2017-07-03 15:00:00,4,11.13
2017-07-03 16:00:00,4,10.91
2017-07-03 17:00:00,4,10.57
2017-07-03 18:00:00,4,10.14
2017-07-03 19:00:00,4,8.79
2017-07-03 20:00:00,4,10.26
2017-07-03 21:00:00,4,11.25
2017-07-03 22:00:00,4,9.45
2017-07-03 23:00:00,4,9.49
2017-07-04 00:00:00,4,7.57
2017-07-04 01:00:00,4,6.5
2017-07-04 02:00:00,4,4.94
2017-07-04 03:00:00,4,4.75
2017-07-04 04:00:00,4,3.45
2017-07-04 05:00:00,4,4.39
2017-07-04 06:00:00,4,3.44
2017-07-04 07:00:00,4,5.1
2017-07-04 08:00:00,4,5.7
2017-07-04 09:00:00,4,7.88
2017-07-04 10:00:00,4,11.23
2017-07-04 11:00:00,4,13.49
2017-07-04 12:00:00,4,17.65
2017-07-04 13:00:00,4,11.38
2017-07-04 14:00:00,4,11.72
2017-07-04 15:00:00,4,11.05
2017-07-04 16:00:00,4,10.12
2017-07-04 17:00:00,4,11.02
2017-07-04 18:00:00,4,9.1
2017-07-04 19:00:00,4,7.37
2017-07-04 20:00:00,4,9.44
2017-07-04 21:00:00,4,8.97
2017-07-04 22:00:00,4,7.91
2017-07-04 23:00:00,4,7.53
2017-07-05 00:00:00,4,7.28
2017-07-05 01:00:00,4,7.24
2017-07-05 02:00:00,4,5.6
2017-07-05 03:00:00,4,5.5
2017-07-05 04:00:00,4,4.18
2017-07-05 05:00:00,4,4.52
2017-07-05 06:00:00,4,3.55
2017-07-05 07:00:00,4,5.01
2017-07-05 08:00:00,4,6.21
2017-07-05 09:00:00,4,7.74
2017-07-05 10:00:00,4,10.87
2017-07-05 11:00:00,4,12.51
2017-07-05 12:00:00,4,16.64
2017-07-05 13:00:00,4,10.68
2017-07-05 14:00:00,4,10.84
2017-07-05 15:00:00,4,10.48
2017-07-05 16:00:00,4,10.27
2017-07-05 17:00:00,4,10.5
2017-07-05 18:00:00,4,8.55
2017-07-05 19:00:00,4,8.16
2017-07-05 20:00:00,4,8.96
2017-07-05 21:00:00,4,8.56
2017-07-05 22:00:00,4,7.24
2017-07-05 23:00:00,4,7.57
2017-07-06 00:00:00,4,7.22
2017-07-06 01:00:00,4,7.58
2017-07-06 02:00:00,4,5.43
2017-07-06 03:00:00,4,5.97
2017-07-06 04:00:00,4,4.82
2017-07-06 05:00:00,4,4.42
2017-07-06 06:00:00,4,3.47
2017-07-06 07:00:00,4,5.24
2017-07-06 08:00:00,4,5.92
2017-07-06 09:00:00,4,9.54
2017-07-06 10:00:00,4,10.7
2017-07-06 11:00:00,4,12.06
2017-07-06 12:00:00,4,15.33
2017-07-06 13:00:00,4,11.52
2017-07-06 14:00:00,4,11.98
2017-07-06 15:00:00,4,13.06
2017-07-06 16:00:00,4,10.41
2017-07-06 17:00:00,4,10.91
2017-07-06 18:00:00,4,7.65
2017-07-06 19:00:00,4,8.39
2017-07-06 20:00:00,4,8.85
2017-07-06 21:00:00,4,8.8
2017-07-06 22:00:00,4,7.23
2017-07-06 23:00:00,4,8.03
2017-07-07 00:00:00,4,5.85
2017-07-07 01:00:00,4,6.64
2017-07-07 02:00:00,4,5.12
2017-07-07 03:00:00,4,4.97
2017-07-07 04:00:00,4,4.67
2017-07-07 05:00:00,4,4.18
2017-07-07 06:00:00,4,3.97
2017-07-07 07:00:00,4,5.24
2017-07-07 08:00:00,4,4.68
2017-07-07 09:00:00,4,7.03
2017-07-07 10:00:00,4,9.12
2017-07-07 11:00:00,4,10.45
2017-07-07 12:00:00,4,10.1
2017-07-07 13:00:00,4,9.75
2017-07-07 14:00:00,4,11.44
2017-07-07 15:00:00,4,13.06
2017-07-07 16:00:00,4,10.77
2017-07-07 17:00:00,4,9.96
2017-07-07 18:00:00,4,7.72
2017-07-07 19:00:00,4,9.37
2017-07-07 20:00:00,4,10.42
2017-07-07 21:00:00,4,9.42
2017-07-07 22:00:00,4,8.21
2017-07-07 23:00:00,4,8.61
2017-07-08 00:00:00,4,6.28
2017-07-08 01:00:00,4,7.07
2017-07-08 02:00:00,4,4.7
2017-07-08 03:00:00,4,3.74
2017-07-08 04:00:00,4,4.1
2017-07-08 05:00:00,4,2.88
2017-07-08 06:00:00,4,4.42
2017-07-08 07:00:00,4,4.1
2017-07-08 08:00:00,4,4.22
2017-07-08 09:00:00,4,7.02
2017-07-08 10:00:00,4,7.55
2017-07-08 11:00:00,4,7.43
2017-07-08 12:00:00,4,6.42
2017-07-08 13:00:00,4,10.54
2017-07-08 14:00:00,4,11.6
2017-07-08 15:00:00,4,10.42
2017-07-08 16:00:00,4,9.08
2017-07-08 17:00:00,4,8.66
2017-07-08 18:00:00,4,7.73
2017-07-08 19:00:00,4,10.01
2017-07-08 20:00:00,4,9.08
2017-07-08 21:00:00,4,9.29
2017-07-08 22:00:00,4,10.02
2017-07-08 23:00:00,4,10.89
2017-07-09 00:00:00,4,6.45
2017-07-09 01:00:00,4,5.99
2017-07-09 02:00:00,4,5.02
2017-07-09 03:00:00,4,3.8
2017-07-09 04:00:00,4,4.16
2017-07-09 05:00:00,4,3.31
2017-07-09 06:00:00,4,4.65
2017-07-09 07:00:00,4,4.26
2017-07-09 08:00:00,4,4.93
2017-07-09 09:00:00,4,7.03
2017-07-09 10:00:00,4,6.73
2017-07-09 11:00:00,4,7.09
2017-07-09 12:00:00,4,7.13
2017-07-09 13:00:00,4,7.45
2017-07-09 14:00:00,4,7.27
2017-07-09 15:00:00,4,7.69
2017-07-09 16:00:00,4,8.37
2017-07-09 17:00:00,4,8.35
2017-07-09 18:00:00,4,8.42
2017-07-09 19:00:00,4,9.26
2017-07-09 20:00:00,4,8.67
2017-07-09 21:00:00,4,7.96
2017-07-09 22:00:00,4,7.21
2017-07-09 23:00:00,4,7.68
2017-07-10 00:00:00,4,5.64
2017-07-10 01:00:00,4,5.61
2017-07-10 02:00:00,4,4.19
2017-07-10 03:00:00,4,4.05
2017-07-10 04:00:00,4,3.8
2017-07-10 05:00:00,4,3.78
2017-07-10 06:00:00,4,3.06
2017-07-10 07:00:00,4,4.2
2017-07-10 08:00:00,4,4.62
2017-07-10 09:00:00,4,5.9
2017-07-10 10:00:00,4,7.47
2017-07-10 11:00:00,4,10.94
2017-07-10 12:00:00,4,11.86
2017-07-10 13:00:00,4,9.2
2017-07-10 14:00:00,4,12.04
2017-07-10 15:00:00,4,11.26
2017-07-10 16:00:00,4,13.12
2017-07-10 17:00:00,4,10.99
2017-07-10 18:00:00,4,9.27
2017-07-10 19:00:00,4,8.02
2017-07-10 20:00:00,4,7.8
2017-07-10 21:00:00,4,8.08
2017-07-10 22:00:00,4,8.56
2017-07-10 23:00:00,4,7.78
2017-07-11 00:00:00,4,6.32
2017-07-11 01:00:00,4,7.08
2017-07-11 02:00:00,4,4.27
2017-07-11 03:00:00,4,4.1
2017-07-11 04:00:00,4,3.37
2017-07-11 05:00:00,4,4.07
2017-07-11 06:00:00,4,3.61
2017-07-11 07:00:00,4,5.34
2017-07-11 08:00:00,4,5.07
2017-07-11 09:00:00,4,6.51
2017-07-11 10:00:00,4,7.64
2017-07-11 11:00:00,4,10.86
2017-07-11 12:00:00,4,12.18
2017-07-11 13:00:00,4,9.59
2017-07-11 14:00:00,4,11.96
2017-07-11 15:00:00,4,11.02
2017-07-11 16:00:00,4,13.07
2017-07-11 17:00:00,4,11.54
2017-07-11 18:00:00,4,11.66
2017-07-11 19:00:00,4,10.64
2017-07-11 20:00:00,4,8.36
2017-07-11 21:00:00,4,8.49
2017-07-11 22:00:00,4,9.15
2017-07-11 23:00:00,4,7.7
2017-07-12 00:00:00,4,6.23
2017-07-12 01:00:00,4,6.82
2017-07-12 02:00:00,4,4.89
2017-07-12 03:00:00,4,4.18
2017-07-12 04:00:00,4,3.65
2017-07-12 05:00:00,4,3.98
2017-07-12 06:00:00,4,3.66
2017-07-12 07:00:00,4,5.27
2017-07-12 08:00:00,4,5.93
2017-07-12 09:00:00,4,6.73
2017-07-12 10:00:00,4,7.25
2017-07-12 11:00:00,4,11.25
2017-07-12 12:00:00,4,12.8
2017-07-12 13:00:00,4,12.33
2017-07-12 14:00:00,4,13.36
2017-07-12 15:00:00,4,11.66
2017-07-12 16:00:00,4,11.4
2017-07-12 17:00:00,4,10.77
2017-07-12 18:00:00,4,10.83
2017-07-12 19:00:00,4,11.72
2017-07-12 20:00:00,4,10.67
2017-07-12 21:00:00,4,9.99
2017-07-12 22:00:00,4,8.82
2017-07-12 23:00:00,4,8.29
2017-07-13 00:00:00,4,8.24
2017-07-13 01:00:00,4,6.41
2017-07-13 02:00:00,4,5.31
2017-07-13 03:00:00,4,5.3
2017-07-13 04:00:00,4,4.83
2017-07-13 05:00:00,4,5.28
2017-07-13 06:00:00,4,4.72
2017-07-13 07:00:00,4,4.76
2017-07-13 08:00:00,4,6.0
2017-07-13 09:00:00,4,10.07
2017-07-13 10:00:00,4,8.04
2017-07-13 11:00:00,4,11.29
2017-07-13 12:00:00,4,11.03
2017-07-13 13:00:00,4,12.46
2017-07-13 14:00:00,4,12.38
2017-07-13 15:00:00,4,12.67
2017-07-13 16:00:00,4,9.84
2017-07-13 17:00:00,4,9.79
2017-07-13 18:00:00,4,9.59
2017-07-13 19:00:00,4,10.32
2017-07-13 20:00:00,4,8.67
2017-07-13 21:00:00,4,7.72
2017-07-13 22:00:00,4,7.52
2017-07-13 23:00:00,4,7.21
2017-07-14 00:00:00,4,6.12
2017-07-14 01:00:00,4,4.12
2017-07-14 02:00:00,4,5.14
2017-07-14 03:00:00,4,5.17
2017-07-14 04:00:00,4,4.57
2017-07-14 05:00:00,4,4.93
2017-07-14 06:00:00,4,4.58
2017-07-14 07:00:00,4,3.48
2017-07-14 08:00:00,4,5.5
2017-07-14 09:00:00,4,8.25
2017-07-14 10:00:00,4,8.25
2017-07-14 11:00:00,4,10.82
2017-07-14 12:00:00,4,11.13
2017-07-14 13:00:00,4,14.28
2017-07-14 14:00:00,4,12.83
2017-07-14 15:00:00,4,15.41
2017-07-14 16:00:00,4,12.66
2017-07-14 17:00:00,4,11.51
2017-07-14 18:00:00,4,11.72
2017-07-14 19:00:00,4,15.04
2017-07-14 20:00:00,4,15.64
2017-07-14 21:00:00,4,11.06
2017-07-14 22:00:00,4,9.93
2017-07-14 23:00:00,4,8.01
2017-07-15 00:00:00,4,6.45
2017-07-15 01:00:00,4,4.21
2017-07-15 02:00:00,4,5.47
2017-07-15 03:00:00,4,4.16
2017-07-15 04:00:00,4,4.16
2017-07-15 05:00:00,4,4.37
2017-07-15 06:00:00,4,4.48
2017-07-15 07:00:00,4,3.94
2017-07-15 08:00:00,4,4.73
2017-07-15 09:00:00,4,6.3
2017-07-15 10:00:00,4,6.81
2017-07-15 11:00:00,4,6.02
2017-07-15 12:00:00,4,7.79
2017-07-15 13:00:00,4,6.16
2017-07-15 14:00:00,4,7.39
2017-07-15 15:00:00,4,6.89
2017-07-15 16:00:00,4,7.46
2017-07-15 17:00:00,4,7.74
2017-07-15 18:00:00,4,7.18
2017-07-15 19:00:00,4,8.43
2017-07-15 20:00:00,4,10.85
2017-07-15 21:00:00,4,10.76
2017-07-15 22:00:00,4,11.99
2017-07-15 23:00:00,4,11.24
2017-07-16 00:00:00,4,7.55
2017-07-16 01:00:00,4,3.71
2017-07-16 02:00:00,4,4.83
2017-07-16 03:00:00,4,3.98
2017-07-16 04:00:00,4,3.73
2017-07-16 05:00:00,4,3.75
2017-07-16 06:00:00,4,4.28
2017-07-16 07:00:00,4,4.16
2017-07-16 08:00:00,4,4.24
2017-07-16 09:00:00,4,6.65
2017-07-16 10:00:00,4,7.38
2017-07-16 11:00:00,4,6.16
2017-07-16 12:00:00,4,8.02
2017-07-16 13:00:00,4,7.49
2017-07-16 14:00:00,4,7.99
2017-07-16 15:00:00,4,7.78
2017-07-16 16:00:00,4,8.31
2017-07-16 17:00:00,4,8.48
2017-07-16 18:00:00,4,8.37
2017-07-16 19:00:00,4,9.32
2017-07-16 20:00:00,4,9.11
2017-07-16 21:00:00,4,8.38
2017-07-16 22:00:00,4,8.6
2017-07-16 23:00:00,4,8.94
2017-07-17 00:00:00,4,7.17
2017-07-17 01:00:00,4,4.51
2017-07-17 02:00:00,4,4.89
2017-07-17 03:00:00,4,5.03
2017-07-17 04:00:00,4,4.78
2017-07-17 05:00:00,4,4.58
2017-07-17 06:00:00,4,3.62
2017-07-17 07:00:00,4,4.9
2017-07-17 08:00:00,4,5.52
2017-07-17 09:00:00,4,5.43
2017-07-17 10:00:00,4,7.21
2017-07-17 11:00:00,4,9.29
2017-07-17 12:00:00,4,10.35
2017-07-17 13:00:00,4,8.76
2017-07-17 14:00:00,4,11.28
2017-07-17 15:00:00,4,12.41
2017-07-17 16:00:00,4,11.74
2017-07-17 17:00:00,4,10.85
2017-07-17 18:00:00,4,8.37
2017-07-17 19:00:00,4,9.08
2017-07-17 20:00:00,4,8.2
2017-07-17 21:00:00,4,8.05
2017-07-17 22:00:00,4,9.62
2017-07-17 23:00:00,4,6.98
2017-07-18 00:00:00,4,8.02
2017-07-18 01:00:00,4,4.88
2017-07-18 02:00:00,4,5.43
2017-07-18 03:00:00,4,4.78
2017-07-18 04:00:00,4,4.56
2017-07-18 05:00:00,4,3.9
2017-07-18 06:00:00,4,4.04
2017-07-18 07:00:00,4,4.99
2017-07-18 08:00:00,4,5.26
2017-07-18 09:00:00,4,5.53
2017-07-18 10:00:00,4,7.65
2017-07-18 11:00:00,4,9.4
2017-07-18 12:00:00,4,10.19
2017-07-18 13:00:00,4,9.21
2017-07-18 14:00:00,4,10.19
2017-07-18 15:00:00,4,12.53
2017-07-18 16:00:00,4,10.07
2017-07-18 17:00:00,4,10.62
2017-07-18 18:00:00,4,9.82
2017-07-18 19:00:00,4,9.8
2017-07-18 20:00:00,4,9.82
2017-07-18 21:00:00,4,8.6
2017-07-18 22:00:00,4,10.51
2017-07-18 23:00:00,4,7.59
2017-07-19 00:00:00,4,7.55
2017-07-19 01:00:00,4,4.75
2017-07-19 02:00:00,4,5.86
2017-07-19 03:00:00,4,4.49
2017-07-19 04:00:00,4,4.24
2017-07-19 05:00:00,4,3.73
2017-07-19 06:00:00,4,4.12
2017-07-19 07:00:00,4,4.29
2017-07-19 08:00:00,4,6.3
2017-07-19 09:00:00,4,6.09
2017-07-19 10:00:00,4,7.57
2017-07-19 11:00:00,4,9.38
2017-07-19 12:00:00,4,11.74
2017-07-19 13:00:00,4,9.75
2017-07-19 14:00:00,4,10.63
2017-07-19 15:00:00,4,11.81
2017-07-19 16:00:00,4,10.01
2017-07-19 17:00:00,4,10.28
2017-07-19 18:00:00,4,9.77
2017-07-19 19:00:00,4,10.44
2017-07-19 20:00:00,4,12.01
2017-07-19 21:00:00,4,11.32
2017-07-19 22:00:00,4,11.14
2017-07-19 23:00:00,4,8.97
2017-07-20 00:00:00,4,8.65
2017-07-20 01:00:00,4,5.77
2017-07-20 02:00:00,4,5.94
2017-07-20 03:00:00,4,4.48
2017-07-20 04:00:00,4,5.25
2017-07-20 05:00:00,4,4.76
2017-07-20 06:00:00,4,5.02
2017-07-20 07:00:00,4,4.53
2017-07-20 08:00:00,4,7.06
2017-07-20 09:00:00,4,9.33
2017-07-20 10:00:00,4,9.0
2017-07-20 11:00:00,4,10.22
2017-07-20 12:00:00,4,10.94
2017-07-20 13:00:00,4,9.92
2017-07-20 14:00:00,4,9.72
2017-07-20 15:00:00,4,13.66
2017-07-20 16:00:00,4,11.68
2017-07-20 17:00:00,4,11.7
2017-07-20 18:00:00,4,10.45
2017-07-20 19:00:00,4,11.23
2017-07-20 20:00:00,4,11.08
2017-07-20 21:00:00,4,9.38
2017-07-20 22:00:00,4,9.74
2017-07-20 23:00:00,4,8.77
2017-07-21 00:00:00,4,6.51
2017-07-21 01:00:00,4,5.53
2017-07-21 02:00:00,4,5.89
2017-07-21 03:00:00,4,3.54
2017-07-21 04:00:00,4,4.67
2017-07-21 05:00:00,4,4.06
2017-07-21 06:00:00,4,4.78
2017-07-21 07:00:00,4,4.18
2017-07-21 08:00:00,4,6.16
2017-07-21 09:00:00,4,7.54
2017-07-21 10:00:00,4,9.03
2017-07-21 11:00:00,4,8.87
2017-07-21 12:00:00,4,11.6
2017-07-21 13:00:00,4,11.37
2017-07-21 14:00:00,4,11.04
2017-07-21 15:00:00,4,16.76
2017-07-21 16:00:00,4,15.02
2017-07-21 17:00:00,4,13.7
2017-07-21 18:00:00,4,13.51
2017-07-21 19:00:00,4,16.46
2017-07-21 20:00:00,4,16.85
2017-07-21 21:00:00,4,11.92
2017-07-21 22:00:00,4,11.58
2017-07-21 23:00:00,4,10.16
2017-07-22 00:00:00,4,7.68
2017-07-22 01:00:00,4,6.23
2017-07-22 02:00:00,4,4.49
2017-07-22 03:00:00,4,3.88
2017-07-22 04:00:00,4,4.53
2017-07-22 05:00:00,4,4.56
2017-07-22 06:00:00,4,5.01
2017-07-22 07:00:00,4,4.6
2017-07-22 08:00:00,4,4.94
2017-07-22 09:00:00,4,6.24
2017-07-22 10:00:00,4,10.29
2017-07-22 11:00:00,4,10.31
2017-07-22 12:00:00,4,11.61
2017-07-22 13:00:00,4,8.67
2017-07-22 14:00:00,4,12.45
2017-07-22 15:00:00,4,11.11
2017-07-22 16:00:00,4,8.35
2017-07-22 17:00:00,4,8.97
2017-07-22 18:00:00,4,8.56
2017-07-22 19:00:00,4,9.44
2017-07-22 20:00:00,4,9.71
2017-07-22 21:00:00,4,9.28
2017-07-22 22:00:00,4,8.87
2017-07-22 23:00:00,4,7.62
2017-07-23 00:00:00,4,7.69
2017-07-23 01:00:00,4,4.84
2017-07-23 02:00:00,4,5.15
2017-07-23 03:00:00,4,4.54
2017-07-23 04:00:00,4,4.35
2017-07-23 05:00:00,4,4.0
2017-07-23 06:00:00,4,4.88
2017-07-23 07:00:00,4,5.08
2017-07-23 08:00:00,4,4.64
2017-07-23 09:00:00,4,6.75
2017-07-23 10:00:00,4,6.66
2017-07-23 11:00:00,4,7.66
2017-07-23 12:00:00,4,7.39
2017-07-23 13:00:00,4,6.98
2017-07-23 14:00:00,4,7.79
2017-07-23 15:00:00,4,7.52
2017-07-23 16:00:00,4,6.97
2017-07-23 17:00:00,4,6.67
2017-07-23 18:00:00,4,6.51
2017-07-23 19:00:00,4,7.33
2017-07-23 20:00:00,4,8.11
2017-07-23 21:00:00,4,8.04
2017-07-23 22:00:00,4,8.7
2017-07-23 23:00:00,4,6.8
2017-07-24 00:00:00,4,6.81
2017-07-24 01:00:00,4,4.66
2017-07-24 02:00:00,4,5.16
2017-07-24 03:00:00,4,4.16
2017-07-24 04:00:00,4,3.2
2017-07-24 05:00:00,4,4.38
2017-07-24 06:00:00,4,3.97
2017-07-24 07:00:00,4,5.48
2017-07-24 08:00:00,4,4.54
2017-07-24 09:00:00,4,5.24
2017-07-24 10:00:00,4,9.72
2017-07-24 11:00:00,4,9.55
2017-07-24 12:00:00,4,12.35
2017-07-24 13:00:00,4,10.98
2017-07-24 14:00:00,4,10.64
2017-07-24 15:00:00,4,11.99
2017-07-24 16:00:00,4,11.27
2017-07-24 17:00:00,4,12.12
2017-07-24 18:00:00,4,11.67
2017-07-24 19:00:00,4,11.4
2017-07-24 20:00:00,4,9.69
2017-07-24 21:00:00,4,8.78
2017-07-24 22:00:00,4,9.77
2017-07-24 23:00:00,4,8.91
2017-07-25 00:00:00,4,8.33
2017-07-25 01:00:00,4,4.64
2017-07-25 02:00:00,4,4.94
2017-07-25 03:00:00,4,3.97
2017-07-25 04:00:00,4,2.75
2017-07-25 05:00:00,4,3.59
2017-07-25 06:00:00,4,3.31
2017-07-25 07:00:00,4,5.39
2017-07-25 08:00:00,4,5.03
2017-07-25 09:00:00,4,5.87
2017-07-25 10:00:00,4,9.67
2017-07-25 11:00:00,4,10.16
2017-07-25 12:00:00,4,16.13
2017-07-25 13:00:00,4,13.41
2017-07-25 14:00:00,4,12.15
2017-07-25 15:00:00,4,12.41
2017-07-25 16:00:00,4,11.4
2017-07-25 17:00:00,4,12.51
2017-07-25 18:00:00,4,12.85
2017-07-25 19:00:00,4,12.23
2017-07-25 20:00:00,4,10.33
2017-07-25 21:00:00,4,9.24
2017-07-25 22:00:00,4,10.1
2017-07-25 23:00:00,4,9.14
2017-07-26 00:00:00,4,7.01
2017-07-26 01:00:00,4,5.62
2017-07-26 02:00:00,4,5.36
2017-07-26 03:00:00,4,4.93
2017-07-26 04:00:00,4,3.74
2017-07-26 05:00:00,4,4.09
2017-07-26 06:00:00,4,4.19
2017-07-26 07:00:00,4,4.88
2017-07-26 08:00:00,4,5.54
2017-07-26 09:00:00,4,6.0
2017-07-26 10:00:00,4,9.85
2017-07-26 11:00:00,4,10.31
2017-07-26 12:00:00,4,14.64
2017-07-26 13:00:00,4,12.71
2017-07-26 14:00:00,4,12.65
2017-07-26 15:00:00,4,13.79
2017-07-26 16:00:00,4,13.5
2017-07-26 17:00:00,4,13.29
2017-07-26 18:00:00,4,12.88
2017-07-26 19:00:00,4,12.83
2017-07-26 20:00:00,4,12.52
2017-07-26 21:00:00,4,11.26
2017-07-26 22:00:00,4,11.64
2017-07-26 23:00:00,4,10.68
2017-07-27 00:00:00,4,7.44
2017-07-27 01:00:00,4,6.44
2017-07-27 02:00:00,4,5.58
2017-07-27 03:00:00,4,4.47
2017-07-27 04:00:00,4,4.29
2017-07-27 05:00:00,4,4.13
2017-07-27 06:00:00,4,3.79
2017-07-27 07:00:00,4,4.89
2017-07-27 08:00:00,4,7.05
2017-07-27 09:00:00,4,9.76
2017-07-27 10:00:00,4,11.45
2017-07-27 11:00:00,4,13.23
2017-07-27 12:00:00,4,20.17
2017-07-27 13:00:00,4,16.72
2017-07-27 14:00:00,4,15.8
2017-07-27 15:00:00,4,15.76
2017-07-27 16:00:00,4,15.69
2017-07-27 17:00:00,4,15.29
2017-07-27 18:00:00,4,15.0
2017-07-27 19:00:00,4,14.54
2017-07-27 20:00:00,4,13.48
2017-07-27 21:00:00,4,12.31
2017-07-27 22:00:00,4,13.58
2017-07-27 23:00:00,4,11.48
2017-07-28 00:00:00,4,7.32
2017-07-28 01:00:00,4,6.73
2017-07-28 02:00:00,4,5.99
2017-07-28 03:00:00,4,5.31
2017-07-28 04:00:00,4,4.78
2017-07-28 05:00:00,4,4.43
2017-07-28 06:00:00,4,4.48
2017-07-28 07:00:00,4,4.69
2017-07-28 08:00:00,4,4.68
2017-07-28 09:00:00,4,6.9
2017-07-28 10:00:00,4,11.97
2017-07-28 11:00:00,4,12.88
2017-07-28 12:00:00,4,13.9
2017-07-28 13:00:00,4,12.62
2017-07-28 14:00:00,4,13.06
2017-07-28 15:00:00,4,15.03
2017-07-28 16:00:00,4,16.22
2017-07-28 17:00:00,4,15.37
2017-07-28 18:00:00,4,15.16
2017-07-28 19:00:00,4,13.94
2017-07-28 20:00:00,4,20.22
2017-07-28 21:00:00,4,16.35
2017-07-28 22:00:00,4,18.74
2017-07-28 23:00:00,4,14.41
2017-07-29 00:00:00,4,8.21
2017-07-29 01:00:00,4,6.91
2017-07-29 02:00:00,4,6.02
2017-07-29 03:00:00,4,4.17
2017-07-29 04:00:00,4,3.84
2017-07-29 05:00:00,4,4.17
2017-07-29 06:00:00,4,4.93
2017-07-29 07:00:00,4,4.79
2017-07-29 08:00:00,4,4.66
2017-07-29 09:00:00,4,6.92
2017-07-29 10:00:00,4,9.55
2017-07-29 11:00:00,4,9.4
2017-07-29 12:00:00,4,10.28
2017-07-29 13:00:00,4,8.06
2017-07-29 14:00:00,4,10.44
2017-07-29 15:00:00,4,8.84
2017-07-29 16:00:00,4,7.79
2017-07-29 17:00:00,4,8.46
2017-07-29 18:00:00,4,8.82
2017-07-29 19:00:00,4,9.63
2017-07-29 20:00:00,4,10.5
2017-07-29 21:00:00,4,9.72
2017-07-29 22:00:00,4,9.92
2017-07-29 23:00:00,4,7.97
2017-07-30 00:00:00,4,8.06
2017-07-30 01:00:00,4,6.39
2017-07-30 02:00:00,4,5.0
2017-07-30 03:00:00,4,4.19
2017-07-30 04:00:00,4,3.77
2017-07-30 05:00:00,4,3.76
2017-07-30 06:00:00,4,4.38
2017-07-30 07:00:00,4,4.91
2017-07-30 08:00:00,4,4.57
2017-07-30 09:00:00,4,7.07
2017-07-30 10:00:00,4,6.75
2017-07-30 11:00:00,4,8.09
2017-07-30 12:00:00,4,7.41
2017-07-30 13:00:00,4,7.03
2017-07-30 14:00:00,4,7.13
2017-07-30 15:00:00,4,7.52
2017-07-30 16:00:00,4,7.9
2017-07-30 17:00:00,4,7.1
2017-07-30 18:00:00,4,7.29
2017-07-30 19:00:00,4,7.93
2017-07-30 20:00:00,4,10.19
2017-07-30 21:00:00,4,8.83
2017-07-30 22:00:00,4,10.3
2017-07-30 23:00:00,4,7.47
2017-07-31 00:00:00,4,7.37
2017-07-31 01:00:00,4,4.9
2017-07-31 02:00:00,4,4.97
2017-07-31 03:00:00,4,4.67
2017-07-31 04:00:00,4,3.22
2017-07-31 05:00:00,4,3.94
2017-07-31 06:00:00,4,3.52
2017-07-31 07:00:00,4,5.0
2017-07-31 08:00:00,4,4.56
2017-07-31 09:00:00,4,5.86
2017-07-31 10:00:00,4,11.37
2017-07-31 11:00:00,4,13.11
2017-07-31 12:00:00,4,16.8
2017-07-31 13:00:00,4,13.83
2017-07-31 14:00:00,4,12.99
2017-07-31 15:00:00,4,13.75
2017-07-31 16:00:00,4,14.23
2017-07-31 17:00:00,4,14.22
2017-07-31 18:00:00,4,14.72
2017-07-31 19:00:00,4,13.1
2017-07-31 20:00:00,4,16.54
2017-07-31 21:00:00,4,13.78
2017-07-31 22:00:00,4,16.11
2017-07-31 23:00:00,4,12.68
2017-08-01 00:00:00,4,7.72
2017-08-01 01:00:00,4,6.57
2017-08-01 02:00:00,4,4.91
2017-08-01 03:00:00,4,5.1
2017-08-01 04:00:00,4,4.96
2017-08-01 05:00:00,4,5.03
2017-08-01 06:00:00,4,4.86
2017-08-01 07:00:00,4,6.33
2017-08-01 08:00:00,4,4.87
2017-08-01 09:00:00,4,6.56
2017-08-01 10:00:00,4,11.7
2017-08-01 11:00:00,4,11.78
2017-08-01 12:00:00,4,13.58
2017-08-01 13:00:00,4,16.94
2017-08-01 14:00:00,4,14.92
2017-08-01 15:00:00,4,13.75
2017-08-01 16:00:00,4,18.48
2017-08-01 17:00:00,4,18.99
2017-08-01 18:00:00,4,13.27
2017-08-01 19:00:00,4,12.97
2017-08-01 20:00:00,4,13.15
2017-08-01 21:00:00,4,12.13
2017-08-01 22:00:00,4,11.11
2017-08-01 23:00:00,4,10.86
2017-08-02 00:00:00,4,8.19
2017-08-02 01:00:00,4,6.71
2017-08-02 02:00:00,4,5.38
2017-08-02 03:00:00,4,5.01
2017-08-02 04:00:00,4,3.56
2017-08-02 05:00:00,4,4.59
2017-08-02 06:00:00,4,4.56
2017-08-02 07:00:00,4,5.32
2017-08-02 08:00:00,4,6.04
2017-08-02 09:00:00,4,6.89
2017-08-02 10:00:00,4,10.84
2017-08-02 11:00:00,4,11.9
2017-08-02 12:00:00,4,14.71
2017-08-02 13:00:00,4,11.37
2017-08-02 14:00:00,4,11.08
2017-08-02 15:00:00,4,11.26
2017-08-02 16:00:00,4,11.43
2017-08-02 17:00:00,4,12.16
2017-08-02 18:00:00,4,10.23
2017-08-02 19:00:00,4,11.18
2017-08-02 20:00:00,4,11.93
2017-08-02 21:00:00,4,12.6
2017-08-02 22:00:00,4,11.66
2017-08-02 23:00:00,4,10.64
2017-08-03 00:00:00,4,8.8
2017-08-03 01:00:00,4,7.27
2017-08-03 02:00:00,4,5.03
2017-08-03 03:00:00,4,4.93
2017-08-03 04:00:00,4,3.88
2017-08-03 05:00:00,4,4.6
2017-08-03 06:00:00,4,4.88
2017-08-03 07:00:00,4,5.63
2017-08-03 08:00:00,4,6.55
2017-08-03 09:00:00,4,8.67
2017-08-03 10:00:00,4,10.75
2017-08-03 11:00:00,4,11.45
2017-08-03 12:00:00,4,12.46
2017-08-03 13:00:00,4,11.59
2017-08-03 14:00:00,4,11.1
2017-08-03 15:00:00,4,12.64
2017-08-03 16:00:00,4,11.32
2017-08-03 17:00:00,4,12.21
2017-08-03 18:00:00,4,10.16
2017-08-03 19:00:00,4,11.64
2017-08-03 20:00:00,4,12.11
2017-08-03 21:00:00,4,12.87
2017-08-03 22:00:00,4,11.26
2017-08-03 23:00:00,4,11.01
2017-08-04 00:00:00,4,6.65
2017-08-04 01:00:00,4,6.33
2017-08-04 02:00:00,4,5.05
2017-08-04 03:00:00,4,4.34
2017-08-04 04:00:00,4,2.8
2017-08-04 05:00:00,4,3.75
2017-08-04 06:00:00,4,4.66
2017-08-04 07:00:00,4,5.01
2017-08-04 08:00:00,4,6.38
2017-08-04 09:00:00,4,7.7
2017-08-04 10:00:00,4,10.03
2017-08-04 11:00:00,4,11.22
2017-08-04 12:00:00,4,10.9
2017-08-04 13:00:00,4,9.82
2017-08-04 14:00:00,4,10.02
2017-08-04 15:00:00,4,12.2
2017-08-04 16:00:00,4,9.86
2017-08-04 17:00:00,4,10.73
2017-08-04 18:00:00,4,9.21
2017-08-04 19:00:00,4,11.26
2017-08-04 20:00:00,4,12.22
2017-08-04 21:00:00,4,11.82
2017-08-04 22:00:00,4,10.25
2017-08-04 23:00:00,4,9.66
2017-08-05 00:00:00,4,6.08
2017-08-05 01:00:00,4,7.32
2017-08-05 02:00:00,4,4.81
2017-08-05 03:00:00,4,4.42
2017-08-05 04:00:00,4,4.29
2017-08-05 05:00:00,4,2.98
2017-08-05 06:00:00,4,3.81
2017-08-05 07:00:00,4,4.14
2017-08-05 08:00:00,4,5.85
2017-08-05 09:00:00,4,7.68
2017-08-05 10:00:00,4,11.16
2017-08-05 11:00:00,4,9.62
2017-08-05 12:00:00,4,10.8
2017-08-05 13:00:00,4,11.63
2017-08-05 14:00:00,4,9.87
2017-08-05 15:00:00,4,9.93
2017-08-05 16:00:00,4,8.89
2017-08-05 17:00:00,4,8.82
2017-08-05 18:00:00,4,7.62
2017-08-05 19:00:00,4,7.03
2017-08-05 20:00:00,4,7.78
2017-08-05 21:00:00,4,8.81
2017-08-05 22:00:00,4,8.63
2017-08-05 23:00:00,4,10.18
2017-08-06 00:00:00,4,5.65
2017-08-06 01:00:00,4,6.87
2017-08-06 02:00:00,4,5.24
2017-08-06 03:00:00,4,4.43
2017-08-06 04:00:00,4,4.32
2017-08-06 05:00:00,4,3.19
2017-08-06 06:00:00,4,3.42
2017-08-06 07:00:00,4,4.24
2017-08-06 08:00:00,4,5.29
2017-08-06 09:00:00,4,7.71
2017-08-06 10:00:00,4,7.69
2017-08-06 11:00:00,4,7.74
2017-08-06 12:00:00,4,7.49
2017-08-06 13:00:00,4,7.89
2017-08-06 14:00:00,4,7.74
2017-08-06 15:00:00,4,7.74
2017-08-06 16:00:00,4,8.19
2017-08-06 17:00:00,4,8.02
2017-08-06 18:00:00,4,7.85
2017-08-06 19:00:00,4,7.0
2017-08-06 20:00:00,4,6.87
2017-08-06 21:00:00,4,6.47
2017-08-06 22:00:00,4,5.54
2017-08-06 23:00:00,4,6.35
2017-08-07 00:00:00,4,5.81
2017-08-07 01:00:00,4,5.89
2017-08-07 02:00:00,4,5.05
2017-08-07 03:00:00,4,5.2
2017-08-07 04:00:00,4,4.01
2017-08-07 05:00:00,4,3.86
2017-08-07 06:00:00,4,3.36
2017-08-07 07:00:00,4,5.13
2017-08-07 08:00:00,4,4.95
2017-08-07 09:00:00,4,6.64
2017-08-07 10:00:00,4,9.82
2017-08-07 11:00:00,4,11.68
2017-08-07 12:00:00,4,12.71
2017-08-07 13:00:00,4,9.52
2017-08-07 14:00:00,4,10.78
2017-08-07 15:00:00,4,10.16
2017-08-07 16:00:00,4,11.54
2017-08-07 17:00:00,4,9.89
2017-08-07 18:00:00,4,8.65
2017-08-07 19:00:00,4,7.46
2017-08-07 20:00:00,4,8.2
2017-08-07 21:00:00,4,8.07
2017-08-07 22:00:00,4,7.1
2017-08-07 23:00:00,4,7.29
2017-08-08 00:00:00,4,6.83
2017-08-08 01:00:00,4,7.61
2017-08-08 02:00:00,4,5.19
2017-08-08 03:00:00,4,5.17
2017-08-08 04:00:00,4,4.59
2017-08-08 05:00:00,4,4.12
2017-08-08 06:00:00,4,3.01
2017-08-08 07:00:00,4,5.62
2017-08-08 08:00:00,4,5.11
2017-08-08 09:00:00,4,7.41
2017-08-08 10:00:00,4,9.66
2017-08-08 11:00:00,4,11.11
2017-08-08 12:00:00,4,14.03
2017-08-08 13:00:00,4,9.82
2017-08-08 14:00:00,4,11.57
2017-08-08 15:00:00,4,11.46
2017-08-08 16:00:00,4,11.9
2017-08-08 17:00:00,4,11.28
2017-08-08 18:00:00,4,8.88
2017-08-08 19:00:00,4,8.73
2017-08-08 20:00:00,4,8.73
2017-08-08 21:00:00,4,8.78
2017-08-08 22:00:00,4,8.1
2017-08-08 23:00:00,4,7.66
2017-08-09 00:00:00,4,6.81
2017-08-09 01:00:00,4,6.79
2017-08-09 02:00:00,4,4.85
2017-08-09 03:00:00,4,4.77
2017-08-09 04:00:00,4,4.86
2017-08-09 05:00:00,4,4.24
2017-08-09 06:00:00,4,3.3
2017-08-09 07:00:00,4,4.85
2017-08-09 08:00:00,4,5.6
2017-08-09 09:00:00,4,6.58
2017-08-09 10:00:00,4,7.58
2017-08-09 11:00:00,4,10.51
2017-08-09 12:00:00,4,12.56
2017-08-09 13:00:00,4,10.56
2017-08-09 14:00:00,4,12.15
2017-08-09 15:00:00,4,11.5
2017-08-09 16:00:00,4,11.33
2017-08-09 17:00:00,4,10.21
2017-08-09 18:00:00,4,8.11
2017-08-09 19:00:00,4,9.77
2017-08-09 20:00:00,4,9.17
2017-08-09 21:00:00,4,8.53
2017-08-09 22:00:00,4,7.38
2017-08-09 23:00:00,4,8.08
2017-08-10 00:00:00,4,7.93
2017-08-10 01:00:00,4,6.81
2017-08-10 02:00:00,4,4.83
2017-08-10 03:00:00,4,4.86
2017-08-10 04:00:00,4,5.2
2017-08-10 05:00:00,4,4.71
2017-08-10 06:00:00,4,3.7
2017-08-10 07:00:00,4,4.4
2017-08-10 08:00:00,4,5.63
2017-08-10 09:00:00,4,9.72
2017-08-10 10:00:00,4,7.42
2017-08-10 11:00:00,4,10.42
2017-08-10 12:00:00,4,11.01
2017-08-10 13:00:00,4,11.27
2017-08-10 14:00:00,4,13.35
2017-08-10 15:00:00,4,14.8
2017-08-10 16:00:00,4,10.57
2017-08-10 17:00:00,4,10.14
2017-08-10 18:00:00,4,7.14
2017-08-10 19:00:00,4,8.34
2017-08-10 20:00:00,4,8.62
2017-08-10 21:00:00,4,8.23
2017-08-10 22:00:00,4,6.61
2017-08-10 23:00:00,4,8.32
2017-08-11 00:00:00,4,5.84
2017-08-11 01:00:00,4,6.06
2017-08-11 02:00:00,4,4.36
2017-08-11 03:00:00,4,4.75
2017-08-11 04:00:00,4,4.43
2017-08-11 05:00:00,4,4.7
2017-08-11 06:00:00,4,4.69
2017-08-11 07:00:00,4,4.23
2017-08-11 08:00:00,4,5.28
2017-08-11 09:00:00,4,7.75
2017-08-11 10:00:00,4,7.23
2017-08-11 11:00:00,4,11.09
2017-08-11 12:00:00,4,9.63
2017-08-11 13:00:00,4,11.23
2017-08-11 14:00:00,4,13.05
2017-08-11 15:00:00,4,14.07
2017-08-11 16:00:00,4,11.18
2017-08-11 17:00:00,4,10.39
2017-08-11 18:00:00,4,8.33
2017-08-11 19:00:00,4,9.34
2017-08-11 20:00:00,4,10.57
2017-08-11 21:00:00,4,9.5
2017-08-11 22:00:00,4,8.83
2017-08-11 23:00:00,4,8.67
2017-08-12 00:00:00,4,5.8
2017-08-12 01:00:00,4,6.61
2017-08-12 02:00:00,4,5.32
2017-08-12 03:00:00,4,4.33
2017-08-12 04:00:00,4,4.44
2017-08-12 05:00:00,4,4.97
2017-08-12 06:00:00,4,5.36
2017-08-12 07:00:00,4,3.96
2017-08-12 08:00:00,4,5.37
2017-08-12 09:00:00,4,6.55
2017-08-12 10:00:00,4,7.0
2017-08-12 11:00:00,4,6.96
2017-08-12 12:00:00,4,6.9
2017-08-12 13:00:00,4,9.67
2017-08-12 14:00:00,4,10.86
2017-08-12 15:00:00,4,9.42
2017-08-12 16:00:00,4,8.84
2017-08-12 17:00:00,4,8.45
2017-08-12 18:00:00,4,7.75
2017-08-12 19:00:00,4,9.86
2017-08-12 20:00:00,4,9.02
2017-08-12 21:00:00,4,9.25
2017-08-12 22:00:00,4,10.25
2017-08-12 23:00:00,4,10.82
2017-08-13 00:00:00,4,6.94
2017-08-13 01:00:00,4,5.67
2017-08-13 02:00:00,4,5.93
2017-08-13 03:00:00,4,4.58
2017-08-13 04:00:00,4,4.41
2017-08-13 05:00:00,4,5.12
2017-08-13 06:00:00,4,4.84
2017-08-13 07:00:00,4,4.04
2017-08-13 08:00:00,4,6.21
2017-08-13 09:00:00,4,6.52
2017-08-13 10:00:00,4,6.4
2017-08-13 11:00:00,4,6.79
2017-08-13 12:00:00,4,7.66
2017-08-13 13:00:00,4,6.88
2017-08-13 14:00:00,4,6.5
2017-08-13 15:00:00,4,7.23
2017-08-13 16:00:00,4,8.37
2017-08-13 17:00:00,4,8.51
2017-08-13 18:00:00,4,8.43
2017-08-13 19:00:00,4,9.42
2017-08-13 20:00:00,4,8.95
2017-08-13 21:00:00,4,7.89
2017-08-13 22:00:00,4,7.27
2017-08-13 23:00:00,4,7.67
2017-08-14 00:00:00,4,6.82
2017-08-14 01:00:00,4,4.94
2017-08-14 02:00:00,4,4.44
2017-08-14 03:00:00,4,4.24
2017-08-14 04:00:00,4,3.63
2017-08-14 05:00:00,4,4.58
2017-08-14 06:00:00,4,3.88
2017-08-14 07:00:00,4,5.12
2017-08-14 08:00:00,4,4.73
2017-08-14 09:00:00,4,6.71
2017-08-14 10:00:00,4,7.42
2017-08-14 11:00:00,4,11.4
2017-08-14 12:00:00,4,12.6
2017-08-14 13:00:00,4,13.36
2017-08-14 14:00:00,4,14.47
2017-08-14 15:00:00,4,12.26
2017-08-14 16:00:00,4,12.34
2017-08-14 17:00:00,4,10.76
2017-08-14 18:00:00,4,11.75
2017-08-14 19:00:00,4,10.68
2017-08-14 20:00:00,4,9.81
2017-08-14 21:00:00,4,9.3
2017-08-14 22:00:00,4,9.44
2017-08-14 23:00:00,4,7.62
2017-08-15 00:00:00,4,7.66
2017-08-15 01:00:00,4,4.81
2017-08-15 02:00:00,4,4.8
2017-08-15 03:00:00,4,4.5
2017-08-15 04:00:00,4,3.71
2017-08-15 05:00:00,4,4.75
2017-08-15 06:00:00,4,4.28
2017-08-15 07:00:00,4,5.56
2017-08-15 08:00:00,4,5.15
2017-08-15 09:00:00,4,7.75
2017-08-15 10:00:00,4,7.65
2017-08-15 11:00:00,4,10.95
2017-08-15 12:00:00,4,10.81
2017-08-15 13:00:00,4,10.95
2017-08-15 14:00:00,4,11.04
2017-08-15 15:00:00,4,10.61
2017-08-15 16:00:00,4,9.98
2017-08-15 17:00:00,4,10.11
2017-08-15 18:00:00,4,10.79
2017-08-15 19:00:00,4,10.67
2017-08-15 20:00:00,4,9.32
2017-08-15 21:00:00,4,8.18
2017-08-15 22:00:00,4,9.28
2017-08-15 23:00:00,4,7.21
2017-08-16 00:00:00,4,7.08
2017-08-16 01:00:00,4,4.37
2017-08-16 02:00:00,4,5.21
2017-08-16 03:00:00,4,4.79
2017-08-16 04:00:00,4,4.31
2017-08-16 05:00:00,4,4.5
2017-08-16 06:00:00,4,4.22
2017-08-16 07:00:00,4,4.39
2017-08-16 08:00:00,4,6.83
2017-08-16 09:00:00,4,7.79
2017-08-16 10:00:00,4,8.0
2017-08-16 11:00:00,4,10.46
2017-08-16 12:00:00,4,11.72
2017-08-16 13:00:00,4,12.44
2017-08-16 14:00:00,4,11.68
2017-08-16 15:00:00,4,11.84
2017-08-16 16:00:00,4,10.0
2017-08-16 17:00:00,4,10.71
2017-08-16 18:00:00,4,11.47
2017-08-16 19:00:00,4,12.64
2017-08-16 20:00:00,4,13.94
2017-08-16 21:00:00,4,11.78
2017-08-16 22:00:00,4,10.42
2017-08-16 23:00:00,4,8.67
2017-08-17 00:00:00,4,8.28
2017-08-17 01:00:00,4,4.98
2017-08-17 02:00:00,4,5.71
2017-08-17 03:00:00,4,5.43
2017-08-17 04:00:00,4,5.38
2017-08-17 05:00:00,4,5.4
2017-08-17 06:00:00,4,5.01
2017-08-17 07:00:00,4,3.92
2017-08-17 08:00:00,4,7.21
2017-08-17 09:00:00,4,10.28
2017-08-17 10:00:00,4,9.07
2017-08-17 11:00:00,4,10.05
2017-08-17 12:00:00,4,10.33
2017-08-17 13:00:00,4,10.94
2017-08-17 14:00:00,4,9.64
2017-08-17 15:00:00,4,13.41
2017-08-17 16:00:00,4,11.66
2017-08-17 17:00:00,4,11.57
2017-08-17 18:00:00,4,10.19
2017-08-17 19:00:00,4,11.64
2017-08-17 20:00:00,4,11.42
2017-08-17 21:00:00,4,8.75
2017-08-17 22:00:00,4,8.51
2017-08-17 23:00:00,4,7.44
2017-08-18 00:00:00,4,7.43
2017-08-18 01:00:00,4,5.05
2017-08-18 02:00:00,4,5.63
2017-08-18 03:00:00,4,4.59
2017-08-18 04:00:00,4,4.61
2017-08-18 05:00:00,4,4.53
2017-08-18 06:00:00,4,4.7
2017-08-18 07:00:00,4,3.84
2017-08-18 08:00:00,4,5.33
2017-08-18 09:00:00,4,7.58
2017-08-18 10:00:00,4,9.55
2017-08-18 11:00:00,4,9.03
2017-08-18 12:00:00,4,10.19
2017-08-18 13:00:00,4,11.66
2017-08-18 14:00:00,4,10.97
2017-08-18 15:00:00,4,18.77
2017-08-18 16:00:00,4,15.47
2017-08-18 17:00:00,4,13.59
2017-08-18 18:00:00,4,13.46
2017-08-18 19:00:00,4,17.58
2017-08-18 20:00:00,4,17.94
2017-08-18 21:00:00,4,11.09
2017-08-18 22:00:00,4,10.52
2017-08-18 23:00:00,4,8.03
2017-08-19 00:00:00,4,8.22
2017-08-19 01:00:00,4,5.59
2017-08-19 02:00:00,4,5.14
2017-08-19 03:00:00,4,3.71
2017-08-19 04:00:00,4,4.17
2017-08-19 05:00:00,4,4.14
2017-08-19 06:00:00,4,4.52
2017-08-19 07:00:00,4,4.75
2017-08-19 08:00:00,4,4.19
2017-08-19 09:00:00,4,6.24
2017-08-19 10:00:00,4,8.02
2017-08-19 11:00:00,4,6.56
2017-08-19 12:00:00,4,8.08
2017-08-19 13:00:00,4,6.25
2017-08-19 14:00:00,4,8.07
2017-08-19 15:00:00,4,7.48
2017-08-19 16:00:00,4,7.11
2017-08-19 17:00:00,4,7.74
2017-08-19 18:00:00,4,7.47
2017-08-19 19:00:00,4,8.43
2017-08-19 20:00:00,4,10.84
2017-08-19 21:00:00,4,10.9
2017-08-19 22:00:00,4,11.94
2017-08-19 23:00:00,4,11.27
2017-08-20 00:00:00,4,9.28
2017-08-20 01:00:00,4,6.61
2017-08-20 02:00:00,4,5.44
2017-08-20 03:00:00,4,3.97
2017-08-20 04:00:00,4,3.57
2017-08-20 05:00:00,4,3.03
2017-08-20 06:00:00,4,4.4
2017-08-20 07:00:00,4,5.13
2017-08-20 08:00:00,4,4.68
2017-08-20 09:00:00,4,6.9
2017-08-20 10:00:00,4,8.19
2017-08-20 11:00:00,4,6.75
2017-08-20 12:00:00,4,8.33
2017-08-20 13:00:00,4,8.52
2017-08-20 14:00:00,4,9.01
2017-08-20 15:00:00,4,8.5
2017-08-20 16:00:00,4,8.14
2017-08-20 17:00:00,4,8.24
2017-08-20 18:00:00,4,8.41
2017-08-20 19:00:00,4,8.9
2017-08-20 20:00:00,4,9.22
2017-08-20 21:00:00,4,8.42
2017-08-20 22:00:00,4,8.52
2017-08-20 23:00:00,4,8.33
2017-08-21 00:00:00,4,6.74
2017-08-21 01:00:00,4,5.31
2017-08-21 02:00:00,4,5.89
2017-08-21 03:00:00,4,4.16
2017-08-21 04:00:00,4,3.81
2017-08-21 05:00:00,4,3.58
2017-08-21 06:00:00,4,3.39
2017-08-21 07:00:00,4,4.48
2017-08-21 08:00:00,4,5.19
2017-08-21 09:00:00,4,5.14
2017-08-21 10:00:00,4,7.51
2017-08-21 11:00:00,4,7.65
2017-08-21 12:00:00,4,11.74
2017-08-21 13:00:00,4,8.84
2017-08-21 14:00:00,4,10.61
2017-08-21 15:00:00,4,11.48
2017-08-21 16:00:00,4,11.33
2017-08-21 17:00:00,4,10.73
2017-08-21 18:00:00,4,9.41
2017-08-21 19:00:00,4,9.92
2017-08-21 20:00:00,4,9.91
2017-08-21 21:00:00,4,10.31
2017-08-21 22:00:00,4,11.09
2017-08-21 23:00:00,4,9.39
2017-08-22 00:00:00,4,7.78
2017-08-22 01:00:00,4,5.31
2017-08-22 02:00:00,4,5.65
2017-08-22 03:00:00,4,4.25
2017-08-22 04:00:00,4,4.22
2017-08-22 05:00:00,4,3.74
2017-08-22 06:00:00,4,3.85
2017-08-22 07:00:00,4,5.24
2017-08-22 08:00:00,4,6.0
2017-08-22 09:00:00,4,6.05
2017-08-22 10:00:00,4,9.51
2017-08-22 11:00:00,4,11.37
2017-08-22 12:00:00,4,16.13
2017-08-22 13:00:00,4,13.45
2017-08-22 14:00:00,4,13.47
2017-08-22 15:00:00,4,16.55
2017-08-22 16:00:00,4,16.71
2017-08-22 17:00:00,4,15.07
2017-08-22 18:00:00,4,13.63
2017-08-22 19:00:00,4,12.58
2017-08-22 20:00:00,4,11.25
2017-08-22 21:00:00,4,9.93
2017-08-22 22:00:00,4,10.83
2017-08-22 23:00:00,4,9.63
2017-08-23 00:00:00,4,6.85
2017-08-23 01:00:00,4,4.37
2017-08-23 02:00:00,4,5.17
2017-08-23 03:00:00,4,4.81
2017-08-23 04:00:00,4,4.92
2017-08-23 05:00:00,4,4.6
2017-08-23 06:00:00,4,4.85
2017-08-23 07:00:00,4,5.23
2017-08-23 08:00:00,4,6.81
2017-08-23 09:00:00,4,6.93
2017-08-23 10:00:00,4,9.82
2017-08-23 11:00:00,4,10.65
2017-08-23 12:00:00,4,14.94
2017-08-23 13:00:00,4,12.88
2017-08-23 14:00:00,4,13.09
2017-08-23 15:00:00,4,14.23
2017-08-23 16:00:00,4,14.39
2017-08-23 17:00:00,4,13.64
2017-08-23 18:00:00,4,13.11
2017-08-23 19:00:00,4,13.47
2017-08-23 20:00:00,4,13.17
2017-08-23 21:00:00,4,11.53
2017-08-23 22:00:00,4,11.62
2017-08-23 23:00:00,4,10.8
2017-08-24 00:00:00,4,7.47
2017-08-24 01:00:00,4,4.84
2017-08-24 02:00:00,4,4.52
2017-08-24 03:00:00,4,4.76
2017-08-24 04:00:00,4,5.52
2017-08-24 05:00:00,4,5.38
2017-08-24 06:00:00,4,5.44
2017-08-24 07:00:00,4,5.15
2017-08-24 08:00:00,4,7.42
2017-08-24 09:00:00,4,9.06
2017-08-24 10:00:00,4,10.66
2017-08-24 11:00:00,4,11.54
2017-08-24 12:00:00,4,13.82
2017-08-24 13:00:00,4,13.06
2017-08-24 14:00:00,4,13.78
2017-08-24 15:00:00,4,16.54
2017-08-24 16:00:00,4,16.92
2017-08-24 17:00:00,4,16.0
2017-08-24 18:00:00,4,14.87
2017-08-24 19:00:00,4,15.03
2017-08-24 20:00:00,4,12.99
2017-08-24 21:00:00,4,10.42
2017-08-24 22:00:00,4,10.54
2017-08-24 23:00:00,4,10.03
2017-08-25 00:00:00,4,7.1
2017-08-25 01:00:00,4,3.89
2017-08-25 02:00:00,4,4.31
2017-08-25 03:00:00,4,4.52
2017-08-25 04:00:00,4,5.17
2017-08-25 05:00:00,4,5.22
2017-08-25 06:00:00,4,5.4
2017-08-25 07:00:00,4,4.95
2017-08-25 08:00:00,4,5.21
2017-08-25 09:00:00,4,6.94
2017-08-25 10:00:00,4,10.96
2017-08-25 11:00:00,4,10.62
2017-08-25 12:00:00,4,12.02
2017-08-25 13:00:00,4,11.91
2017-08-25 14:00:00,4,11.75
2017-08-25 15:00:00,4,13.37
2017-08-25 16:00:00,4,12.77
2017-08-25 17:00:00,4,13.74
2017-08-25 18:00:00,4,14.47
2017-08-25 19:00:00,4,15.62
2017-08-25 20:00:00,4,14.24
2017-08-25 21:00:00,4,10.28
2017-08-25 22:00:00,4,10.41
2017-08-25 23:00:00,4,9.95
2017-08-26 00:00:00,4,8.14
2017-08-26 01:00:00,4,5.27
2017-08-26 02:00:00,4,5.11
2017-08-26 03:00:00,4,3.8
2017-08-26 04:00:00,4,3.62
2017-08-26 05:00:00,4,4.36
2017-08-26 06:00:00,4,4.67
2017-08-26 07:00:00,4,4.98
2017-08-26 08:00:00,4,4.16
2017-08-26 09:00:00,4,5.69
2017-08-26 10:00:00,4,9.64
2017-08-26 11:00:00,4,9.25
2017-08-26 12:00:00,4,9.5
2017-08-26 13:00:00,4,7.52
2017-08-26 14:00:00,4,10.37
2017-08-26 15:00:00,4,8.6
2017-08-26 16:00:00,4,6.9
2017-08-26 17:00:00,4,7.7
2017-08-26 18:00:00,4,7.82
2017-08-26 19:00:00,4,8.91
2017-08-26 20:00:00,4,9.01
2017-08-26 21:00:00,4,8.92
2017-08-26 22:00:00,4,8.61
2017-08-26 23:00:00,4,7.41
2017-08-27 00:00:00,4,7.45
2017-08-27 01:00:00,4,5.51
2017-08-27 02:00:00,4,5.09
2017-08-27 03:00:00,4,3.56
2017-08-27 04:00:00,4,2.94
2017-08-27 05:00:00,4,3.35
2017-08-27 06:00:00,4,3.87
2017-08-27 07:00:00,4,5.18
2017-08-27 08:00:00,4,4.88
2017-08-27 09:00:00,4,6.41
2017-08-27 10:00:00,4,6.56
2017-08-27 11:00:00,4,8.17
2017-08-27 12:00:00,4,8.54
2017-08-27 13:00:00,4,7.46
2017-08-27 14:00:00,4,7.46
2017-08-27 15:00:00,4,7.43
2017-08-27 16:00:00,4,7.69
2017-08-27 17:00:00,4,6.77
2017-08-27 18:00:00,4,6.93
2017-08-27 19:00:00,4,7.94
2017-08-27 20:00:00,4,8.5
2017-08-27 21:00:00,4,8.33
2017-08-27 22:00:00,4,9.55
2017-08-27 23:00:00,4,7.01
2017-08-28 00:00:00,4,6.47
2017-08-28 01:00:00,4,6.18
2017-08-28 02:00:00,4,4.91
2017-08-28 03:00:00,4,3.97
2017-08-28 04:00:00,4,3.14
2017-08-28 05:00:00,4,3.57
2017-08-28 06:00:00,4,3.4
2017-08-28 07:00:00,4,5.47
2017-08-28 08:00:00,4,4.0
2017-08-28 09:00:00,4,5.75
2017-08-28 10:00:00,4,10.97
2017-08-28 11:00:00,4,12.95
2017-08-28 12:00:00,4,18.3
2017-08-28 13:00:00,4,14.54
2017-08-28 14:00:00,4,13.69
2017-08-28 15:00:00,4,14.13
2017-08-28 16:00:00,4,13.28
2017-08-28 17:00:00,4,12.86
2017-08-28 18:00:00,4,13.06
2017-08-28 19:00:00,4,13.02
2017-08-28 20:00:00,4,15.52
2017-08-28 21:00:00,4,13.65
2017-08-28 22:00:00,4,15.8
2017-08-28 23:00:00,4,12.77
2017-08-29 00:00:00,4,7.83
2017-08-29 01:00:00,4,6.44
2017-08-29 02:00:00,4,5.78
2017-08-29 03:00:00,4,4.73
2017-08-29 04:00:00,4,3.56
2017-08-29 05:00:00,4,2.97
2017-08-29 06:00:00,4,2.63
2017-08-29 07:00:00,4,5.3
2017-08-29 08:00:00,4,4.51
2017-08-29 09:00:00,4,6.92
2017-08-29 10:00:00,4,11.6
2017-08-29 11:00:00,4,13.88
2017-08-29 12:00:00,4,21.26
2017-08-29 13:00:00,4,17.0
2017-08-29 14:00:00,4,15.29
2017-08-29 15:00:00,4,14.9
2017-08-29 16:00:00,4,14.79
2017-08-29 17:00:00,4,14.41
2017-08-29 18:00:00,4,15.0
2017-08-29 19:00:00,4,13.94
2017-08-29 20:00:00,4,14.66
2017-08-29 21:00:00,4,12.98
2017-08-29 22:00:00,4,15.66
2017-08-29 23:00:00,4,12.75
2017-08-30 00:00:00,4,7.77
2017-08-30 01:00:00,4,7.08
2017-08-30 02:00:00,4,5.84
2017-08-30 03:00:00,4,5.79
2017-08-30 04:00:00,4,4.08
2017-08-30 05:00:00,4,4.07
2017-08-30 06:00:00,4,3.82
2017-08-30 07:00:00,4,4.58
2017-08-30 08:00:00,4,6.14
2017-08-30 09:00:00,4,7.24
2017-08-30 10:00:00,4,12.21
2017-08-30 11:00:00,4,13.55
2017-08-30 12:00:00,4,15.72
2017-08-30 13:00:00,4,14.09
2017-08-30 14:00:00,4,14.08
2017-08-30 15:00:00,4,15.53
2017-08-30 16:00:00,4,16.55
2017-08-30 17:00:00,4,15.56
2017-08-30 18:00:00,4,15.32
2017-08-30 19:00:00,4,14.44
2017-08-30 20:00:00,4,20.56
2017-08-30 21:00:00,4,16.51
2017-08-30 22:00:00,4,19.43
2017-08-30 23:00:00,4,15.02
2017-08-31 00:00:00,4,8.47
2017-08-31 01:00:00,4,6.05
2017-08-31 02:00:00,4,6.79
2017-08-31 03:00:00,4,5.26
2017-08-31 04:00:00,4,4.15
2017-08-31 05:00:00,4,4.32
2017-08-31 06:00:00,4,4.14
2017-08-31 07:00:00,4,4.66
2017-08-31 08:00:00,4,7.34
2017-08-31 09:00:00,4,10.27
2017-08-31 10:00:00,4,12.81
2017-08-31 11:00:00,4,13.95
2017-08-31 12:00:00,4,16.72
2017-08-31 13:00:00,4,15.06
2017-08-31 14:00:00,4,14.53
2017-08-31 15:00:00,4,15.48
2017-08-31 16:00:00,4,17.55
2017-08-31 17:00:00,4,16.84
2017-08-31 18:00:00,4,17.23
2017-08-31 19:00:00,4,14.64
2017-08-31 20:00:00,4,19.29
2017-08-31 21:00:00,4,15.19
2017-08-31 22:00:00,4,18.19
2017-08-31 23:00:00,4,13.04
2017-09-01 00:00:00,4,7.93
2017-09-01 01:00:00,4,6.23
2017-09-01 02:00:00,4,4.55
2017-09-01 03:00:00,4,4.61
2017-09-01 04:00:00,4,3.94
2017-09-01 05:00:00,4,5.01
2017-09-01 06:00:00,4,6.43
2017-09-01 07:00:00,4,7.11
2017-09-01 08:00:00,4,5.4
2017-09-01 09:00:00,4,5.18
2017-09-01 10:00:00,4,11.45
2017-09-01 11:00:00,4,11.34
2017-09-01 12:00:00,4,12.0
2017-09-01 13:00:00,4,16.93
2017-09-01 14:00:00,4,14.84
2017-09-01 15:00:00,4,13.9
2017-09-01 16:00:00,4,18.77
2017-09-01 17:00:00,4,19.29
2017-09-01 18:00:00,4,13.63
2017-09-01 19:00:00,4,14.37
2017-09-01 20:00:00,4,14.29
2017-09-01 21:00:00,4,13.37
2017-09-01 22:00:00,4,12.33
2017-09-01 23:00:00,4,11.84
2017-09-02 00:00:00,4,7.58
2017-09-02 01:00:00,4,6.77
2017-09-02 02:00:00,4,4.25
2017-09-02 03:00:00,4,3.99
2017-09-02 04:00:00,4,3.65
2017-09-02 05:00:00,4,2.97
2017-09-02 06:00:00,4,4.25
2017-09-02 07:00:00,4,4.62
2017-09-02 08:00:00,4,6.49
2017-09-02 09:00:00,4,6.04
2017-09-02 10:00:00,4,10.06
2017-09-02 11:00:00,4,8.56
2017-09-02 12:00:00,4,9.28
2017-09-02 13:00:00,4,9.73
2017-09-02 14:00:00,4,8.28
2017-09-02 15:00:00,4,8.84
2017-09-02 16:00:00,4,8.15
2017-09-02 17:00:00,4,8.09
2017-09-02 18:00:00,4,7.37
2017-09-02 19:00:00,4,7.08
2017-09-02 20:00:00,4,8.38
2017-09-02 21:00:00,4,8.63
2017-09-02 22:00:00,4,8.51
2017-09-02 23:00:00,4,9.72
2017-09-03 00:00:00,4,7.15
2017-09-03 01:00:00,4,6.95
2017-09-03 02:00:00,4,5.09
2017-09-03 03:00:00,4,4.25
2017-09-03 04:00:00,4,4.37
2017-09-03 05:00:00,4,2.92
2017-09-03 06:00:00,4,3.75
2017-09-03 07:00:00,4,4.38
2017-09-03 08:00:00,4,7.63
2017-09-03 09:00:00,4,7.87
2017-09-03 10:00:00,4,8.46
2017-09-03 11:00:00,4,8.12
2017-09-03 12:00:00,4,8.43
2017-09-03 13:00:00,4,8.24
2017-09-03 14:00:00,4,8.07
2017-09-03 15:00:00,4,8.06
2017-09-03 16:00:00,4,8.17
2017-09-03 17:00:00,4,8.07
2017-09-03 18:00:00,4,7.62
2017-09-03 19:00:00,4,5.47
2017-09-03 20:00:00,4,6.08
2017-09-03 21:00:00,4,5.9
2017-09-03 22:00:00,4,4.76
2017-09-03 23:00:00,4,6.11
2017-09-04 00:00:00,4,7.54
2017-09-04 01:00:00,4,5.34
2017-09-04 02:00:00,4,4.97
2017-09-04 03:00:00,4,4.92
2017-09-04 04:00:00,4,3.57
2017-09-04 05:00:00,4,4.42
2017-09-04 06:00:00,4,3.85
2017-09-04 07:00:00,4,5.3
2017-09-04 08:00:00,4,5.61
2017-09-04 09:00:00,4,6.67
2017-09-04 10:00:00,4,10.74
2017-09-04 11:00:00,4,13.24
2017-09-04 12:00:00,4,14.13
2017-09-04 13:00:00,4,10.73
2017-09-04 14:00:00,4,11.44
2017-09-04 15:00:00,4,10.81
2017-09-04 16:00:00,4,10.23
2017-09-04 17:00:00,4,9.32
2017-09-04 18:00:00,4,9.04
2017-09-04 19:00:00,4,6.2
2017-09-04 20:00:00,4,8.09
2017-09-04 21:00:00,4,7.72
2017-09-04 22:00:00,4,5.7
2017-09-04 23:00:00,4,6.82
2017-09-05 00:00:00,4,7.43
2017-09-05 01:00:00,4,6.93
2017-09-05 02:00:00,4,4.88
2017-09-05 03:00:00,4,5.53
2017-09-05 04:00:00,4,4.09
2017-09-05 05:00:00,4,4.42
2017-09-05 06:00:00,4,3.15
2017-09-05 07:00:00,4,5.36
2017-09-05 08:00:00,4,5.53
2017-09-05 09:00:00,4,8.07
2017-09-05 10:00:00,4,11.19
2017-09-05 11:00:00,4,13.53
2017-09-05 12:00:00,4,18.08
2017-09-05 13:00:00,4,11.45
2017-09-05 14:00:00,4,11.75
2017-09-05 15:00:00,4,11.03
2017-09-05 16:00:00,4,9.98
2017-09-05 17:00:00,4,11.04
2017-09-05 18:00:00,4,9.03
2017-09-05 19:00:00,4,6.9
2017-09-05 20:00:00,4,9.15
2017-09-05 21:00:00,4,8.79
2017-09-05 22:00:00,4,7.76
2017-09-05 23:00:00,4,7.24
2017-09-06 00:00:00,4,6.0
2017-09-06 01:00:00,4,7.71
2017-09-06 02:00:00,4,5.17
2017-09-06 03:00:00,4,5.78
2017-09-06 04:00:00,4,4.41
2017-09-06 05:00:00,4,4.12
2017-09-06 06:00:00,4,3.04
2017-09-06 07:00:00,4,5.08
2017-09-06 08:00:00,4,6.19
2017-09-06 09:00:00,4,8.08
2017-09-06 10:00:00,4,11.13
2017-09-06 11:00:00,4,12.84
2017-09-06 12:00:00,4,17.87
2017-09-06 13:00:00,4,11.11
2017-09-06 14:00:00,4,11.25
2017-09-06 15:00:00,4,10.89
2017-09-06 16:00:00,4,10.58
2017-09-06 17:00:00,4,11.51
2017-09-06 18:00:00,4,8.54
2017-09-06 19:00:00,4,8.59
2017-09-06 20:00:00,4,9.31
2017-09-06 21:00:00,4,9.19
2017-09-06 22:00:00,4,8.32
2017-09-06 23:00:00,4,7.93
2017-09-07 00:00:00,4,7.29
2017-09-07 01:00:00,4,7.26
2017-09-07 02:00:00,4,6.01
2017-09-07 03:00:00,4,5.91
2017-09-07 04:00:00,4,5.41
2017-09-07 05:00:00,4,4.63
2017-09-07 06:00:00,4,3.27
2017-09-07 07:00:00,4,5.77
2017-09-07 08:00:00,4,5.76
2017-09-07 09:00:00,4,8.98
2017-09-07 10:00:00,4,9.57
2017-09-07 11:00:00,4,10.08
2017-09-07 12:00:00,4,11.86
2017-09-07 13:00:00,4,9.59
2017-09-07 14:00:00,4,10.95
2017-09-07 15:00:00,4,12.62
2017-09-07 16:00:00,4,10.68
2017-09-07 17:00:00,4,9.97
2017-09-07 18:00:00,4,7.12
2017-09-07 19:00:00,4,8.9
2017-09-07 20:00:00,4,8.18
2017-09-07 21:00:00,4,8.08
2017-09-07 22:00:00,4,6.15
2017-09-07 23:00:00,4,7.97
2017-09-08 00:00:00,4,6.43
2017-09-08 01:00:00,4,6.83
2017-09-08 02:00:00,4,5.3
2017-09-08 03:00:00,4,4.81
2017-09-08 04:00:00,4,4.77
2017-09-08 05:00:00,4,4.19
2017-09-08 06:00:00,4,3.73
2017-09-08 07:00:00,4,5.0
2017-09-08 08:00:00,4,4.61
2017-09-08 09:00:00,4,7.23
2017-09-08 10:00:00,4,8.85
2017-09-08 11:00:00,4,10.42
2017-09-08 12:00:00,4,10.22
2017-09-08 13:00:00,4,10.83
2017-09-08 14:00:00,4,12.88
2017-09-08 15:00:00,4,14.5
2017-09-08 16:00:00,4,10.87
2017-09-08 17:00:00,4,10.15
2017-09-08 18:00:00,4,7.53
2017-09-08 19:00:00,4,8.94
2017-09-08 20:00:00,4,10.42
2017-09-08 21:00:00,4,9.52
2017-09-08 22:00:00,4,7.8
2017-09-08 23:00:00,4,8.86
2017-09-09 00:00:00,4,6.2
2017-09-09 01:00:00,4,6.89
2017-09-09 02:00:00,4,4.37
2017-09-09 03:00:00,4,3.51
2017-09-09 04:00:00,4,4.03
2017-09-09 05:00:00,4,2.82
2017-09-09 06:00:00,4,4.6
2017-09-09 07:00:00,4,3.79
2017-09-09 08:00:00,4,4.07
2017-09-09 09:00:00,4,6.96
2017-09-09 10:00:00,4,7.2
2017-09-09 11:00:00,4,7.27
2017-09-09 12:00:00,4,6.31
2017-09-09 13:00:00,4,10.72
2017-09-09 14:00:00,4,12.04
2017-09-09 15:00:00,4,10.59
2017-09-09 16:00:00,4,9.19
2017-09-09 17:00:00,4,8.74
2017-09-09 18:00:00,4,7.79
2017-09-09 19:00:00,4,9.96
2017-09-09 20:00:00,4,8.91
2017-09-09 21:00:00,4,9.24
2017-09-09 22:00:00,4,10.08
2017-09-09 23:00:00,4,10.93
2017-09-10 00:00:00,4,6.35
2017-09-10 01:00:00,4,6.2
2017-09-10 02:00:00,4,5.15
2017-09-10 03:00:00,4,3.79
2017-09-10 04:00:00,4,4.21
2017-09-10 05:00:00,4,3.41
2017-09-10 06:00:00,4,4.84
2017-09-10 07:00:00,4,3.99
2017-09-10 08:00:00,4,5.05
2017-09-10 09:00:00,4,7.16
2017-09-10 10:00:00,4,6.46
2017-09-10 11:00:00,4,7.01
2017-09-10 12:00:00,4,7.09
2017-09-10 13:00:00,4,7.55
2017-09-10 14:00:00,4,7.25
2017-09-10 15:00:00,4,7.77
2017-09-10 16:00:00,4,8.42
2017-09-10 17:00:00,4,8.4
2017-09-10 18:00:00,4,8.5
2017-09-10 19:00:00,4,9.43
2017-09-10 20:00:00,4,8.86
2017-09-10 21:00:00,4,8.05
2017-09-10 22:00:00,4,7.38
2017-09-10 23:00:00,4,7.89
2017-09-11 00:00:00,4,5.46
2017-09-11 01:00:00,4,5.37
2017-09-11 02:00:00,4,3.9
2017-09-11 03:00:00,4,4.17
2017-09-11 04:00:00,4,3.65
2017-09-11 05:00:00,4,4.05
2017-09-11 06:00:00,4,3.57
2017-09-11 07:00:00,4,4.52
2017-09-11 08:00:00,4,5.12
2017-09-11 09:00:00,4,5.88
2017-09-11 10:00:00,4,7.55
2017-09-11 11:00:00,4,11.09
2017-09-11 12:00:00,4,12.12
2017-09-11 13:00:00,4,9.41
2017-09-11 14:00:00,4,12.16
2017-09-11 15:00:00,4,11.22
2017-09-11 16:00:00,4,13.54
2017-09-11 17:00:00,4,11.21
2017-09-11 18:00:00,4,9.83
2017-09-11 19:00:00,4,8.47
2017-09-11 20:00:00,4,7.55
2017-09-11 21:00:00,4,8.03
2017-09-11 22:00:00,4,8.92
2017-09-11 23:00:00,4,7.62
2017-09-12 00:00:00,4,6.11
2017-09-12 01:00:00,4,7.2
2017-09-12 02:00:00,4,3.98
2017-09-12 03:00:00,4,3.83
2017-09-12 04:00:00,4,3.02
2017-09-12 05:00:00,4,4.0
2017-09-12 06:00:00,4,3.56
2017-09-12 07:00:00,4,5.66
2017-09-12 08:00:00,4,5.09
2017-09-12 09:00:00,4,6.62
2017-09-12 10:00:00,4,7.53
2017-09-12 11:00:00,4,10.87
2017-09-12 12:00:00,4,11.98
2017-09-12 13:00:00,4,9.54
2017-09-12 14:00:00,4,11.9
2017-09-12 15:00:00,4,10.99
2017-09-12 16:00:00,4,13.22
2017-09-12 17:00:00,4,11.68
2017-09-12 18:00:00,4,12.14
2017-09-12 19:00:00,4,10.95
2017-09-12 20:00:00,4,8.36
2017-09-12 21:00:00,4,8.55
2017-09-12 22:00:00,4,9.47
2017-09-12 23:00:00,4,7.65
2017-09-13 00:00:00,4,7.06
2017-09-13 01:00:00,4,6.93
2017-09-13 02:00:00,4,5.22
2017-09-13 03:00:00,4,3.99
2017-09-13 04:00:00,4,3.34
2017-09-13 05:00:00,4,4.32
2017-09-13 06:00:00,4,3.92
2017-09-13 07:00:00,4,5.47
2017-09-13 08:00:00,4,5.5
2017-09-13 09:00:00,4,7.12
2017-09-13 10:00:00,4,7.37
2017-09-13 11:00:00,4,11.11
2017-09-13 12:00:00,4,12.54
2017-09-13 13:00:00,4,13.17
2017-09-13 14:00:00,4,13.74
2017-09-13 15:00:00,4,11.5
2017-09-13 16:00:00,4,11.38
2017-09-13 17:00:00,4,10.93
2017-09-13 18:00:00,4,12.98
2017-09-13 19:00:00,4,13.13
2017-09-13 20:00:00,4,11.62
2017-09-13 21:00:00,4,10.48
2017-09-13 22:00:00,4,9.06
2017-09-13 23:00:00,4,8.19
2017-09-14 00:00:00,4,8.56
2017-09-14 01:00:00,4,5.0
2017-09-14 02:00:00,4,5.66
2017-09-14 03:00:00,4,5.63
2017-09-14 04:00:00,4,5.19
2017-09-14 05:00:00,4,5.7
2017-09-14 06:00:00,4,4.84
2017-09-14 07:00:00,4,4.29
2017-09-14 08:00:00,4,6.66
2017-09-14 09:00:00,4,10.4
2017-09-14 10:00:00,4,8.09
2017-09-14 11:00:00,4,12.05
2017-09-14 12:00:00,4,12.53
2017-09-14 13:00:00,4,15.41
2017-09-14 14:00:00,4,14.13
2017-09-14 15:00:00,4,12.9
2017-09-14 16:00:00,4,9.33
2017-09-14 17:00:00,4,9.55
2017-09-14 18:00:00,4,9.53
2017-09-14 19:00:00,4,10.52
2017-09-14 20:00:00,4,10.37
2017-09-14 21:00:00,4,8.82
2017-09-14 22:00:00,4,8.16
2017-09-14 23:00:00,4,7.42
2017-09-15 00:00:00,4,6.04
2017-09-15 01:00:00,4,3.6
2017-09-15 02:00:00,4,5.26
2017-09-15 03:00:00,4,5.69
2017-09-15 04:00:00,4,5.0
2017-09-15 05:00:00,4,5.22
2017-09-15 06:00:00,4,5.0
2017-09-15 07:00:00,4,3.31
2017-09-15 08:00:00,4,5.86
2017-09-15 09:00:00,4,8.58
2017-09-15 10:00:00,4,8.39
2017-09-15 11:00:00,4,10.2
2017-09-15 12:00:00,4,9.82
2017-09-15 13:00:00,4,11.65
2017-09-15 14:00:00,4,10.04
2017-09-15 15:00:00,4,15.23
2017-09-15 16:00:00,4,12.8
2017-09-15 17:00:00,4,11.53
2017-09-15 18:00:00,4,10.75
2017-09-15 19:00:00,4,14.49
2017-09-15 20:00:00,4,14.23
2017-09-15 21:00:00,4,9.16
2017-09-15 22:00:00,4,9.07
2017-09-15 23:00:00,4,7.34
2017-09-16 00:00:00,4,6.1
2017-09-16 01:00:00,4,3.52
2017-09-16 02:00:00,4,4.68
2017-09-16 03:00:00,4,3.92
2017-09-16 04:00:00,4,4.25
2017-09-16 05:00:00,4,4.39
2017-09-16 06:00:00,4,4.42
2017-09-16 07:00:00,4,3.75
2017-09-16 08:00:00,4,3.84
2017-09-16 09:00:00,4,6.12
2017-09-16 10:00:00,4,6.49
2017-09-16 11:00:00,4,5.54
2017-09-16 12:00:00,4,7.8
2017-09-16 13:00:00,4,5.42
2017-09-16 14:00:00,4,6.77
2017-09-16 15:00:00,4,6.73
2017-09-16 16:00:00,4,7.26
2017-09-16 17:00:00,4,7.79
2017-09-16 18:00:00,4,7.3
2017-09-16 19:00:00,4,8.8
2017-09-16 20:00:00,4,11.25
2017-09-16 21:00:00,4,11.14
2017-09-16 22:00:00,4,12.37
2017-09-16 23:00:00,4,11.56
2017-09-17 00:00:00,4,8.11
2017-09-17 01:00:00,4,5.91
2017-09-17 02:00:00,4,5.68
2017-09-17 03:00:00,4,3.91
2017-09-17 04:00:00,4,3.91
2017-09-17 05:00:00,4,3.86
2017-09-17 06:00:00,4,4.46
2017-09-17 07:00:00,4,4.7
2017-09-17 08:00:00,4,3.98
2017-09-17 09:00:00,4,6.35
2017-09-17 10:00:00,4,7.44
2017-09-17 11:00:00,4,6.12
2017-09-17 12:00:00,4,8.09
2017-09-17 13:00:00,4,7.61
2017-09-17 14:00:00,4,8.14
2017-09-17 15:00:00,4,7.76
2017-09-17 16:00:00,4,8.24
2017-09-17 17:00:00,4,8.47
2017-09-17 18:00:00,4,8.38
2017-09-17 19:00:00,4,9.35
2017-09-17 20:00:00,4,9.3
2017-09-17 21:00:00,4,8.52
2017-09-17 22:00:00,4,8.66
2017-09-17 23:00:00,4,9.12
2017-09-18 00:00:00,4,7.69
2017-09-18 01:00:00,4,4.64
2017-09-18 02:00:00,4,5.28
2017-09-18 03:00:00,4,4.87
2017-09-18 04:00:00,4,4.94
2017-09-18 05:00:00,4,4.65
2017-09-18 06:00:00,4,3.58
2017-09-18 07:00:00,4,4.83
2017-09-18 08:00:00,4,5.27
2017-09-18 09:00:00,4,5.1
2017-09-18 10:00:00,4,7.07
2017-09-18 11:00:00,4,8.98
2017-09-18 12:00:00,4,10.24
2017-09-18 13:00:00,4,8.29
2017-09-18 14:00:00,4,11.66
2017-09-18 15:00:00,4,12.62
2017-09-18 16:00:00,4,11.99
2017-09-18 17:00:00,4,10.83
2017-09-18 18:00:00,4,8.24
2017-09-18 19:00:00,4,8.66
2017-09-18 20:00:00,4,7.85
2017-09-18 21:00:00,4,8.14
2017-09-18 22:00:00,4,9.7
2017-09-18 23:00:00,4,6.97
2017-09-19 00:00:00,4,7.82
2017-09-19 01:00:00,4,4.08
2017-09-19 02:00:00,4,5.25
2017-09-19 03:00:00,4,5.05
2017-09-19 04:00:00,4,4.64
2017-09-19 05:00:00,4,3.69
2017-09-19 06:00:00,4,3.98
2017-09-19 07:00:00,4,4.92
2017-09-19 08:00:00,4,5.29
2017-09-19 09:00:00,4,5.29
2017-09-19 10:00:00,4,7.49
2017-09-19 11:00:00,4,9.47
2017-09-19 12:00:00,4,10.24
2017-09-19 13:00:00,4,9.15
2017-09-19 14:00:00,4,10.11
2017-09-19 15:00:00,4,12.45
2017-09-19 16:00:00,4,9.81
2017-09-19 17:00:00,4,10.4
2017-09-19 18:00:00,4,9.55
2017-09-19 19:00:00,4,9.51
2017-09-19 20:00:00,4,9.34
2017-09-19 21:00:00,4,8.51
2017-09-19 22:00:00,4,10.7
2017-09-19 23:00:00,4,7.79
2017-09-20 00:00:00,4,7.91
2017-09-20 01:00:00,4,5.28
2017-09-20 02:00:00,4,6.14
2017-09-20 03:00:00,4,4.27
2017-09-20 04:00:00,4,3.9
2017-09-20 05:00:00,4,3.02
2017-09-20 06:00:00,4,4.2
2017-09-20 07:00:00,4,4.4
2017-09-20 08:00:00,4,6.33
2017-09-20 09:00:00,4,6.24
2017-09-20 10:00:00,4,8.03
2017-09-20 11:00:00,4,9.37
2017-09-20 12:00:00,4,11.76
2017-09-20 13:00:00,4,9.2
2017-09-20 14:00:00,4,9.57
2017-09-20 15:00:00,4,11.3
2017-09-20 16:00:00,4,9.23
2017-09-20 17:00:00,4,10.14
2017-09-20 18:00:00,4,10.25
2017-09-20 19:00:00,4,10.97
2017-09-20 20:00:00,4,12.72
2017-09-20 21:00:00,4,11.55
2017-09-20 22:00:00,4,11.68
2017-09-20 23:00:00,4,9.49
2017-09-21 00:00:00,4,7.49
2017-09-21 01:00:00,4,6.58
2017-09-21 02:00:00,4,6.3
2017-09-21 03:00:00,4,3.63
2017-09-21 04:00:00,4,4.84
2017-09-21 05:00:00,4,4.35
2017-09-21 06:00:00,4,4.79
2017-09-21 07:00:00,4,4.23
2017-09-21 08:00:00,4,7.27
2017-09-21 09:00:00,4,9.41
2017-09-21 10:00:00,4,8.64
2017-09-21 11:00:00,4,9.06
2017-09-21 12:00:00,4,12.29
2017-09-21 13:00:00,4,10.64
2017-09-21 14:00:00,4,10.62
2017-09-21 15:00:00,4,14.03
2017-09-21 16:00:00,4,13.59
2017-09-21 17:00:00,4,12.9
2017-09-21 18:00:00,4,11.75
2017-09-21 19:00:00,4,12.33
2017-09-21 20:00:00,4,12.43
2017-09-21 21:00:00,4,11.57
2017-09-21 22:00:00,4,11.18
2017-09-21 23:00:00,4,10.33
2017-09-22 00:00:00,4,6.52
2017-09-22 01:00:00,4,5.24
2017-09-22 02:00:00,4,4.67
2017-09-22 03:00:00,4,4.02
2017-09-22 04:00:00,4,5.85
2017-09-22 05:00:00,4,5.39
2017-09-22 06:00:00,4,5.4
2017-09-22 07:00:00,4,4.77
2017-09-22 08:00:00,4,6.67
2017-09-22 09:00:00,4,7.76
2017-09-22 10:00:00,4,10.81
2017-09-22 11:00:00,4,11.79
2017-09-22 12:00:00,4,13.09
2017-09-22 13:00:00,4,12.63
2017-09-22 14:00:00,4,14.01
2017-09-22 15:00:00,4,19.65
2017-09-22 16:00:00,4,20.4
2017-09-22 17:00:00,4,17.85
2017-09-22 18:00:00,4,16.02
2017-09-22 19:00:00,4,15.92
2017-09-22 20:00:00,4,14.83
2017-09-22 21:00:00,4,10.78
2017-09-22 22:00:00,4,10.71
2017-09-22 23:00:00,4,10.2
2017-09-23 00:00:00,4,7.75
2017-09-23 01:00:00,4,4.28
2017-09-23 02:00:00,4,4.64
2017-09-23 03:00:00,4,4.49
2017-09-23 04:00:00,4,4.94
2017-09-23 05:00:00,4,5.02
2017-09-23 06:00:00,4,5.37
2017-09-23 07:00:00,4,4.89
2017-09-23 08:00:00,4,4.18
2017-09-23 09:00:00,4,6.18
2017-09-23 10:00:00,4,10.54
2017-09-23 11:00:00,4,10.42
2017-09-23 12:00:00,4,11.55
2017-09-23 13:00:00,4,8.63
2017-09-23 14:00:00,4,12.41
2017-09-23 15:00:00,4,10.77
2017-09-23 16:00:00,4,8.12
2017-09-23 17:00:00,4,8.92
2017-09-23 18:00:00,4,8.48
2017-09-23 19:00:00,4,9.41
2017-09-23 20:00:00,4,9.7
2017-09-23 21:00:00,4,9.31
2017-09-23 22:00:00,4,8.88
2017-09-23 23:00:00,4,7.61
2017-09-24 00:00:00,4,7.82
2017-09-24 01:00:00,4,5.13
2017-09-24 02:00:00,4,4.96
2017-09-24 03:00:00,4,4.25
2017-09-24 04:00:00,4,3.63
2017-09-24 05:00:00,4,3.56
2017-09-24 06:00:00,4,4.28
2017-09-24 07:00:00,4,4.81
2017-09-24 08:00:00,4,4.47
2017-09-24 09:00:00,4,6.3
2017-09-24 10:00:00,4,6.63
2017-09-24 11:00:00,4,7.73
2017-09-24 12:00:00,4,7.09
2017-09-24 13:00:00,4,6.84
2017-09-24 14:00:00,4,7.78
2017-09-24 15:00:00,4,7.46
2017-09-24 16:00:00,4,6.93
2017-09-24 17:00:00,4,6.43
2017-09-24 18:00:00,4,6.33
2017-09-24 19:00:00,4,7.42
2017-09-24 20:00:00,4,8.04
2017-09-24 21:00:00,4,7.98
2017-09-24 22:00:00,4,8.68
2017-09-24 23:00:00,4,6.77
2017-09-25 00:00:00,4,6.77
2017-09-25 01:00:00,4,4.87
2017-09-25 02:00:00,4,4.8
2017-09-25 03:00:00,4,3.46
2017-09-25 04:00:00,4,2.51
2017-09-25 05:00:00,4,4.41
2017-09-25 06:00:00,4,3.92
2017-09-25 07:00:00,4,5.51
2017-09-25 08:00:00,4,4.62
2017-09-25 09:00:00,4,5.71
2017-09-25 10:00:00,4,9.55
2017-09-25 11:00:00,4,9.26
2017-09-25 12:00:00,4,11.85
2017-09-25 13:00:00,4,10.45
2017-09-25 14:00:00,4,10.14
2017-09-25 15:00:00,4,11.48
2017-09-25 16:00:00,4,10.58
2017-09-25 17:00:00,4,11.81
2017-09-25 18:00:00,4,11.41
2017-09-25 19:00:00,4,11.06
2017-09-25 20:00:00,4,9.32
2017-09-25 21:00:00,4,8.65
2017-09-25 22:00:00,4,9.67
2017-09-25 23:00:00,4,8.82
2017-09-26 00:00:00,4,8.36
2017-09-26 01:00:00,4,5.21
2017-09-26 02:00:00,4,5.25
2017-09-26 03:00:00,4,4.06
2017-09-26 04:00:00,4,2.53
2017-09-26 05:00:00,4,3.56
2017-09-26 06:00:00,4,3.23
2017-09-26 07:00:00,4,5.5
2017-09-26 08:00:00,4,4.45
2017-09-26 09:00:00,4,5.3
2017-09-26 10:00:00,4,9.69
2017-09-26 11:00:00,4,10.17
2017-09-26 12:00:00,4,16.31
2017-09-26 13:00:00,4,13.46
2017-09-26 14:00:00,4,12.19
2017-09-26 15:00:00,4,12.4
2017-09-26 16:00:00,4,11.39
2017-09-26 17:00:00,4,12.39
2017-09-26 18:00:00,4,12.8
2017-09-26 19:00:00,4,12.03
2017-09-26 20:00:00,4,10.15
2017-09-26 21:00:00,4,9.15
2017-09-26 22:00:00,4,10.03
2017-09-26 23:00:00,4,9.06
2017-09-27 00:00:00,4,7.18
2017-09-27 01:00:00,4,6.06
2017-09-27 02:00:00,4,4.92
2017-09-27 03:00:00,4,4.58
2017-09-27 04:00:00,4,3.52
2017-09-27 05:00:00,4,3.07
2017-09-27 06:00:00,4,2.94
2017-09-27 07:00:00,4,4.55
2017-09-27 08:00:00,4,5.69
2017-09-27 09:00:00,4,5.75
2017-09-27 10:00:00,4,10.89
2017-09-27 11:00:00,4,13.37
2017-09-27 12:00:00,4,21.59
2017-09-27 13:00:00,4,16.67
2017-09-27 14:00:00,4,15.5
2017-09-27 15:00:00,4,14.85
2017-09-27 16:00:00,4,14.02
2017-09-27 17:00:00,4,13.49
2017-09-27 18:00:00,4,13.69
2017-09-27 19:00:00,4,13.48
2017-09-27 20:00:00,4,14.66
2017-09-27 21:00:00,4,13.3
2017-09-27 22:00:00,4,14.89
2017-09-27 23:00:00,4,12.29
2017-09-28 00:00:00,4,7.09
2017-09-28 01:00:00,4,7.85
2017-09-28 02:00:00,4,6.2
2017-09-28 03:00:00,4,5.14
2017-09-28 04:00:00,4,4.76
2017-09-28 05:00:00,4,4.36
2017-09-28 06:00:00,4,4.12
2017-09-28 07:00:00,4,5.15
2017-09-28 08:00:00,4,7.09
2017-09-28 09:00:00,4,10.04
2017-09-28 10:00:00,4,12.32
2017-09-28 11:00:00,4,13.65
2017-09-28 12:00:00,4,16.99
2017-09-28 13:00:00,4,15.46
2017-09-28 14:00:00,4,15.66
2017-09-28 15:00:00,4,16.45
2017-09-28 16:00:00,4,17.16
2017-09-28 17:00:00,4,15.73
2017-09-28 18:00:00,4,15.4
2017-09-28 19:00:00,4,15.19
2017-09-28 20:00:00,4,18.16
2017-09-28 21:00:00,4,15.83
2017-09-28 22:00:00,4,17.84
2017-09-28 23:00:00,4,13.83
2017-09-29 00:00:00,4,7.34
2017-09-29 01:00:00,4,6.95
2017-09-29 02:00:00,4,7.33
2017-09-29 03:00:00,4,5.35
2017-09-29 04:00:00,4,4.91
2017-09-29 05:00:00,4,4.66
2017-09-29 06:00:00,4,4.73
2017-09-29 07:00:00,4,4.65
2017-09-29 08:00:00,4,5.13
2017-09-29 09:00:00,4,7.9
2017-09-29 10:00:00,4,12.47
2017-09-29 11:00:00,4,13.4
2017-09-29 12:00:00,4,14.26
2017-09-29 13:00:00,4,13.25
2017-09-29 14:00:00,4,13.41
2017-09-29 15:00:00,4,14.82
2017-09-29 16:00:00,4,16.67
2017-09-29 17:00:00,4,16.43
2017-09-29 18:00:00,4,16.64
2017-09-29 19:00:00,4,13.91
2017-09-29 20:00:00,4,18.43
2017-09-29 21:00:00,4,14.83
2017-09-29 22:00:00,4,17.64
2017-09-29 23:00:00,4,13.05
2017-09-30 00:00:00,4,8.81
2017-09-30 01:00:00,4,6.61
2017-09-30 02:00:00,4,5.56
2017-09-30 03:00:00,4,4.38
2017-09-30 04:00:00,4,4.06
2017-09-30 05:00:00,4,4.45
2017-09-30 06:00:00,4,4.84
2017-09-30 07:00:00,4,4.69
2017-09-30 08:00:00,4,4.44
2017-09-30 09:00:00,4,6.65
2017-09-30 10:00:00,4,9.61
2017-09-30 11:00:00,4,9.38
2017-09-30 12:00:00,4,9.92
2017-09-30 13:00:00,4,7.78
2017-09-30 14:00:00,4,10.11
2017-09-30 15:00:00,4,8.72
2017-09-30 16:00:00,4,7.75
2017-09-30 17:00:00,4,8.46
2017-09-30 18:00:00,4,8.71
2017-09-30 19:00:00,4,9.43
2017-09-30 20:00:00,4,11.12
2017-09-30 21:00:00,4,9.91
2017-09-30 22:00:00,4,10.15
2017-09-30 23:00:00,4,8.07
2017-10-01 00:00:00,4,7.02
2017-10-01 01:00:00,4,6.33
2017-10-01 02:00:00,4,4.86
2017-10-01 03:00:00,4,4.52
2017-10-01 04:00:00,4,4.12
2017-10-01 05:00:00,4,3.57
2017-10-01 06:00:00,4,4.64
2017-10-01 07:00:00,4,5.65
2017-10-01 08:00:00,4,5.08
2017-10-01 09:00:00,4,5.49
2017-10-01 10:00:00,4,7.53
2017-10-01 11:00:00,4,7.13
2017-10-01 12:00:00,4,7.34
2017-10-01 13:00:00,4,7.91
2017-10-01 14:00:00,4,7.23
2017-10-01 15:00:00,4,7.16
2017-10-01 16:00:00,4,7.34
2017-10-01 17:00:00,4,7.59
2017-10-01 18:00:00,4,7.09
2017-10-01 19:00:00,4,5.59
2017-10-01 20:00:00,4,6.77
2017-10-01 21:00:00,4,6.55
2017-10-01 22:00:00,4,5.51
2017-10-01 23:00:00,4,7.27
2017-10-02 00:00:00,4,7.6
2017-10-02 01:00:00,4,5.47
2017-10-02 02:00:00,4,4.93
2017-10-02 03:00:00,4,4.81
2017-10-02 04:00:00,4,3.89
2017-10-02 05:00:00,4,4.47
2017-10-02 06:00:00,4,3.84
2017-10-02 07:00:00,4,5.27
2017-10-02 08:00:00,4,5.53
2017-10-02 09:00:00,4,6.25
2017-10-02 10:00:00,4,10.64
2017-10-02 11:00:00,4,12.63
2017-10-02 12:00:00,4,13.31
2017-10-02 13:00:00,4,11.21
2017-10-02 14:00:00,4,11.5
2017-10-02 15:00:00,4,11.13
2017-10-02 16:00:00,4,11.04
2017-10-02 17:00:00,4,10.71
2017-10-02 18:00:00,4,10.19
2017-10-02 19:00:00,4,9.08
2017-10-02 20:00:00,4,10.52
2017-10-02 21:00:00,4,11.43
2017-10-02 22:00:00,4,9.71
2017-10-02 23:00:00,4,9.6
2017-10-03 00:00:00,4,8.16
2017-10-03 01:00:00,4,6.83
2017-10-03 02:00:00,4,5.14
2017-10-03 03:00:00,4,5.06
2017-10-03 04:00:00,4,3.87
2017-10-03 05:00:00,4,4.32
2017-10-03 06:00:00,4,3.82
2017-10-03 07:00:00,4,5.4
2017-10-03 08:00:00,4,6.48
2017-10-03 09:00:00,4,7.8
2017-10-03 10:00:00,4,11.12
2017-10-03 11:00:00,4,12.83
2017-10-03 12:00:00,4,15.95
2017-10-03 13:00:00,4,11.89
2017-10-03 14:00:00,4,11.8
2017-10-03 15:00:00,4,11.52
2017-10-03 16:00:00,4,11.03
2017-10-03 17:00:00,4,12.25
2017-10-03 18:00:00,4,10.48
2017-10-03 19:00:00,4,9.88
2017-10-03 20:00:00,4,11.5
2017-10-03 21:00:00,4,12.14
2017-10-03 22:00:00,4,11.3
2017-10-03 23:00:00,4,10.13
2017-10-04 00:00:00,4,7.41
2017-10-04 01:00:00,4,6.92
2017-10-04 02:00:00,4,5.59
2017-10-04 03:00:00,4,4.85
2017-10-04 04:00:00,4,3.39
2017-10-04 05:00:00,4,4.12
2017-10-04 06:00:00,4,3.7
2017-10-04 07:00:00,4,4.86
2017-10-04 08:00:00,4,6.25
2017-10-04 09:00:00,4,7.52
2017-10-04 10:00:00,4,10.93
2017-10-04 11:00:00,4,12.49
2017-10-04 12:00:00,4,16.21
2017-10-04 13:00:00,4,10.69
2017-10-04 14:00:00,4,10.87
2017-10-04 15:00:00,4,10.69
2017-10-04 16:00:00,4,10.47
2017-10-04 17:00:00,4,10.7
2017-10-04 18:00:00,4,8.76
2017-10-04 19:00:00,4,8.81
2017-10-04 20:00:00,4,9.42
2017-10-04 21:00:00,4,9.05
2017-10-04 22:00:00,4,7.69
2017-10-04 23:00:00,4,7.99
2017-10-05 00:00:00,4,7.93
2017-10-05 01:00:00,4,7.24
2017-10-05 02:00:00,4,5.48
2017-10-05 03:00:00,4,5.72
2017-10-05 04:00:00,4,4.31
2017-10-05 05:00:00,4,4.61
2017-10-05 06:00:00,4,4.12
2017-10-05 07:00:00,4,5.17
2017-10-05 08:00:00,4,5.93
2017-10-05 09:00:00,4,9.2
2017-10-05 10:00:00,4,10.62
2017-10-05 11:00:00,4,11.78
2017-10-05 12:00:00,4,14.05
2017-10-05 13:00:00,4,11.04
2017-10-05 14:00:00,4,11.15
2017-10-05 15:00:00,4,12.36
2017-10-05 16:00:00,4,10.08
2017-10-05 17:00:00,4,10.71
2017-10-05 18:00:00,4,8.24
2017-10-05 19:00:00,4,8.76
2017-10-05 20:00:00,4,9.22
2017-10-05 21:00:00,4,8.87
2017-10-05 22:00:00,4,7.04
2017-10-05 23:00:00,4,8.14
2017-10-06 00:00:00,4,5.88
2017-10-06 01:00:00,4,6.95
2017-10-06 02:00:00,4,4.67
2017-10-06 03:00:00,4,5.09
2017-10-06 04:00:00,4,4.23
2017-10-06 05:00:00,4,3.93
2017-10-06 06:00:00,4,3.9
2017-10-06 07:00:00,4,4.66
2017-10-06 08:00:00,4,5.12
2017-10-06 09:00:00,4,7.66
2017-10-06 10:00:00,4,10.0
2017-10-06 11:00:00,4,11.69
2017-10-06 12:00:00,4,12.21
2017-10-06 13:00:00,4,10.96
2017-10-06 14:00:00,4,12.05
2017-10-06 15:00:00,4,13.34
2017-10-06 16:00:00,4,10.43
2017-10-06 17:00:00,4,10.48
2017-10-06 18:00:00,4,8.13
2017-10-06 19:00:00,4,9.29
2017-10-06 20:00:00,4,10.65
2017-10-06 21:00:00,4,10.18
2017-10-06 22:00:00,4,9.15
2017-10-06 23:00:00,4,8.82
2017-10-07 00:00:00,4,5.65
2017-10-07 01:00:00,4,6.91
2017-10-07 02:00:00,4,4.67
2017-10-07 03:00:00,4,3.89
2017-10-07 04:00:00,4,4.26
2017-10-07 05:00:00,4,2.99
2017-10-07 06:00:00,4,4.3
2017-10-07 07:00:00,4,4.63
2017-10-07 08:00:00,4,4.35
2017-10-07 09:00:00,4,7.07
2017-10-07 10:00:00,4,8.07
2017-10-07 11:00:00,4,7.69
2017-10-07 12:00:00,4,6.77
2017-10-07 13:00:00,4,10.52
2017-10-07 14:00:00,4,11.21
2017-10-07 15:00:00,4,10.12
2017-10-07 16:00:00,4,9.03
2017-10-07 17:00:00,4,8.67
2017-10-07 18:00:00,4,7.73
2017-10-07 19:00:00,4,9.62
2017-10-07 20:00:00,4,8.72
2017-10-07 21:00:00,4,8.95
2017-10-07 22:00:00,4,9.63
2017-10-07 23:00:00,4,10.62
2017-10-08 00:00:00,4,6.46
2017-10-08 01:00:00,4,6.65
2017-10-08 02:00:00,4,5.4
2017-10-08 03:00:00,4,3.99
2017-10-08 04:00:00,4,4.16
2017-10-08 05:00:00,4,3.29
2017-10-08 06:00:00,4,4.57
2017-10-08 07:00:00,4,4.62
2017-10-08 08:00:00,4,5.08
2017-10-08 09:00:00,4,7.2
2017-10-08 10:00:00,4,6.87
2017-10-08 11:00:00,4,7.05
2017-10-08 12:00:00,4,7.0
2017-10-08 13:00:00,4,7.33
2017-10-08 14:00:00,4,7.27
2017-10-08 15:00:00,4,7.61
2017-10-08 16:00:00,4,8.3
2017-10-08 17:00:00,4,8.23
2017-10-08 18:00:00,4,8.39
2017-10-08 19:00:00,4,9.2
2017-10-08 20:00:00,4,8.59
2017-10-08 21:00:00,4,7.91
2017-10-08 22:00:00,4,7.05
2017-10-08 23:00:00,4,7.54
2017-10-09 00:00:00,4,5.91
2017-10-09 01:00:00,4,5.52
2017-10-09 02:00:00,4,4.28
2017-10-09 03:00:00,4,4.35
2017-10-09 04:00:00,4,3.78
2017-10-09 05:00:00,4,3.71
2017-10-09 06:00:00,4,3.33
2017-10-09 07:00:00,4,4.64
2017-10-09 08:00:00,4,4.63
2017-10-09 09:00:00,4,6.61
2017-10-09 10:00:00,4,7.9
2017-10-09 11:00:00,4,11.24
2017-10-09 12:00:00,4,12.32
2017-10-09 13:00:00,4,9.44
2017-10-09 14:00:00,4,11.77
2017-10-09 15:00:00,4,11.06
2017-10-09 16:00:00,4,12.62
2017-10-09 17:00:00,4,10.77
2017-10-09 18:00:00,4,8.86
2017-10-09 19:00:00,4,7.74
2017-10-09 20:00:00,4,8.08
2017-10-09 21:00:00,4,8.26
2017-10-09 22:00:00,4,8.28
2017-10-09 23:00:00,4,7.67
2017-10-10 00:00:00,4,6.38
2017-10-10 01:00:00,4,7.29
2017-10-10 02:00:00,4,4.49
2017-10-10 03:00:00,4,3.99
2017-10-10 04:00:00,4,3.76
2017-10-10 05:00:00,4,3.97
2017-10-10 06:00:00,4,3.16
2017-10-10 07:00:00,4,4.98
2017-10-10 08:00:00,4,4.64
2017-10-10 09:00:00,4,6.37
2017-10-10 10:00:00,4,7.57
2017-10-10 11:00:00,4,10.72
2017-10-10 12:00:00,4,12.11
2017-10-10 13:00:00,4,9.35
2017-10-10 14:00:00,4,11.79
2017-10-10 15:00:00,4,11.19
2017-10-10 16:00:00,4,12.43
2017-10-10 17:00:00,4,11.25
2017-10-10 18:00:00,4,9.77
2017-10-10 19:00:00,4,9.28
2017-10-10 20:00:00,4,8.58
2017-10-10 21:00:00,4,8.55
2017-10-10 22:00:00,4,9.03
2017-10-10 23:00:00,4,7.93
2017-10-11 00:00:00,4,6.44
2017-10-11 01:00:00,4,6.75
2017-10-11 02:00:00,4,4.9
2017-10-11 03:00:00,4,4.32
2017-10-11 04:00:00,4,3.87
2017-10-11 05:00:00,4,4.2
2017-10-11 06:00:00,4,3.85
2017-10-11 07:00:00,4,4.7
2017-10-11 08:00:00,4,5.55
2017-10-11 09:00:00,4,6.61
2017-10-11 10:00:00,4,7.35
2017-10-11 11:00:00,4,10.8
2017-10-11 12:00:00,4,12.72
2017-10-11 13:00:00,4,11.85
2017-10-11 14:00:00,4,13.19
2017-10-11 15:00:00,4,11.81
2017-10-11 16:00:00,4,11.57
2017-10-11 17:00:00,4,10.75
2017-10-11 18:00:00,4,10.36
2017-10-11 19:00:00,4,11.11
2017-10-11 20:00:00,4,10.18
2017-10-11 21:00:00,4,9.67
2017-10-11 22:00:00,4,8.37
2017-10-11 23:00:00,4,8.36
2017-10-12 00:00:00,4,7.59
2017-10-12 01:00:00,4,6.37
2017-10-12 02:00:00,4,5.1
2017-10-12 03:00:00,4,5.22
2017-10-12 04:00:00,4,4.84
2017-10-12 05:00:00,4,4.95
2017-10-12 06:00:00,4,4.57
2017-10-12 07:00:00,4,4.84
2017-10-12 08:00:00,4,6.31
2017-10-12 09:00:00,4,9.83
2017-10-12 10:00:00,4,7.41
2017-10-12 11:00:00,4,11.31
2017-10-12 12:00:00,4,11.04
2017-10-12 13:00:00,4,11.9
2017-10-12 14:00:00,4,12.92
2017-10-12 15:00:00,4,13.58
2017-10-12 16:00:00,4,10.29
2017-10-12 17:00:00,4,10.06
2017-10-12 18:00:00,4,8.18
2017-10-12 19:00:00,4,9.26
2017-10-12 20:00:00,4,8.48
2017-10-12 21:00:00,4,7.87
2017-10-12 22:00:00,4,7.68
2017-10-12 23:00:00,4,7.74
2017-10-13 00:00:00,4,5.91
2017-10-13 01:00:00,4,5.78
2017-10-13 02:00:00,4,5.1
2017-10-13 03:00:00,4,4.97
2017-10-13 04:00:00,4,4.28
2017-10-13 05:00:00,4,4.75
2017-10-13 06:00:00,4,4.59
2017-10-13 07:00:00,4,3.83
2017-10-13 08:00:00,4,5.21
2017-10-13 09:00:00,4,8.01
2017-10-13 10:00:00,4,8.21
2017-10-13 11:00:00,4,10.7
2017-10-13 12:00:00,4,10.3
2017-10-13 13:00:00,4,12.45
2017-10-13 14:00:00,4,11.85
2017-10-13 15:00:00,4,15.11
2017-10-13 16:00:00,4,12.8
2017-10-13 17:00:00,4,11.66
2017-10-13 18:00:00,4,11.38
2017-10-13 19:00:00,4,14.66
2017-10-13 20:00:00,4,14.4
2017-10-13 21:00:00,4,10.31
2017-10-13 22:00:00,4,9.67
2017-10-13 23:00:00,4,7.89
2017-10-14 00:00:00,4,6.19
2017-10-14 01:00:00,4,4.75
2017-10-14 02:00:00,4,5.65
2017-10-14 03:00:00,4,4.29
2017-10-14 04:00:00,4,4.0
2017-10-14 05:00:00,4,4.52
2017-10-14 06:00:00,4,4.57
2017-10-14 07:00:00,4,3.79
2017-10-14 08:00:00,4,5.14
2017-10-14 09:00:00,4,6.41
2017-10-14 10:00:00,4,6.98
2017-10-14 11:00:00,4,6.39
2017-10-14 12:00:00,4,7.97
2017-10-14 13:00:00,4,7.22
2017-10-14 14:00:00,4,8.19
2017-10-14 15:00:00,4,7.39
2017-10-14 16:00:00,4,7.78
2017-10-14 17:00:00,4,8.09
2017-10-14 18:00:00,4,7.64
2017-10-14 19:00:00,4,8.62
2017-10-14 20:00:00,4,11.0
2017-10-14 21:00:00,4,10.89
2017-10-14 22:00:00,4,11.84
2017-10-14 23:00:00,4,11.16
2017-10-15 00:00:00,4,7.65
2017-10-15 01:00:00,4,4.2
2017-10-15 02:00:00,4,5.53
2017-10-15 03:00:00,4,4.21
2017-10-15 04:00:00,4,3.79
2017-10-15 05:00:00,4,3.88
2017-10-15 06:00:00,4,4.41
2017-10-15 07:00:00,4,4.32
2017-10-15 08:00:00,4,5.22
2017-10-15 09:00:00,4,6.75
2017-10-15 10:00:00,4,7.51
2017-10-15 11:00:00,4,6.39
2017-10-15 12:00:00,4,8.1
2017-10-15 13:00:00,4,7.71
2017-10-15 14:00:00,4,7.98
2017-10-15 15:00:00,4,7.86
2017-10-15 16:00:00,4,8.44
2017-10-15 17:00:00,4,8.58
2017-10-15 18:00:00,4,8.42
2017-10-15 19:00:00,4,9.3
2017-10-15 20:00:00,4,9.07
2017-10-15 21:00:00,4,8.36
2017-10-15 22:00:00,4,8.59
2017-10-15 23:00:00,4,8.92
2017-10-16 00:00:00,4,6.83
2017-10-16 01:00:00,4,4.13
2017-10-16 02:00:00,4,4.23
2017-10-16 03:00:00,4,4.67
2017-10-16 04:00:00,4,4.13
2017-10-16 05:00:00,4,4.42
2017-10-16 06:00:00,4,3.81
2017-10-16 07:00:00,4,4.98
2017-10-16 08:00:00,4,5.54
2017-10-16 09:00:00,4,6.55
2017-10-16 10:00:00,4,7.5
2017-10-16 11:00:00,4,9.84
2017-10-16 12:00:00,4,10.64
2017-10-16 13:00:00,4,9.66
2017-10-16 14:00:00,4,11.85
2017-10-16 15:00:00,4,12.18
2017-10-16 16:00:00,4,11.93
2017-10-16 17:00:00,4,10.89
2017-10-16 18:00:00,4,9.35
2017-10-16 19:00:00,4,10.06
2017-10-16 20:00:00,4,8.8
2017-10-16 21:00:00,4,8.4
2017-10-16 22:00:00,4,9.58
2017-10-16 23:00:00,4,7.14
2017-10-17 00:00:00,4,7.53
2017-10-17 01:00:00,4,4.7
2017-10-17 02:00:00,4,5.02
2017-10-17 03:00:00,4,4.8
2017-10-17 04:00:00,4,4.42
2017-10-17 05:00:00,4,3.97
2017-10-17 06:00:00,4,3.93
2017-10-17 07:00:00,4,5.11
2017-10-17 08:00:00,4,5.55
2017-10-17 09:00:00,4,5.78
2017-10-17 10:00:00,4,7.67
2017-10-17 11:00:00,4,9.65
2017-10-17 12:00:00,4,10.31
2017-10-17 13:00:00,4,9.84
2017-10-17 14:00:00,4,10.23
2017-10-17 15:00:00,4,11.98
2017-10-17 16:00:00,4,10.32
2017-10-17 17:00:00,4,10.68
2017-10-17 18:00:00,4,10.32
2017-10-17 19:00:00,4,10.51
2017-10-17 20:00:00,4,10.36
2017-10-17 21:00:00,4,8.82
2017-10-17 22:00:00,4,10.27
2017-10-17 23:00:00,4,7.48
2017-10-18 00:00:00,4,7.95
2017-10-18 01:00:00,4,5.58
2017-10-18 02:00:00,4,6.06
2017-10-18 03:00:00,4,4.54
2017-10-18 04:00:00,4,4.23
2017-10-18 05:00:00,4,3.98
2017-10-18 06:00:00,4,4.15
2017-10-18 07:00:00,4,4.24
2017-10-18 08:00:00,4,6.31
2017-10-18 09:00:00,4,6.32
2017-10-18 10:00:00,4,7.72
2017-10-18 11:00:00,4,9.19
2017-10-18 12:00:00,4,11.38
2017-10-18 13:00:00,4,9.98
2017-10-18 14:00:00,4,10.67
2017-10-18 15:00:00,4,11.95
2017-10-18 16:00:00,4,10.31
2017-10-18 17:00:00,4,10.56
2017-10-18 18:00:00,4,10.1
2017-10-18 19:00:00,4,10.81
2017-10-18 20:00:00,4,12.45
2017-10-18 21:00:00,4,11.19
2017-10-18 22:00:00,4,10.82
2017-10-18 23:00:00,4,8.67
2017-10-19 00:00:00,4,8.25
2017-10-19 01:00:00,4,4.95
2017-10-19 02:00:00,4,5.81
2017-10-19 03:00:00,4,4.82
2017-10-19 04:00:00,4,5.22
2017-10-19 05:00:00,4,5.09
2017-10-19 06:00:00,4,4.96
2017-10-19 07:00:00,4,4.3
2017-10-19 08:00:00,4,7.04
2017-10-19 09:00:00,4,9.24
2017-10-19 10:00:00,4,8.8
2017-10-19 11:00:00,4,9.85
2017-10-19 12:00:00,4,10.76
2017-10-19 13:00:00,4,10.11
2017-10-19 14:00:00,4,9.89
2017-10-19 15:00:00,4,13.82
2017-10-19 16:00:00,4,11.72
2017-10-19 17:00:00,4,11.54
2017-10-19 18:00:00,4,9.96
2017-10-19 19:00:00,4,11.04
2017-10-19 20:00:00,4,10.7
2017-10-19 21:00:00,4,9.07
2017-10-19 22:00:00,4,9.07
2017-10-19 23:00:00,4,7.88
2017-10-20 00:00:00,4,7.3
2017-10-20 01:00:00,4,4.79
2017-10-20 02:00:00,4,5.44
2017-10-20 03:00:00,4,4.01
2017-10-20 04:00:00,4,4.85
2017-10-20 05:00:00,4,4.26
2017-10-20 06:00:00,4,4.95
2017-10-20 07:00:00,4,4.47
2017-10-20 08:00:00,4,5.69
2017-10-20 09:00:00,4,7.48
2017-10-20 10:00:00,4,9.55
2017-10-20 11:00:00,4,9.65
2017-10-20 12:00:00,4,10.7
2017-10-20 13:00:00,4,11.31
2017-10-20 14:00:00,4,10.88
2017-10-20 15:00:00,4,17.05
2017-10-20 16:00:00,4,14.42
2017-10-20 17:00:00,4,13.27
2017-10-20 18:00:00,4,13.23
2017-10-20 19:00:00,4,16.71
2017-10-20 20:00:00,4,17.19
2017-10-20 21:00:00,4,11.1
2017-10-20 22:00:00,4,11.1
2017-10-20 23:00:00,4,8.97
2017-10-21 00:00:00,4,7.72
2017-10-21 01:00:00,4,6.67
2017-10-21 02:00:00,4,5.3
2017-10-21 03:00:00,4,3.6
2017-10-21 04:00:00,4,4.02
2017-10-21 05:00:00,4,3.74
2017-10-21 06:00:00,4,4.75
2017-10-21 07:00:00,4,4.53
2017-10-21 08:00:00,4,4.41
2017-10-21 09:00:00,4,6.28
2017-10-21 10:00:00,4,9.85
2017-10-21 11:00:00,4,9.02
2017-10-21 12:00:00,4,10.2
2017-10-21 13:00:00,4,7.53
2017-10-21 14:00:00,4,10.72
2017-10-21 15:00:00,4,9.22
2017-10-21 16:00:00,4,7.33
2017-10-21 17:00:00,4,8.4
2017-10-21 18:00:00,4,8.28
2017-10-21 19:00:00,4,9.45
2017-10-21 20:00:00,4,9.84
2017-10-21 21:00:00,4,9.55
2017-10-21 22:00:00,4,9.26
2017-10-21 23:00:00,4,8.31
2017-10-22 00:00:00,4,7.88
2017-10-22 01:00:00,4,6.41
2017-10-22 02:00:00,4,5.22
2017-10-22 03:00:00,4,4.05
2017-10-22 04:00:00,4,4.01
2017-10-22 05:00:00,4,3.65
2017-10-22 06:00:00,4,4.68
2017-10-22 07:00:00,4,4.93
2017-10-22 08:00:00,4,5.2
2017-10-22 09:00:00,4,6.81
2017-10-22 10:00:00,4,6.41
2017-10-22 11:00:00,4,7.68
2017-10-22 12:00:00,4,7.56
2017-10-22 13:00:00,4,7.14
2017-10-22 14:00:00,4,7.9
2017-10-22 15:00:00,4,7.7
2017-10-22 16:00:00,4,7.0
2017-10-22 17:00:00,4,6.62
2017-10-22 18:00:00,4,6.52
2017-10-22 19:00:00,4,7.27
2017-10-22 20:00:00,4,8.21
2017-10-22 21:00:00,4,8.08
2017-10-22 22:00:00,4,8.66
2017-10-22 23:00:00,4,6.64
2017-10-23 00:00:00,4,6.29
2017-10-23 01:00:00,4,4.28
2017-10-23 02:00:00,4,5.26
2017-10-23 03:00:00,4,4.64
2017-10-23 04:00:00,4,3.98
2017-10-23 05:00:00,4,4.57
2017-10-23 06:00:00,4,4.14
2017-10-23 07:00:00,4,5.62
2017-10-23 08:00:00,4,5.06
2017-10-23 09:00:00,4,5.69
2017-10-23 10:00:00,4,9.55
2017-10-23 11:00:00,4,9.55
2017-10-23 12:00:00,4,12.32
2017-10-23 13:00:00,4,10.86
2017-10-23 14:00:00,4,10.59
2017-10-23 15:00:00,4,11.92
2017-10-23 16:00:00,4,11.26
2017-10-23 17:00:00,4,11.97
2017-10-23 18:00:00,4,11.47
2017-10-23 19:00:00,4,11.38
2017-10-23 20:00:00,4,9.81
2017-10-23 21:00:00,4,8.89
2017-10-23 22:00:00,4,9.98
2017-10-23 23:00:00,4,9.0
2017-10-24 00:00:00,4,8.35
2017-10-24 01:00:00,4,4.47
2017-10-24 02:00:00,4,5.28
2017-10-24 03:00:00,4,4.46
2017-10-24 04:00:00,4,3.23
2017-10-24 05:00:00,4,3.89
2017-10-24 06:00:00,4,3.74
2017-10-24 07:00:00,4,5.53
2017-10-24 08:00:00,4,5.07
2017-10-24 09:00:00,4,5.44
2017-10-24 10:00:00,4,9.84
2017-10-24 11:00:00,4,10.47
2017-10-24 12:00:00,4,16.43
2017-10-24 13:00:00,4,13.76
2017-10-24 14:00:00,4,12.61
2017-10-24 15:00:00,4,13.11
2017-10-24 16:00:00,4,12.32
2017-10-24 17:00:00,4,12.8
2017-10-24 18:00:00,4,13.05
2017-10-24 19:00:00,4,12.58
2017-10-24 20:00:00,4,10.75
2017-10-24 21:00:00,4,9.39
2017-10-24 22:00:00,4,10.22
2017-10-24 23:00:00,4,9.26
2017-10-25 00:00:00,4,7.03
2017-10-25 01:00:00,4,5.05
2017-10-25 02:00:00,4,4.7
2017-10-25 03:00:00,4,4.37
2017-10-25 04:00:00,4,3.95
2017-10-25 05:00:00,4,4.07
2017-10-25 06:00:00,4,4.26
2017-10-25 07:00:00,4,4.92
2017-10-25 08:00:00,4,6.36
2017-10-25 09:00:00,4,6.44
2017-10-25 10:00:00,4,9.75
2017-10-25 11:00:00,4,10.37
2017-10-25 12:00:00,4,14.52
2017-10-25 13:00:00,4,12.48
2017-10-25 14:00:00,4,12.57
2017-10-25 15:00:00,4,13.73
2017-10-25 16:00:00,4,13.51
2017-10-25 17:00:00,4,13.41
2017-10-25 18:00:00,4,12.98
2017-10-25 19:00:00,4,13.06
2017-10-25 20:00:00,4,12.59
2017-10-25 21:00:00,4,11.19
2017-10-25 22:00:00,4,11.33
2017-10-25 23:00:00,4,10.6
2017-10-26 00:00:00,4,7.23
2017-10-26 01:00:00,4,5.77
2017-10-26 02:00:00,4,5.78
2017-10-26 03:00:00,4,4.78
2017-10-26 04:00:00,4,4.89
2017-10-26 05:00:00,4,5.1
2017-10-26 06:00:00,4,4.99
2017-10-26 07:00:00,4,5.0
2017-10-26 08:00:00,4,6.88
2017-10-26 09:00:00,4,9.76
2017-10-26 10:00:00,4,10.64
2017-10-26 11:00:00,4,11.21
2017-10-26 12:00:00,4,13.66
2017-10-26 13:00:00,4,12.96
2017-10-26 14:00:00,4,13.22
2017-10-26 15:00:00,4,15.71
2017-10-26 16:00:00,4,15.92
2017-10-26 17:00:00,4,15.49
2017-10-26 18:00:00,4,14.55
2017-10-26 19:00:00,4,14.5
2017-10-26 20:00:00,4,12.51
2017-10-26 21:00:00,4,10.37
2017-10-26 22:00:00,4,10.79
2017-10-26 23:00:00,4,10.08
2017-10-27 00:00:00,4,7.51
2017-10-27 01:00:00,4,5.6
2017-10-27 02:00:00,4,5.46
2017-10-27 03:00:00,4,4.65
2017-10-27 04:00:00,4,4.25
2017-10-27 05:00:00,4,4.25
2017-10-27 06:00:00,4,4.17
2017-10-27 07:00:00,4,4.64
2017-10-27 08:00:00,4,4.58
2017-10-27 09:00:00,4,6.62
2017-10-27 10:00:00,4,11.39
2017-10-27 11:00:00,4,12.58
2017-10-27 12:00:00,4,17.11
2017-10-27 13:00:00,4,14.51
2017-10-27 14:00:00,4,13.45
2017-10-27 15:00:00,4,13.65
2017-10-27 16:00:00,4,14.04
2017-10-27 17:00:00,4,14.55
2017-10-27 18:00:00,4,14.88
2017-10-27 19:00:00,4,14.01
2017-10-27 20:00:00,4,15.1
2017-10-27 21:00:00,4,12.95
2017-10-27 22:00:00,4,14.4
2017-10-27 23:00:00,4,11.78
2017-10-28 00:00:00,4,8.19
2017-10-28 01:00:00,4,6.58
2017-10-28 02:00:00,4,5.49
2017-10-28 03:00:00,4,3.93
2017-10-28 04:00:00,4,3.57
2017-10-28 05:00:00,4,4.32
2017-10-28 06:00:00,4,4.54
2017-10-28 07:00:00,4,4.71
2017-10-28 08:00:00,4,4.38
2017-10-28 09:00:00,4,6.03
2017-10-28 10:00:00,4,9.55
2017-10-28 11:00:00,4,9.63
2017-10-28 12:00:00,4,10.49
2017-10-28 13:00:00,4,8.18
2017-10-28 14:00:00,4,10.27
2017-10-28 15:00:00,4,9.09
2017-10-28 16:00:00,4,7.98
2017-10-28 17:00:00,4,8.77
2017-10-28 18:00:00,4,8.92
2017-10-28 19:00:00,4,9.77
2017-10-28 20:00:00,4,11.0
2017-10-28 21:00:00,4,10.22
2017-10-28 22:00:00,4,10.32
2017-10-28 23:00:00,4,8.26
2017-10-29 00:00:00,4,7.5
2017-10-29 01:00:00,4,6.66
2017-10-29 02:00:00,4,5.48
2017-10-29 03:00:00,4,3.88
2017-10-29 04:00:00,4,3.54
2017-10-29 05:00:00,4,3.48
2017-10-29 06:00:00,4,4.39
2017-10-29 07:00:00,4,4.97
2017-10-29 08:00:00,4,4.83
2017-10-29 09:00:00,4,7.32
2017-10-29 10:00:00,4,6.67
2017-10-29 11:00:00,4,8.07
2017-10-29 12:00:00,4,7.84
2017-10-29 13:00:00,4,7.4
2017-10-29 14:00:00,4,7.46
2017-10-29 15:00:00,4,7.64
2017-10-29 16:00:00,4,8.02
2017-10-29 17:00:00,4,7.09
2017-10-29 18:00:00,4,7.37
2017-10-29 19:00:00,4,8.18
2017-10-29 20:00:00,4,9.56
2017-10-29 21:00:00,4,8.68
2017-10-29 22:00:00,4,10.06
2017-10-29 23:00:00,4,7.37
2017-10-30 00:00:00,4,6.97
2017-10-30 01:00:00,4,5.7
2017-10-30 02:00:00,4,4.99
2017-10-30 03:00:00,4,5.02
2017-10-30 04:00:00,4,3.56
2017-10-30 05:00:00,4,4.08
2017-10-30 06:00:00,4,3.68
2017-10-30 07:00:00,4,5.25
2017-10-30 08:00:00,4,4.39
2017-10-30 09:00:00,4,5.88
2017-10-30 10:00:00,4,11.37
2017-10-30 11:00:00,4,13.11
2017-10-30 12:00:00,4,16.8
2017-10-30 13:00:00,4,13.83
2017-10-30 14:00:00,4,12.99
2017-10-30 15:00:00,4,13.75
2017-10-30 16:00:00,4,14.23
2017-10-30 17:00:00,4,14.22
2017-10-30 18:00:00,4,14.72
2017-10-30 19:00:00,4,13.1
2017-10-30 20:00:00,4,16.54
2017-10-30 21:00:00,4,13.78
2017-10-30 22:00:00,4,16.11
2017-10-30 23:00:00,4,12.68
2017-10-31 00:00:00,4,8.71
2017-10-31 01:00:00,4,5.22
2017-10-31 02:00:00,4,5.63
2017-10-31 03:00:00,4,5.12
2017-10-31 04:00:00,4,3.11
2017-10-31 05:00:00,4,3.25
2017-10-31 06:00:00,4,2.87
2017-10-31 07:00:00,4,4.74
2017-10-31 08:00:00,4,4.75
2017-10-31 09:00:00,4,6.45
2017-10-31 10:00:00,4,11.63
2017-10-31 11:00:00,4,13.66
2017-10-31 12:00:00,4,19.33
2017-10-31 13:00:00,4,15.4
2017-10-31 14:00:00,4,14.2
2017-10-31 15:00:00,4,14.33
2017-10-31 16:00:00,4,14.79
2017-10-31 17:00:00,4,14.56
2017-10-31 18:00:00,4,15.13
2017-10-31 19:00:00,4,13.63
2017-10-31 20:00:00,4,17.55
2017-10-31 21:00:00,4,14.59
2017-10-31 22:00:00,4,17.12
2017-10-31 23:00:00,4,13.37
